Unnamed: 0,Year,Month,DayofMonth,DayOfWeek,DepTime,CRSDepTime,ArrTime,CRSArrTime,UniqueCarrier,FlightNum,TailNum,ActualElapsedTime,CRSElapsedTime,AirTime,ArrDelay,DepDelay,Origin,Dest,Distance,TaxiIn,TaxiOut,Cancelled,CancellationCode,Diverted,CarrierDelay,WeatherDelay,NASDelay,SecurityDelay,LateAircraftDelay
0,2008,1,3,4,2003.0,1955,2211.0,2225,WN,335,N712SW,128.0,150.0,116.0,-14.0,8.0,IAD,TPA,810,4.0,8.0,0,N,0,,,,,
1,2008,1,3,4,754.0,735,1002.0,1000,WN,3231,N772SW,128.0,145.0,113.0,2.0,19.0,IAD,TPA,810,5.0,10.0,0,N,0,,,,,
2,2008,1,3,4,628.0,620,804.0,750,WN,448,N428WN,96.0,90.0,76.0,14.0,8.0,IND,BWI,515,3.0,17.0,0,N,0,,,,,
4,2008,1,3,4,1829.0,1755,1959.0,1925,WN,3920,N464WN,90.0,90.0,77.0,34.0,34.0,IND,BWI,515,3.0,10.0,0,N,0,2.0,0.0,0.0,0.0,32.0
5,2008,1,3,4,1940.0,1915,2121.0,2110,WN,378,N726SW,101.0,115.0,87.0,11.0,25.0,IND,JAX,688,4.0,10.0,0,N,0,,,,,
6,2008,1,3,4,1937.0,1830,2037.0,1940,WN,509,N763SW,240.0,250.0,230.0,57.0,67.0,IND,LAS,1591,3.0,7.0,0,N,0,10.0,0.0,0.0,0.0,47.0
10,2008,1,3,4,706.0,700,916.0,915,WN,100,N690SW,130.0,135.0,106.0,1.0,6.0,IND,MCO,828,5.0,19.0,0,N,0,,,,,
11,2008,1,3,4,1644.0,1510,1845.0,1725,WN,1333,N334SW,121.0,135.0,107.0,80.0,94.0,IND,MCO,828,6.0,8.0,0,N,0,8.0,0.0,0.0,0.0,72.0
15,2008,1,3,4,1029.0,1020,1021.0,1010,WN,2272,N263WN,52.0,50.0,37.0,11.0,9.0,IND,MDW,162,6.0,9.0,0,N,0,,,,,
16,2008,1,3,4,1452.0,1425,1640.0,1625,WN,675,N286WN,228.0,240.0,213.0,15.0,27.0,IND,PHX,1489,7.0,8.0,0,N,0,3.0,0.0,0.0,0.0,12.0
17,2008,1,3,4,754.0,745,940.0,955,WN,1144,N778SW,226.0,250.0,205.0,-15.0,9.0,IND,PHX,1489,5.0,16.0,0,N,0,,,,,
18,2008,1,3,4,1323.0,1255,1526.0,1510,WN,4,N674AA,123.0,135.0,110.0,16.0,28.0,IND,TPA,838,4.0,9.0,0,N,0,0.0,0.0,0.0,0.0,16.0
19,2008,1,3,4,1416.0,1325,1512.0,1435,WN,54,N643SW,56.0,70.0,49.0,37.0,51.0,ISP,BWI,220,2.0,5.0,0,N,0,12.0,0.0,0.0,0.0,25.0
21,2008,1,3,4,1657.0,1625,1754.0,1735,WN,623,N724SW,57.0,70.0,47.0,19.0,32.0,ISP,BWI,220,5.0,5.0,0,N,0,7.0,0.0,0.0,0.0,12.0
22,2008,1,3,4,1900.0,1840,1956.0,1950,WN,717,N786SW,56.0,70.0,49.0,6.0,20.0,ISP,BWI,220,2.0,5.0,0,N,0,,,,,
23,2008,1,3,4,1039.0,1030,1133.0,1140,WN,1244,N714CB,54.0,70.0,47.0,-7.0,9.0,ISP,BWI,220,2.0,5.0,0,N,0,,,,,
25,2008,1,3,4,1520.0,1455,1619.0,1605,WN,2553,N394SW,59.0,70.0,50.0,14.0,25.0,ISP,BWI,220,2.0,7.0,0,N,0,,,,,
26,2008,1,3,4,1422.0,1255,1657.0,1610,WN,188,N215WN,155.0,195.0,143.0,47.0,87.0,ISP,FLL,1093,6.0,6.0,0,N,0,40.0,0.0,0.0,0.0,7.0
27,2008,1,3,4,1954.0,1925,2239.0,2235,WN,1754,N243WN,165.0,190.0,155.0,4.0,29.0,ISP,FLL,1093,3.0,7.0,0,N,0,,,,,
30,2008,1,3,4,2107.0,1945,2334.0,2230,WN,362,N798SW,147.0,165.0,134.0,64.0,82.0,ISP,MCO,972,6.0,7.0,0,N,0,5.0,0.0,0.0,0.0,59.0
33,2008,1,3,4,1312.0,1300,1546.0,1550,WN,1397,N247WN,154.0,170.0,140.0,-4.0,12.0,ISP,MCO,972,7.0,7.0,0,N,0,,,,,
34,2008,1,3,4,1449.0,1430,1715.0,1720,WN,3398,N707SA,146.0,170.0,134.0,-5.0,19.0,ISP,MCO,972,6.0,6.0,0,N,0,,,,,
35,2008,1,3,4,1634.0,1555,1859.0,1845,WN,3480,N443WN,145.0,170.0,134.0,14.0,39.0,ISP,MCO,972,5.0,6.0,0,N,0,,,,,
37,2008,1,3,4,1812.0,1650,1927.0,1815,WN,422,N779SW,135.0,145.0,118.0,72.0,82.0,ISP,MDW,765,6.0,11.0,0,N,0,3.0,0.0,0.0,0.0,69.0
38,2008,1,3,4,1127.0,1105,1235.0,1230,WN,1837,N704SW,128.0,145.0,114.0,5.0,22.0,ISP,MDW,765,9.0,5.0,0,N,0,,,,,
39,2008,1,3,4,1424.0,1355,1531.0,1520,WN,2871,N709SW,127.0,145.0,113.0,11.0,29.0,ISP,MDW,765,8.0,6.0,0,N,0,,,,,
40,2008,1,3,4,1326.0,1230,1559.0,1530,WN,1056,N459WN,153.0,180.0,143.0,29.0,56.0,ISP,PBI,1052,5.0,5.0,0,N,0,0.0,0.0,0.0,0.0,29.0
41,2008,1,3,4,1749.0,1725,2019.0,2030,WN,2175,N621SW,150.0,185.0,138.0,-11.0,24.0,ISP,PBI,1052,4.0,8.0,0,N,0,,,,,
42,2008,1,3,4,726.0,720,958.0,1020,WN,3319,N206WN,152.0,180.0,140.0,-22.0,6.0,ISP,PBI,1052,4.0,8.0,0,N,0,,,,,
43,2008,1,3,4,646.0,640,929.0,955,WN,3667,N280WN,163.0,195.0,151.0,-26.0,6.0,ISP,RSW,1101,3.0,9.0,0,N,0,,,,,
44,2008,1,3,4,1153.0,1140,1428.0,1440,WN,2006,N241WN,155.0,180.0,143.0,-12.0,13.0,ISP,TPA,1034,4.0,8.0,0,N,0,,,,,
45,2008,1,3,4,1528.0,1510,1802.0,1810,WN,3858,N200WN,154.0,180.0,144.0,-8.0,18.0,ISP,TPA,1034,4.0,6.0,0,N,0,,,,,
48,2008,1,3,4,1450.0,1435,1806.0,1745,WN,3244,N475WN,136.0,130.0,121.0,21.0,15.0,JAN,BWI,888,7.0,8.0,0,N,0,0.0,0.0,6.0,0.0,15.0
49,2008,1,3,4,2245.0,1730,2354.0,1850,WN,186,N792SW,69.0,80.0,59.0,304.0,315.0,JAN,HOU,359,3.0,7.0,0,N,0,282.0,0.0,0.0,0.0,22.0
52,2008,1,3,4,2025.0,1940,2135.0,2100,WN,3154,N252WN,70.0,80.0,60.0,35.0,45.0,JAN,HOU,359,3.0,7.0,0,N,0,26.0,0.0,0.0,0.0,9.0
53,2008,1,3,4,1038.0,945,1314.0,1225,WN,1035,N346SW,96.0,100.0,81.0,49.0,53.0,JAN,MCO,587,8.0,7.0,0,N,0,7.0,0.0,0.0,0.0,42.0
54,2008,1,3,4,1900.0,1850,2123.0,2045,WN,205,N299WN,143.0,115.0,97.0,38.0,10.0,JAN,MDW,666,40.0,6.0,0,N,0,1.0,0.0,28.0,0.0,9.0
56,2008,1,3,4,948.0,925,959.0,940,WN,3430,N487WN,71.0,75.0,59.0,19.0,23.0,JAX,BHM,365,3.0,9.0,0,N,0,0.0,0.0,0.0,0.0,19.0
57,2008,1,3,4,646.0,620,725.0,655,WN,1580,N243WN,99.0,95.0,77.0,30.0,26.0,JAX,BNA,484,6.0,16.0,0,N,0,26.0,0.0,4.0,0.0,0.0
58,2008,1,3,4,1110.0,1040,1136.0,1110,WN,2195,N479WN,86.0,90.0,72.0,26.0,30.0,JAX,BNA,484,5.0,9.0,0,N,0,0.0,0.0,0.0,10.0,16.0
64,2008,1,3,4,2139.0,2130,2244.0,2240,WN,378,N726SW,65.0,70.0,54.0,4.0,9.0,JAX,FLL,318,3.0,8.0,0,N,0,,,,,
69,2008,1,3,4,1738.0,1730,1841.0,1840,WN,3948,N467WN,63.0,70.0,49.0,1.0,8.0,JAX,FLL,318,6.0,8.0,0,N,0,,,,,
70,2008,1,3,4,1813.0,1735,1936.0,1905,WN,54,N643SW,143.0,150.0,125.0,31.0,38.0,JAX,HOU,816,6.0,12.0,0,N,0,11.0,0.0,0.0,0.0,20.0
71,2008,1,3,4,802.0,750,1001.0,955,WN,2272,N263WN,119.0,125.0,104.0,6.0,12.0,JAX,IND,688,7.0,8.0,0,N,0,,,,,
74,2008,1,3,4,1734.0,1650,1941.0,1905,WN,23,N521SW,127.0,135.0,113.0,36.0,44.0,JAX,PHL,742,4.0,10.0,0,N,0,3.0,0.0,0.0,0.0,33.0
75,2008,1,3,4,712.0,700,926.0,915,WN,1232,N663SW,134.0,135.0,120.0,11.0,12.0,JAX,PHL,742,5.0,9.0,0,N,0,,,,,
76,2008,1,3,4,1318.0,1310,1410.0,1400,WN,977,N376SW,52.0,50.0,39.0,10.0,8.0,JAX,TPA,180,4.0,9.0,0,N,0,,,,,
77,2008,1,3,4,958.0,900,1052.0,950,WN,1574,N791SW,54.0,50.0,36.0,62.0,58.0,JAX,TPA,180,4.0,14.0,0,N,0,0.0,0.0,4.0,0.0,58.0
78,2008,1,3,4,1859.0,1850,1950.0,1945,WN,2019,N392SW,51.0,55.0,38.0,5.0,9.0,JAX,TPA,180,4.0,9.0,0,N,0,,,,,
79,2008,1,3,4,1538.0,1445,1753.0,1710,WN,500,N799SW,75.0,85.0,60.0,43.0,53.0,LAS,ABQ,487,4.0,11.0,0,N,0,15.0,0.0,0.0,0.0,28.0
81,2008,1,3,4,2248.0,2125,102.0,2345,WN,890,N618WN,74.0,80.0,60.0,77.0,83.0,LAS,ABQ,487,4.0,10.0,0,N,0,7.0,0.0,0.0,0.0,70.0
82,2008,1,3,4,1327.0,1230,1550.0,1500,WN,1171,N682SW,83.0,90.0,65.0,50.0,57.0,LAS,ABQ,487,3.0,15.0,0,N,0,50.0,0.0,0.0,0.0,0.0
84,2008,1,3,4,1614.0,1600,1833.0,1825,WN,1925,N509SW,79.0,85.0,60.0,8.0,14.0,LAS,ABQ,487,4.0,15.0,0,N,0,,,,,
86,2008,1,3,4,1832.0,1655,148.0,30,WN,302,N473WN,256.0,275.0,243.0,78.0,97.0,LAS,ALB,2237,3.0,10.0,0,N,0,8.0,0.0,0.0,0.0,70.0
87,2008,1,3,4,1229.0,1155,1633.0,1555,WN,1079,N351SW,124.0,120.0,91.0,38.0,34.0,LAS,AMA,758,5.0,28.0,0,N,0,3.0,0.0,4.0,0.0,31.0
88,2008,1,3,4,1256.0,1240,1724.0,1720,WN,155,N238WN,148.0,160.0,131.0,4.0,16.0,LAS,AUS,1090,3.0,14.0,0,N,0,,,,,
89,2008,1,3,4,2118.0,2015,144.0,50,WN,2021,N499WN,146.0,155.0,127.0,54.0,63.0,LAS,AUS,1090,5.0,14.0,0,N,0,23.0,0.0,0.0,0.0,31.0
90,2008,1,3,4,905.0,850,1334.0,1330,WN,3222,N309SW,149.0,160.0,135.0,4.0,15.0,LAS,AUS,1090,4.0,10.0,0,N,0,,,,,
91,2008,1,3,4,1739.0,1640,114.0,25,WN,1018,N245WN,275.0,285.0,253.0,49.0,59.0,LAS,BDL,2298,9.0,13.0,0,N,0,19.0,0.0,0.0,0.0,30.0
94,2008,1,3,4,1325.0,1240,1841.0,1810,WN,419,N275WN,196.0,210.0,178.0,31.0,45.0,LAS,BNA,1588,6.0,12.0,0,N,0,2.0,0.0,0.0,0.0,29.0
95,2008,1,3,4,1506.0,1440,2030.0,2010,WN,2032,N271WN,204.0,210.0,183.0,20.0,26.0,LAS,BNA,1588,6.0,15.0,0,N,0,18.0,0.0,0.0,0.0,2.0
96,2008,1,3,4,2039.0,1930,155.0,55,WN,3940,N434WN,196.0,205.0,177.0,60.0,69.0,LAS,BNA,1588,5.0,14.0,0,N,0,0.0,0.0,22.0,0.0,38.0
98,2008,1,3,4,1611.0,1535,1849.0,1825,WN,538,N619SW,98.0,110.0,73.0,24.0,36.0,LAS,BOI,520,3.0,22.0,0,N,0,9.0,0.0,0.0,0.0,15.0
99,2008,1,3,4,1824.0,1715,117.0,25,WN,2383,N290WN,233.0,250.0,221.0,52.0,69.0,LAS,BUF,1987,2.0,10.0,0,N,0,48.0,0.0,0.0,0.0,4.0
101,2008,1,3,4,2118.0,2015,2224.0,2115,WN,219,N383SW,66.0,60.0,46.0,69.0,63.0,LAS,BUR,223,3.0,17.0,0,N,0,17.0,0.0,6.0,0.0,46.0
102,2008,1,3,4,1818.0,1740,1916.0,1840,WN,391,N608SW,58.0,60.0,46.0,36.0,38.0,LAS,BUR,223,2.0,10.0,0,N,0,20.0,0.0,0.0,0.0,16.0
104,2008,1,3,4,2146.0,2055,2250.0,2155,WN,815,N626SW,64.0,60.0,48.0,55.0,51.0,LAS,BUR,223,3.0,13.0,0,N,0,4.0,0.0,4.0,0.0,47.0
105,2008,1,3,4,2241.0,1910,2340.0,2010,WN,1072,N369SW,59.0,60.0,43.0,210.0,211.0,LAS,BUR,223,3.0,13.0,0,N,0,114.0,0.0,0.0,0.0,96.0
106,2008,1,3,4,1409.0,1355,1513.0,1500,WN,1328,N396SW,64.0,65.0,50.0,13.0,14.0,LAS,BUR,223,2.0,12.0,0,N,0,,,,,
107,2008,1,3,4,1100.0,1050,1157.0,1155,WN,1586,N293,57.0,65.0,46.0,2.0,10.0,LAS,BUR,223,2.0,9.0,0,N,0,,,,,
108,2008,1,3,4,1306.0,1250,1406.0,1355,WN,1838,N509SW,60.0,65.0,47.0,11.0,16.0,LAS,BUR,223,2.0,11.0,0,N,0,,,,,
109,2008,1,3,4,1726.0,1630,1832.0,1740,WN,2284,N409WN,66.0,70.0,46.0,52.0,56.0,LAS,BUR,223,2.0,18.0,0,N,0,1.0,0.0,0.0,0.0,51.0
111,2008,1,3,4,1229.0,1220,1342.0,1325,WN,2874,N695SW,73.0,65.0,47.0,17.0,9.0,LAS,BUR,223,2.0,24.0,0,N,0,9.0,0.0,8.0,0.0,0.0
113,2008,1,3,4,908.0,845,1628.0,1610,WN,1774,N220WN,260.0,265.0,244.0,18.0,23.0,LAS,BWI,2106,6.0,10.0,0,N,0,18.0,0.0,0.0,0.0,0.0
114,2008,1,3,4,1817.0,1730,122.0,50,WN,2632,N784SW,245.0,260.0,230.0,32.0,47.0,LAS,BWI,2106,5.0,10.0,0,N,0,7.0,0.0,0.0,0.0,25.0
116,2008,1,3,4,956.0,945,1658.0,1645,WN,818,N244WN,242.0,240.0,213.0,13.0,11.0,LAS,CLE,1825,8.0,21.0,0,N,0,,,,,
117,2008,1,3,4,1849.0,1740,121.0,30,WN,564,N455WN,212.0,230.0,195.0,51.0,69.0,LAS,CMH,1772,2.0,15.0,0,N,0,10.0,0.0,0.0,0.0,41.0
118,2008,1,3,4,1210.0,1200,1905.0,1850,WN,991,N297WN,235.0,230.0,201.0,15.0,10.0,LAS,CMH,1772,6.0,28.0,0,N,0,10.0,0.0,5.0,0.0,0.0
120,2008,1,3,4,1047.0,1030,1328.0,1320,WN,157,N481WN,101.0,110.0,79.0,8.0,17.0,LAS,DEN,629,9.0,13.0,0,N,0,,,,,
121,2008,1,3,4,2232.0,2115,108.0,5,WN,632,N203WN,96.0,110.0,77.0,63.0,77.0,LAS,DEN,629,6.0,13.0,0,N,0,0.0,0.0,7.0,0.0,56.0
122,2008,1,3,4,1512.0,1315,1802.0,1610,WN,706,N491WN,110.0,115.0,88.0,112.0,117.0,LAS,DEN,629,8.0,14.0,0,N,0,0.0,0.0,0.0,0.0,112.0
123,2008,1,3,4,2025.0,1955,2301.0,2245,WN,908,N480WN,96.0,110.0,78.0,16.0,30.0,LAS,DEN,629,6.0,12.0,0,N,0,7.0,0.0,0.0,0.0,9.0
124,2008,1,3,4,1439.0,1425,1720.0,1720,WN,1582,N318SW,101.0,115.0,85.0,0.0,14.0,LAS,DEN,629,7.0,9.0,0,N,0,,,,,
125,2008,1,3,4,1627.0,1600,1916.0,1900,WN,2907,N647SW,109.0,120.0,80.0,16.0,27.0,LAS,DEN,629,8.0,21.0,0,N,0,2.0,0.0,0.0,0.0,14.0
126,2008,1,3,4,1745.0,1710,2017.0,1945,WN,2192,N313SW,92.0,95.0,78.0,32.0,35.0,LAS,ELP,584,2.0,12.0,0,N,0,10.0,0.0,0.0,0.0,22.0
127,2008,1,3,4,1049.0,1040,1320.0,1320,WN,2280,N352SW,91.0,100.0,73.0,0.0,9.0,LAS,ELP,584,3.0,15.0,0,N,0,,,,,
128,2008,1,3,4,1117.0,1050,1325.0,1325,WN,1636,N321SW,128.0,155.0,116.0,0.0,27.0,LAS,GEG,806,3.0,9.0,0,N,0,,,,,
129,2008,1,3,4,1725.0,1620,1940.0,1850,WN,2803,N660SW,135.0,150.0,116.0,50.0,65.0,LAS,GEG,806,4.0,15.0,0,N,0,50.0,0.0,0.0,0.0,0.0
130,2008,1,3,4,1824.0,1735,2303.0,2230,WN,719,N414WN,159.0,175.0,143.0,33.0,49.0,LAS,HOU,1235,3.0,13.0,0,N,0,12.0,0.0,0.0,0.0,21.0
131,2008,1,3,4,1150.0,1140,1644.0,1640,WN,1776,N408WN,174.0,180.0,147.0,4.0,10.0,LAS,HOU,1235,3.0,24.0,0,N,0,,,,,
132,2008,1,3,4,749.0,740,1227.0,1235,WN,3244,N475WN,158.0,175.0,146.0,-8.0,9.0,LAS,HOU,1235,3.0,9.0,0,N,0,,,,,
133,2008,1,3,4,2051.0,2010,134.0,55,WN,3746,N321SW,163.0,165.0,150.0,39.0,41.0,LAS,HOU,1235,4.0,9.0,0,N,0,17.0,0.0,0.0,0.0,22.0
134,2008,1,3,4,1555.0,1525,2307.0,2245,WN,1027,N230WN,252.0,260.0,232.0,22.0,30.0,LAS,IAD,2066,7.0,13.0,0,N,0,6.0,0.0,0.0,0.0,16.0
135,2008,1,3,4,2255.0,1820,509.0,55,WN,1924,N761RR,194.0,215.0,176.0,254.0,275.0,LAS,IND,1591,9.0,9.0,0,N,0,0.0,0.0,0.0,8.0,246.0
136,2008,1,3,4,1129.0,1050,1757.0,1725,WN,3920,N464WN,208.0,215.0,179.0,32.0,39.0,LAS,IND,1591,8.0,21.0,0,N,0,32.0,0.0,0.0,0.0,0.0
137,2008,1,3,4,1602.0,1510,2357.0,2255,WN,3144,N272WN,295.0,285.0,269.0,62.0,52.0,LAS,ISP,2283,4.0,22.0,0,N,0,13.0,0.0,10.0,0.0,39.0
138,2008,1,3,4,1738.0,1715,1838.0,1820,WN,82,N499WN,60.0,65.0,42.0,18.0,23.0,LAS,LAX,236,6.0,12.0,0,N,0,0.0,0.0,0.0,12.0,6.0
139,2008,1,3,4,2207.0,2150,2306.0,2255,WN,135,N244WN,59.0,65.0,40.0,11.0,17.0,LAS,LAX,236,7.0,12.0,0,N,0,,,,,
140,2008,1,3,4,1851.0,1825,2004.0,1930,WN,317,N335SW,73.0,65.0,41.0,34.0,26.0,LAS,LAX,236,16.0,16.0,0,N,0,18.0,0.0,8.0,0.0,8.0
141,2008,1,3,4,701.0,645,802.0,745,WN,337,N488WN,61.0,60.0,42.0,17.0,16.0,LAS,LAX,236,7.0,12.0,0,N,0,16.0,0.0,1.0,0.0,0.0
142,2008,1,3,4,1556.0,1455,1704.0,1600,WN,354,N496WN,68.0,65.0,41.0,64.0,61.0,LAS,LAX,236,9.0,18.0,0,N,0,61.0,0.0,3.0,0.0,0.0
145,2008,1,3,4,1540.0,1525,1648.0,1630,WN,1061,N422WN,68.0,65.0,47.0,18.0,15.0,LAS,LAX,236,5.0,16.0,0,N,0,10.0,0.0,3.0,0.0,5.0
147,2008,1,3,4,1228.0,1200,1340.0,1310,WN,1928,N792SW,72.0,70.0,43.0,30.0,28.0,LAS,LAX,236,7.0,22.0,0,N,0,0.0,0.0,2.0,0.0,28.0
148,2008,1,3,4,2047.0,2005,2209.0,2115,WN,2367,N352SW,82.0,70.0,45.0,54.0,42.0,LAS,LAX,236,7.0,30.0,0,N,0,15.0,0.0,12.0,0.0,27.0
149,2008,1,3,4,2158.0,2120,2303.0,2225,WN,2896,N335SW,65.0,65.0,44.0,38.0,38.0,LAS,LAX,236,11.0,10.0,0,N,0,13.0,0.0,0.0,0.0,25.0
152,2008,1,3,4,1147.0,1100,1541.0,1500,WN,2382,N404WN,114.0,120.0,90.0,41.0,47.0,LAS,LBB,775,4.0,20.0,0,N,0,25.0,0.0,0.0,0.0,16.0
153,2008,1,3,4,859.0,850,1343.0,1345,WN,565,N787SA,164.0,175.0,148.0,-2.0,9.0,LAS,LIT,1295,4.0,12.0,0,N,0,,,,,
154,2008,1,3,4,1140.0,1110,1537.0,1510,WN,43,N617SW,117.0,120.0,95.0,27.0,30.0,LAS,MAF,796,2.0,20.0,0,N,0,27.0,0.0,0.0,0.0,0.0
155,2008,1,3,4,1226.0,1210,1721.0,1700,WN,213,N302SW,175.0,170.0,139.0,21.0,16.0,LAS,MCI,1140,4.0,32.0,0,N,0,1.0,0.0,5.0,0.0,15.0
156,2008,1,3,4,2118.0,2005,154.0,50,WN,411,N763SW,156.0,165.0,131.0,64.0,73.0,LAS,MCI,1140,7.0,18.0,0,N,0,14.0,0.0,0.0,0.0,50.0
157,2008,1,3,4,2003.0,1905,26.0,2350,WN,1004,N676SW,143.0,165.0,130.0,36.0,58.0,LAS,MCI,1140,5.0,8.0,0,N,0,4.0,0.0,0.0,0.0,32.0
158,2008,1,3,4,1622.0,1510,2059.0,2000,WN,1405,N775SW,157.0,170.0,130.0,59.0,72.0,LAS,MCI,1140,4.0,23.0,0,N,0,59.0,0.0,0.0,0.0,0.0
160,2008,1,3,4,1003.0,940,1441.0,1430,WN,3068,N449WN,158.0,170.0,136.0,11.0,23.0,LAS,MCI,1140,5.0,17.0,0,N,0,,,,,
161,2008,1,3,4,1319.0,1300,2033.0,2025,WN,380,N444WN,254.0,265.0,234.0,8.0,19.0,LAS,MCO,2039,6.0,14.0,0,N,0,,,,,
162,2008,1,3,4,1506.0,1500,2122.0,2030,WN,74,N764SW,256.0,210.0,177.0,52.0,6.0,LAS,MDW,1521,62.0,17.0,0,N,0,6.0,0.0,46.0,0.0,0.0
165,2008,1,3,4,1424.0,1415,1941.0,1945,WN,396,N407WN,197.0,210.0,177.0,-4.0,9.0,LAS,MDW,1521,8.0,12.0,0,N,0,,,,,
166,2008,1,3,4,1211.0,1145,1750.0,1720,WN,693,N232WN,219.0,215.0,175.0,30.0,26.0,LAS,MDW,1521,23.0,21.0,0,N,0,0.0,0.0,4.0,0.0,26.0
167,2008,1,3,4,814.0,755,1334.0,1320,WN,823,N725SW,200.0,205.0,181.0,14.0,19.0,LAS,MDW,1521,6.0,13.0,0,N,0,,,,,
169,2008,1,3,4,1708.0,1700,2214.0,2230,WN,1865,N745SW,186.0,210.0,169.0,-16.0,8.0,LAS,MDW,1521,6.0,11.0,0,N,0,,,,,
170,2008,1,3,4,1919.0,1845,31.0,5,WN,2025,N740SW,192.0,200.0,171.0,26.0,34.0,LAS,MDW,1521,8.0,13.0,0,N,0,4.0,0.0,0.0,0.0,22.0
171,2008,1,3,4,1945.0,1815,52.0,2335,WN,2450,N405WN,187.0,200.0,168.0,77.0,90.0,LAS,MDW,1521,8.0,11.0,0,N,0,13.0,0.0,0.0,0.0,64.0
172,2008,1,3,4,2057.0,1930,202.0,50,WN,2794,N468WN,185.0,200.0,171.0,72.0,87.0,LAS,MDW,1521,7.0,7.0,0,N,0,60.0,0.0,0.0,0.0,12.0
173,2008,1,3,4,1354.0,1310,1907.0,1845,WN,3232,N201LV,193.0,215.0,177.0,22.0,44.0,LAS,MDW,1521,6.0,10.0,0,N,0,4.0,0.0,0.0,0.0,18.0
174,2008,1,3,4,1703.0,1645,33.0,35,WN,767,N222WN,270.0,290.0,257.0,-2.0,18.0,LAS,MHT,2356,4.0,9.0,0,N,0,,,,,
176,2008,1,3,4,1903.0,1825,5.0,2340,WN,3327,N282WN,182.0,195.0,166.0,25.0,38.0,LAS,MSY,1501,4.0,12.0,0,N,0,3.0,0.0,0.0,0.0,22.0
179,2008,1,3,4,1354.0,1345,1525.0,1520,WN,127,N784SW,91.0,95.0,74.0,5.0,9.0,LAS,OAK,407,4.0,13.0,0,N,0,,,,,
180,2008,1,3,4,1944.0,1740,2110.0,1915,WN,223,N223WN,86.0,95.0,72.0,115.0,124.0,LAS,OAK,407,5.0,9.0,0,N,0,21.0,0.0,0.0,0.0,94.0
181,2008,1,3,4,1251.0,1205,1425.0,1345,WN,237,N281WN,94.0,100.0,76.0,40.0,46.0,LAS,OAK,407,3.0,15.0,0,N,0,2.0,0.0,0.0,0.0,38.0
182,2008,1,3,4,1548.0,1505,1728.0,1635,WN,280,N460WN,100.0,90.0,78.0,53.0,43.0,LAS,OAK,407,4.0,18.0,0,N,0,14.0,0.0,10.0,0.0,29.0
184,2008,1,3,4,2216.0,2125,2348.0,2255,WN,900,N679AA,92.0,90.0,78.0,53.0,51.0,LAS,OAK,407,4.0,10.0,0,N,0,11.0,0.0,2.0,0.0,40.0
185,2008,1,3,4,2010.0,1900,2203.0,2030,WN,962,N378SW,113.0,90.0,77.0,93.0,70.0,LAS,OAK,407,28.0,8.0,0,N,0,45.0,0.0,23.0,0.0,25.0
186,2008,1,3,4,1433.0,1420,1608.0,1555,WN,1011,N248WN,95.0,95.0,79.0,13.0,13.0,LAS,OAK,407,4.0,12.0,0,N,0,,,,,
187,2008,1,3,4,935.0,925,1106.0,1055,WN,1258,N774SW,91.0,90.0,71.0,11.0,10.0,LAS,OAK,407,3.0,17.0,0,N,0,,,,,
189,2008,1,3,4,2035.0,2020,2209.0,2150,WN,3135,N695SW,94.0,90.0,81.0,19.0,15.0,LAS,OAK,407,3.0,10.0,0,N,0,15.0,0.0,4.0,0.0,0.0
191,2008,1,3,4,1152.0,1145,1616.0,1605,WN,86,N627SW,144.0,140.0,116.0,11.0,7.0,LAS,OKC,987,4.0,24.0,0,N,0,,,,,
192,2008,1,3,4,1435.0,1315,1859.0,1755,WN,479,N622SW,144.0,160.0,132.0,64.0,80.0,LAS,OMA,1099,3.0,9.0,0,N,0,38.0,0.0,0.0,0.0,26.0
193,2008,1,3,4,2049.0,1920,106.0,2355,WN,875,N217JC,137.0,155.0,125.0,71.0,89.0,LAS,OMA,1099,2.0,10.0,0,N,0,32.0,0.0,0.0,0.0,39.0
196,2008,1,3,4,2015.0,1945,2101.0,2040,WN,725,N259WN,46.0,55.0,34.0,21.0,30.0,LAS,ONT,197,4.0,8.0,0,N,0,3.0,0.0,0.0,0.0,18.0
199,2008,1,3,4,1102.0,1030,1152.0,1125,WN,906,N301SW,50.0,55.0,36.0,27.0,32.0,LAS,ONT,197,3.0,11.0,0,N,0,27.0,0.0,0.0,0.0,0.0
200,2008,1,3,4,2218.0,2120,2308.0,2210,WN,1493,N356SW,50.0,50.0,36.0,58.0,58.0,LAS,ONT,197,5.0,9.0,0,N,0,0.0,0.0,20.0,0.0,38.0
201,2008,1,3,4,851.0,835,938.0,930,WN,1670,N742SW,47.0,55.0,34.0,8.0,16.0,LAS,ONT,197,5.0,8.0,0,N,0,,,,,
202,2008,1,3,4,1230.0,1215,1331.0,1310,WN,2018,N313SW,61.0,55.0,36.0,21.0,15.0,LAS,ONT,197,4.0,21.0,0,N,0,0.0,0.0,6.0,0.0,15.0
203,2008,1,3,4,1838.0,1800,1930.0,1855,WN,2730,N273WN,52.0,55.0,32.0,35.0,38.0,LAS,ONT,197,3.0,17.0,0,N,0,0.0,0.0,0.0,0.0,35.0
204,2008,1,3,4,1358.0,1330,1449.0,1425,WN,3070,N660SW,51.0,55.0,37.0,24.0,28.0,LAS,ONT,197,4.0,10.0,0,N,0,4.0,0.0,0.0,0.0,20.0
205,2008,1,3,4,1757.0,1655,108.0,25,WN,156,N466WN,251.0,270.0,237.0,43.0,62.0,LAS,ORF,2155,4.0,10.0,0,N,0,13.0,0.0,0.0,0.0,30.0
206,2008,1,3,4,1816.0,1755,2022.0,2015,WN,700,N678AA,126.0,140.0,112.0,7.0,21.0,LAS,PDX,762,4.0,10.0,0,N,0,,,,,
208,2008,1,3,4,1328.0,1255,1549.0,1520,WN,2354,N258WN,141.0,145.0,106.0,29.0,33.0,LAS,PDX,762,22.0,13.0,0,N,0,24.0,0.0,0.0,0.0,5.0
209,2008,1,3,4,2134.0,2040,2343.0,2300,WN,2550,N608SW,129.0,140.0,112.0,43.0,54.0,LAS,PDX,762,3.0,14.0,0,N,0,12.0,0.0,0.0,0.0,31.0
210,2008,1,3,4,1127.0,1045,1856.0,1835,WN,1285,N435WN,269.0,290.0,245.0,21.0,42.0,LAS,PHL,2176,5.0,19.0,0,N,0,18.0,0.0,0.0,0.0,3.0
211,2008,1,3,4,1720.0,1700,41.0,45,WN,1843,N484WN,261.0,285.0,244.0,-4.0,20.0,LAS,PHL,2176,4.0,13.0,0,N,0,,,,,
213,2008,1,3,4,712.0,705,932.0,915,WN,243,N228WN,80.0,70.0,49.0,17.0,7.0,LAS,PHX,256,7.0,24.0,0,N,0,0.0,0.0,10.0,0.0,7.0
214,2008,1,3,4,1327.0,1320,1533.0,1530,WN,287,N747SA,66.0,70.0,50.0,3.0,7.0,LAS,PHX,256,5.0,11.0,0,N,0,,,,,
215,2008,1,3,4,1817.0,1810,2016.0,2015,WN,504,N338SW,59.0,65.0,47.0,1.0,7.0,LAS,PHX,256,4.0,8.0,0,N,0,,,,,
216,2008,1,3,4,1807.0,1740,2011.0,1950,WN,559,N603SW,64.0,70.0,49.0,21.0,27.0,LAS,PHX,256,5.0,10.0,0,N,0,2.0,0.0,0.0,0.0,19.0
217,2008,1,3,4,1712.0,1545,1914.0,1750,WN,668,N221WN,62.0,65.0,48.0,84.0,87.0,LAS,PHX,256,4.0,10.0,0,N,0,6.0,0.0,0.0,0.0,78.0
219,2008,1,3,4,1134.0,1110,1343.0,1315,WN,781,N378SW,69.0,65.0,46.0,28.0,24.0,LAS,PHX,256,8.0,15.0,0,N,0,9.0,0.0,4.0,0.0,15.0
222,2008,1,3,4,2156.0,2110,2353.0,2310,WN,1403,N258WN,57.0,60.0,43.0,43.0,46.0,LAS,PHX,256,5.0,9.0,0,N,0,2.0,0.0,0.0,0.0,41.0
223,2008,1,3,4,2140.0,2040,2334.0,2240,WN,1682,N281WN,54.0,60.0,40.0,54.0,60.0,LAS,PHX,256,3.0,11.0,0,N,0,2.0,0.0,0.0,0.0,52.0
225,2008,1,3,4,1521.0,1450,1725.0,1655,WN,2726,N777QC,64.0,65.0,46.0,30.0,31.0,LAS,PHX,256,5.0,13.0,0,N,0,16.0,0.0,0.0,0.0,14.0
226,2008,1,3,4,2100.0,1945,2255.0,2150,WN,2991,N752SW,55.0,65.0,43.0,65.0,75.0,LAS,PHX,256,4.0,8.0,0,N,0,48.0,0.0,0.0,0.0,17.0
227,2008,1,3,4,1657.0,1630,1905.0,1845,WN,3517,N487WN,68.0,75.0,49.0,20.0,27.0,LAS,PHX,256,5.0,14.0,0,N,0,2.0,0.0,0.0,0.0,18.0
228,2008,1,3,4,926.0,915,1129.0,1120,WN,3598,N790SW,63.0,65.0,44.0,9.0,11.0,LAS,PHX,256,5.0,14.0,0,N,0,,,,,
230,2008,1,3,4,1825.0,1745,114.0,50,WN,512,N794SW,229.0,245.0,210.0,24.0,40.0,LAS,PIT,1910,6.0,13.0,0,N,0,10.0,0.0,0.0,0.0,14.0
231,2008,1,3,4,927.0,915,1631.0,1620,WN,594,N715SW,244.0,245.0,218.0,11.0,12.0,LAS,PIT,1910,7.0,19.0,0,N,0,,,,,
232,2008,1,3,4,1630.0,1600,23.0,2350,WN,416,N401WN,293.0,290.0,266.0,33.0,30.0,LAS,PVD,2363,4.0,23.0,0,N,0,6.0,0.0,3.0,0.0,24.0
233,2008,1,3,4,1136.0,1120,1852.0,1840,WN,170,N448WN,256.0,260.0,231.0,12.0,16.0,LAS,RDU,2027,6.0,19.0,0,N,0,,,,,
234,2008,1,3,4,1824.0,1725,121.0,45,WN,1509,N403WN,237.0,260.0,222.0,36.0,59.0,LAS,RDU,2027,2.0,13.0,0,N,0,27.0,0.0,0.0,0.0,9.0
235,2008,1,3,4,1716.0,1630,1830.0,1755,WN,239,N267WN,74.0,85.0,60.0,35.0,46.0,LAS,RNO,345,4.0,10.0,0,N,0,11.0,0.0,0.0,0.0,24.0
236,2008,1,3,4,1928.0,1855,2034.0,2015,WN,298,N450WN,66.0,80.0,54.0,19.0,33.0,LAS,RNO,345,4.0,8.0,0,N,0,9.0,0.0,0.0,0.0,10.0
238,2008,1,3,4,1741.0,1730,1905.0,1850,WN,675,N286WN,84.0,80.0,57.0,15.0,11.0,LAS,RNO,345,14.0,13.0,0,N,0,0.0,0.0,4.0,0.0,11.0
239,2008,1,3,4,1609.0,1540,1732.0,1700,WN,709,N428WN,83.0,80.0,55.0,32.0,29.0,LAS,RNO,345,7.0,21.0,0,N,0,26.0,0.0,3.0,0.0,3.0
240,2008,1,3,4,913.0,840,1029.0,955,WN,891,N400WN,76.0,75.0,61.0,34.0,33.0,LAS,RNO,345,3.0,12.0,0,N,0,8.0,0.0,1.0,0.0,25.0
241,2008,1,3,4,2215.0,2200,2334.0,2315,WN,1341,N442WN,79.0,75.0,57.0,19.0,15.0,LAS,RNO,345,4.0,18.0,0,N,0,6.0,0.0,4.0,0.0,9.0
242,2008,1,3,4,2137.0,2040,2251.0,2155,WN,2273,N286WN,74.0,75.0,56.0,56.0,57.0,LAS,RNO,345,4.0,14.0,0,N,0,0.0,0.0,0.0,0.0,56.0
244,2008,1,3,4,1100.0,1020,1210.0,1145,WN,2719,N466WN,70.0,85.0,54.0,25.0,40.0,LAS,RNO,345,4.0,12.0,0,N,0,0.0,0.0,1.0,0.0,24.0
245,2008,1,3,4,1313.0,1255,1437.0,1415,WN,3430,N487WN,84.0,80.0,57.0,22.0,18.0,LAS,RNO,345,4.0,23.0,0,N,0,8.0,0.0,4.0,0.0,10.0
246,2008,1,3,4,1415.0,1350,1527.0,1510,WN,3835,N610WN,72.0,80.0,56.0,17.0,25.0,LAS,RNO,345,4.0,12.0,0,N,0,9.0,0.0,0.0,0.0,8.0
248,2008,1,3,4,1348.0,1330,1455.0,1435,WN,341,N315SW,67.0,65.0,51.0,20.0,18.0,LAS,SAN,258,2.0,14.0,0,N,0,8.0,0.0,2.0,0.0,10.0
250,2008,1,3,4,2140.0,2050,2240.0,2150,WN,708,N692SW,60.0,60.0,45.0,50.0,50.0,LAS,SAN,258,3.0,12.0,0,N,0,21.0,0.0,0.0,0.0,29.0
252,2008,1,3,4,1643.0,1625,1751.0,1735,WN,715,N902WN,68.0,70.0,46.0,16.0,18.0,LAS,SAN,258,4.0,18.0,0,N,0,4.0,0.0,0.0,0.0,12.0
253,2008,1,3,4,946.0,940,1045.0,1045,WN,1037,N734SA,59.0,65.0,46.0,0.0,6.0,LAS,SAN,258,2.0,11.0,0,N,0,,,,,
254,2008,1,3,4,1915.0,1905,2016.0,2005,WN,1254,N490WN,61.0,60.0,44.0,11.0,10.0,LAS,SAN,258,4.0,13.0,0,N,0,,,,,
255,2008,1,3,4,1839.0,1740,1945.0,1840,WN,2186,N692SW,66.0,60.0,44.0,65.0,59.0,LAS,SAN,258,4.0,18.0,0,N,0,5.0,0.0,6.0,0.0,54.0
256,2008,1,3,4,2207.0,2125,2307.0,2225,WN,2211,N646SW,60.0,60.0,49.0,42.0,42.0,LAS,SAN,258,3.0,8.0,0,N,0,17.0,0.0,0.0,0.0,25.0
257,2008,1,3,4,1503.0,1425,1604.0,1530,WN,2357,N414WN,61.0,65.0,48.0,34.0,38.0,LAS,SAN,258,3.0,10.0,0,N,0,9.0,0.0,0.0,0.0,25.0
258,2008,1,3,4,1613.0,1515,1727.0,1615,WN,2363,N405WN,74.0,60.0,47.0,72.0,58.0,LAS,SAN,258,3.0,24.0,0,N,0,0.0,0.0,19.0,0.0,53.0
259,2008,1,3,4,2248.0,2155,2346.0,2255,WN,2449,N454WN,58.0,60.0,45.0,51.0,53.0,LAS,SAN,258,3.0,10.0,0,N,0,12.0,0.0,0.0,0.0,39.0
261,2008,1,3,4,1118.0,1110,1225.0,1215,WN,3423,N298WN,67.0,65.0,50.0,10.0,8.0,LAS,SAN,258,3.0,14.0,0,N,0,,,,,
262,2008,1,3,4,1456.0,1445,1920.0,1920,WN,120,N277WN,144.0,155.0,126.0,0.0,11.0,LAS,SAT,1069,4.0,14.0,0,N,0,,,,,
263,2008,1,3,4,2022.0,1935,36.0,5,WN,802,N902WN,134.0,150.0,122.0,31.0,47.0,LAS,SAT,1069,2.0,10.0,0,N,0,23.0,0.0,0.0,0.0,8.0
264,2008,1,3,4,1049.0,1040,1509.0,1510,WN,2113,N350SW,140.0,150.0,127.0,-1.0,9.0,LAS,SAT,1069,4.0,9.0,0,N,0,,,,,
266,2008,1,3,4,1831.0,1810,110.0,45,WN,495,N768SW,219.0,215.0,192.0,25.0,21.0,LAS,SDF,1624,9.0,18.0,0,N,0,18.0,0.0,4.0,0.0,3.0
267,2008,1,3,4,1704.0,1645,1929.0,1930,WN,340,N634SW,145.0,165.0,129.0,-1.0,19.0,LAS,SEA,866,7.0,9.0,0,N,0,,,,,
268,2008,1,3,4,2017.0,2005,2241.0,2245,WN,563,N285WN,144.0,160.0,129.0,-4.0,12.0,LAS,SEA,866,5.0,10.0,0,N,0,,,,,
270,2008,1,3,4,1117.0,1050,1330.0,1330,WN,2465,N431WN,133.0,160.0,119.0,0.0,27.0,LAS,SEA,866,7.0,7.0,0,N,0,,,,,
271,2008,1,3,4,1426.0,1355,1605.0,1530,WN,488,N615SW,99.0,95.0,75.0,35.0,31.0,LAS,SFO,414,3.0,21.0,0,N,0,0.0,0.0,22.0,0.0,13.0
272,2008,1,3,4,1009.0,910,1148.0,1045,WN,619,N491WN,99.0,95.0,76.0,63.0,59.0,LAS,SFO,414,3.0,20.0,0,N,0,0.0,0.0,54.0,0.0,9.0
273,2008,1,3,4,2021.0,1700,2303.0,1835,WN,2005,N302SW,162.0,95.0,73.0,268.0,201.0,LAS,SFO,414,4.0,85.0,0,N,0,192.0,0.0,67.0,0.0,9.0
274,2008,1,3,4,2025.0,1905,2208.0,2040,WN,2788,N602SW,103.0,95.0,88.0,88.0,80.0,LAS,SFO,414,4.0,11.0,0,N,0,0.0,0.0,63.0,0.0,25.0
276,2008,1,3,4,2301.0,2105,59.0,2240,WN,3061,N447WN,118.0,95.0,98.0,139.0,116.0,LAS,SFO,414,4.0,16.0,0,N,0,0.0,0.0,131.0,0.0,8.0
277,2008,1,3,4,1518.0,1215,1646.0,1350,WN,3575,N492WN,88.0,95.0,72.0,176.0,183.0,LAS,SFO,414,4.0,12.0,0,N,0,0.0,0.0,176.0,0.0,0.0
278,2008,1,3,4,1307.0,1235,1432.0,1400,WN,12,N361SW,85.0,85.0,71.0,32.0,32.0,LAS,SJC,386,4.0,10.0,0,N,0,4.0,0.0,0.0,0.0,28.0
280,2008,1,3,4,2017.0,1945,2144.0,2105,WN,400,N429WN,87.0,80.0,70.0,39.0,32.0,LAS,SJC,386,4.0,13.0,0,N,0,2.0,0.0,7.0,0.0,30.0
282,2008,1,3,4,2114.0,2040,2241.0,2200,WN,774,N437WN,87.0,80.0,69.0,41.0,34.0,LAS,SJC,386,8.0,10.0,0,N,0,34.0,0.0,7.0,0.0,0.0
283,2008,1,3,4,1605.0,1520,1739.0,1645,WN,783,N306SW,94.0,85.0,68.0,54.0,45.0,LAS,SJC,386,5.0,21.0,0,N,0,10.0,0.0,9.0,0.0,35.0
286,2008,1,3,4,1734.0,1655,1857.0,1820,WN,3844,N446WN,83.0,85.0,66.0,37.0,39.0,LAS,SJC,386,5.0,12.0,0,N,0,9.0,0.0,0.0,0.0,28.0
287,2008,1,3,4,1139.0,1100,1408.0,1320,WN,161,N455WN,89.0,80.0,54.0,48.0,39.0,LAS,SLC,368,6.0,29.0,0,N,0,39.0,0.0,9.0,0.0,0.0
288,2008,1,3,4,2104.0,1905,2314.0,2120,WN,415,N395SW,70.0,75.0,58.0,114.0,119.0,LAS,SLC,368,2.0,10.0,0,N,0,25.0,0.0,0.0,0.0,89.0
289,2008,1,3,4,919.0,830,1132.0,1050,WN,643,N756SA,73.0,80.0,55.0,42.0,49.0,LAS,SLC,368,4.0,14.0,0,N,0,3.0,0.0,0.0,0.0,39.0
290,2008,1,3,4,2113.0,2050,2328.0,2305,WN,1166,N351SW,75.0,75.0,58.0,23.0,23.0,LAS,SLC,368,3.0,14.0,0,N,0,4.0,0.0,0.0,0.0,19.0
291,2008,1,3,4,1712.0,1555,1935.0,1820,WN,1585,N766SW,83.0,85.0,62.0,75.0,77.0,LAS,SLC,368,4.0,17.0,0,N,0,0.0,0.0,6.0,0.0,69.0
292,2008,1,3,4,1419.0,1355,1627.0,1615,WN,1660,N613SW,68.0,80.0,55.0,12.0,24.0,LAS,SLC,368,2.0,11.0,0,N,0,,,,,
293,2008,1,3,4,2242.0,2140,54.0,2355,WN,2533,N385SW,72.0,75.0,55.0,59.0,62.0,LAS,SLC,368,4.0,13.0,0,N,0,0.0,0.0,10.0,0.0,49.0
295,2008,1,3,4,1949.0,1910,2110.0,2035,WN,94,N715SW,81.0,85.0,66.0,35.0,39.0,LAS,SMF,397,5.0,10.0,0,N,0,25.0,0.0,0.0,0.0,10.0
296,2008,1,3,4,1409.0,1350,1539.0,1520,WN,584,N324SW,90.0,90.0,74.0,19.0,19.0,LAS,SMF,397,6.0,10.0,0,N,0,19.0,0.0,0.0,0.0,0.0
298,2008,1,3,4,1821.0,1730,1946.0,1855,WN,641,N626SW,85.0,85.0,67.0,51.0,51.0,LAS,SMF,397,6.0,12.0,0,N,0,9.0,0.0,0.0,0.0,42.0
299,2008,1,3,4,916.0,905,1046.0,1035,WN,2121,N632SW,90.0,90.0,68.0,11.0,11.0,LAS,SMF,397,4.0,18.0,0,N,0,,,,,
300,2008,1,3,4,1134.0,1115,1302.0,1250,WN,2622,N445WN,88.0,95.0,66.0,12.0,19.0,LAS,SMF,397,5.0,17.0,0,N,0,,,,,
301,2008,1,3,4,1527.0,1515,1648.0,1645,WN,3053,N418WN,81.0,90.0,68.0,3.0,12.0,LAS,SMF,397,4.0,9.0,0,N,0,,,,,
302,2008,1,3,4,2115.0,2100,2236.0,2225,WN,3862,N640SW,81.0,85.0,64.0,11.0,15.0,LAS,SMF,397,4.0,13.0,0,N,0,,,,,
305,2008,1,3,4,1917.0,1820,2014.0,1925,WN,433,N264LV,57.0,65.0,40.0,49.0,57.0,LAS,SNA,226,7.0,10.0,0,N,0,16.0,0.0,0.0,0.0,33.0
306,2008,1,3,4,1125.0,1010,1224.0,1110,WN,1016,N765SW,59.0,60.0,45.0,74.0,75.0,LAS,SNA,226,5.0,9.0,0,N,0,9.0,0.0,0.0,0.0,65.0
309,2008,1,3,4,1143.0,1050,1641.0,1600,WN,773,N472WN,178.0,190.0,151.0,41.0,53.0,LAS,STL,1372,3.0,24.0,0,N,0,2.0,0.0,0.0,0.0,39.0
310,2008,1,3,4,1558.0,1530,2049.0,2040,WN,1050,N212WN,171.0,190.0,150.0,9.0,28.0,LAS,STL,1372,4.0,17.0,0,N,0,,,,,
311,2008,1,3,4,1940.0,1855,29.0,2355,WN,1583,N600WN,169.0,180.0,157.0,34.0,45.0,LAS,STL,1372,3.0,9.0,0,N,0,22.0,0.0,0.0,0.0,12.0
312,2008,1,3,4,1820.0,1725,112.0,35,WN,3403,N737JW,232.0,250.0,217.0,37.0,55.0,LAS,TPA,1984,5.0,10.0,0,N,0,29.0,0.0,0.0,0.0,8.0
313,2008,1,3,4,1143.0,1035,1621.0,1505,WN,574,N314SW,158.0,150.0,126.0,76.0,68.0,LAS,TUL,1076,3.0,29.0,0,N,0,0.0,0.0,14.0,0.0,62.0
314,2008,1,3,4,2211.0,2115,17.0,2330,WN,486,N264LV,66.0,75.0,53.0,47.0,56.0,LAS,TUS,365,4.0,9.0,0,N,0,5.0,0.0,0.0,0.0,42.0
315,2008,1,3,4,1821.0,1725,2032.0,1940,WN,637,N342SW,71.0,75.0,56.0,52.0,56.0,LAS,TUS,365,4.0,11.0,0,N,0,24.0,0.0,0.0,0.0,28.0
317,2008,1,3,4,1341.0,1320,1556.0,1535,WN,1918,N267WN,75.0,75.0,55.0,21.0,21.0,LAS,TUS,365,3.0,17.0,0,N,0,8.0,0.0,0.0,0.0,13.0
318,2008,1,3,4,2108.0,2030,2313.0,2240,WN,3142,N446WN,65.0,70.0,53.0,33.0,38.0,LAS,TUS,365,4.0,8.0,0,N,0,8.0,0.0,0.0,0.0,25.0
319,2008,1,3,4,1118.0,1050,1333.0,1305,WN,3572,N489WN,75.0,75.0,54.0,28.0,28.0,LAS,TUS,365,3.0,18.0,0,N,0,0.0,0.0,0.0,0.0,28.0
320,2008,1,3,4,1735.0,1710,2010.0,1955,WN,230,N364SW,95.0,105.0,81.0,15.0,25.0,LAX,ABQ,677,4.0,10.0,0,N,0,0.0,0.0,4.0,0.0,11.0
321,2008,1,3,4,2105.0,2025,2342.0,2310,WN,361,N690SW,97.0,105.0,82.0,32.0,40.0,LAX,ABQ,677,6.0,9.0,0,N,0,0.0,0.0,11.0,0.0,21.0
322,2008,1,3,4,1328.0,1315,1611.0,1600,WN,397,N424WN,103.0,105.0,80.0,11.0,13.0,LAX,ABQ,677,18.0,5.0,0,N,0,,,,,
324,2008,1,3,4,1024.0,1015,1504.0,1505,WN,304,N326SW,160.0,170.0,148.0,-1.0,9.0,LAX,AUS,1242,5.0,7.0,0,N,0,,,,,
326,2008,1,3,4,1632.0,1540,2207.0,2125,WN,1107,N708SA,215.0,225.0,203.0,42.0,52.0,LAX,BNA,1797,4.0,8.0,0,N,0,0.0,0.0,18.0,0.0,24.0
327,2008,1,3,4,1327.0,1255,1902.0,1840,WN,1324,N249WN,215.0,225.0,200.0,22.0,32.0,LAX,BNA,1797,4.0,11.0,0,N,0,10.0,0.0,0.0,0.0,12.0
328,2008,1,3,4,1330.0,1320,1609.0,1615,WN,330,N236WN,99.0,115.0,86.0,-6.0,10.0,LAX,ELP,714,3.0,10.0,0,N,0,,,,,
329,2008,1,3,4,1925.0,1735,2201.0,2025,WN,1671,N684WN,96.0,110.0,85.0,96.0,110.0,LAX,ELP,714,3.0,8.0,0,N,0,5.0,0.0,0.0,0.0,91.0
330,2008,1,3,4,1005.0,945,1250.0,1235,WN,2635,N335SW,105.0,110.0,88.0,15.0,20.0,LAX,ELP,714,3.0,14.0,0,N,0,7.0,0.0,0.0,0.0,8.0
332,2008,1,3,4,1742.0,1625,2231.0,2125,WN,528,N496WN,169.0,180.0,157.0,66.0,77.0,LAX,HOU,1390,4.0,8.0,0,N,0,11.0,0.0,0.0,0.0,55.0
334,2008,1,3,4,2020.0,1935,109.0,35,WN,3394,N667SW,169.0,180.0,159.0,34.0,45.0,LAX,HOU,1390,3.0,7.0,0,N,0,6.0,0.0,0.0,0.0,28.0
335,2008,1,3,4,1501.0,1425,1554.0,1530,WN,416,N401WN,53.0,65.0,41.0,24.0,36.0,LAX,LAS,236,4.0,8.0,0,N,0,18.0,0.0,0.0,0.0,6.0
336,2008,1,3,4,1205.0,1135,1313.0,1240,WN,479,N622SW,68.0,65.0,47.0,33.0,30.0,LAX,LAS,236,3.0,18.0,0,N,0,16.0,0.0,3.0,0.0,14.0
337,2008,1,3,4,1652.0,1640,1748.0,1745,WN,495,N768SW,56.0,65.0,41.0,3.0,12.0,LAX,LAS,236,8.0,7.0,0,N,0,,,,,
338,2008,1,3,4,922.0,855,1102.0,1000,WN,574,N314SW,100.0,65.0,44.0,62.0,27.0,LAX,LAS,236,4.0,52.0,0,N,0,13.0,0.0,35.0,0.0,14.0
339,2008,1,3,4,1835.0,1740,1931.0,1840,WN,1004,N676SW,56.0,60.0,42.0,51.0,55.0,LAX,LAS,236,6.0,8.0,0,N,0,0.0,0.0,4.0,0.0,47.0
340,2008,1,3,4,1027.0,1015,1151.0,1120,WN,1079,N351SW,84.0,65.0,43.0,31.0,12.0,LAX,LAS,236,22.0,19.0,0,N,0,11.0,0.0,19.0,0.0,1.0
343,2008,1,3,4,1910.0,1845,2026.0,1950,WN,2021,N499WN,76.0,65.0,42.0,36.0,25.0,LAX,LAS,236,25.0,9.0,0,N,0,7.0,0.0,11.0,0.0,18.0
345,2008,1,3,4,2109.0,2100,2212.0,2205,WN,2202,N758SW,63.0,65.0,41.0,7.0,9.0,LAX,LAS,236,4.0,18.0,0,N,0,,,,,
346,2008,1,3,4,2237.0,2140,2335.0,2245,WN,2454,N352SW,58.0,65.0,47.0,50.0,57.0,LAX,LAS,236,3.0,8.0,0,N,0,3.0,0.0,0.0,0.0,47.0
347,2008,1,3,4,2025.0,1955,2120.0,2055,WN,2809,N335SW,55.0,60.0,43.0,25.0,30.0,LAX,LAS,236,4.0,8.0,0,N,0,0.0,0.0,0.0,0.0,25.0
348,2008,1,3,4,1423.0,1335,1519.0,1440,WN,3144,N272WN,56.0,65.0,42.0,39.0,48.0,LAX,LAS,236,5.0,9.0,0,N,0,11.0,0.0,0.0,0.0,28.0
349,2008,1,3,4,1337.0,1310,1825.0,1825,WN,321,N742SW,168.0,195.0,154.0,0.0,27.0,LAX,MCI,1363,5.0,9.0,0,N,0,,,,,
350,2008,1,3,4,1142.0,1125,1626.0,1640,WN,1668,N262WN,164.0,195.0,156.0,-14.0,17.0,LAX,MCI,1363,3.0,5.0,0,N,0,,,,,
351,2008,1,3,4,1928.0,1835,22.0,2345,WN,2208,N632SW,174.0,190.0,159.0,37.0,53.0,LAX,MCI,1363,6.0,9.0,0,N,0,17.0,0.0,0.0,0.0,20.0
353,2008,1,3,4,1713.0,1625,2242.0,2215,WN,108,N550WN,209.0,230.0,192.0,27.0,48.0,LAX,MDW,1750,7.0,10.0,0,N,0,5.0,0.0,0.0,0.0,22.0
355,2008,1,3,4,1255.0,1240,1825.0,1835,WN,245,N730SW,210.0,235.0,201.0,-10.0,15.0,LAX,MDW,1750,4.0,5.0,0,N,0,,,,,
356,2008,1,3,4,1453.0,1445,2130.0,2040,WN,771,N486WN,277.0,235.0,202.0,50.0,8.0,LAX,MDW,1750,64.0,11.0,0,N,0,0.0,0.0,42.0,0.0,8.0
357,2008,1,3,4,1001.0,945,1550.0,1540,WN,1014,N494WN,229.0,235.0,201.0,10.0,16.0,LAX,MDW,1750,21.0,7.0,0,N,0,,,,,
359,2008,1,3,4,1831.0,1755,1.0,2350,WN,3588,N732SW,210.0,235.0,195.0,11.0,36.0,LAX,MDW,1750,6.0,9.0,0,N,0,,,,,
360,2008,1,3,4,1030.0,1000,1142.0,1115,WN,184,N473WN,72.0,75.0,62.0,27.0,30.0,LAX,OAK,337,3.0,7.0,0,N,0,0.0,0.0,0.0,0.0,27.0
361,2008,1,3,4,2004.0,1900,2127.0,2015,WN,303,N683SW,83.0,75.0,66.0,72.0,64.0,LAX,OAK,337,4.0,13.0,0,N,0,0.0,0.0,13.0,0.0,59.0
362,2008,1,3,4,923.0,900,1114.0,1015,WN,418,N631SW,111.0,75.0,63.0,59.0,23.0,LAX,OAK,337,4.0,44.0,0,N,0,0.0,0.0,36.0,0.0,23.0
363,2008,1,3,4,1419.0,1400,1534.0,1515,WN,420,N268WN,75.0,75.0,65.0,19.0,19.0,LAX,OAK,337,4.0,6.0,0,N,0,12.0,0.0,0.0,0.0,7.0
364,2008,1,3,4,1522.0,1500,1638.0,1615,WN,430,N752SW,76.0,75.0,65.0,23.0,22.0,LAX,OAK,337,5.0,6.0,0,N,0,7.0,0.0,1.0,0.0,15.0
365,2008,1,3,4,1803.0,1730,1933.0,1845,WN,440,N720WN,90.0,75.0,67.0,48.0,33.0,LAX,OAK,337,5.0,18.0,0,N,0,6.0,0.0,15.0,0.0,27.0
366,2008,1,3,4,2146.0,2100,2304.0,2215,WN,724,N342SW,78.0,75.0,65.0,49.0,46.0,LAX,OAK,337,4.0,9.0,0,N,0,0.0,0.0,3.0,0.0,46.0
367,2008,1,3,4,2001.0,1930,2118.0,2045,WN,810,N648SW,77.0,75.0,64.0,33.0,31.0,LAX,OAK,337,4.0,9.0,0,N,0,0.0,0.0,2.0,0.0,31.0
368,2008,1,3,4,1827.0,1800,1945.0,1915,WN,829,N476WN,78.0,75.0,63.0,30.0,27.0,LAX,OAK,337,4.0,11.0,0,N,0,0.0,0.0,3.0,0.0,27.0
369,2008,1,3,4,1904.0,1830,2019.0,1945,WN,1026,N224WN,75.0,75.0,64.0,34.0,34.0,LAX,OAK,337,6.0,5.0,0,N,0,0.0,0.0,0.0,0.0,34.0
370,2008,1,3,4,1450.0,1430,1607.0,1545,WN,1032,N489WN,77.0,75.0,64.0,22.0,20.0,LAX,OAK,337,5.0,8.0,0,N,0,0.0,0.0,2.0,0.0,20.0
371,2008,1,3,4,1722.0,1700,1836.0,1815,WN,1061,N422WN,74.0,75.0,63.0,21.0,22.0,LAX,OAK,337,4.0,7.0,0,N,0,4.0,0.0,0.0,0.0,17.0
372,2008,1,3,4,1820.0,1630,1943.0,1745,WN,1135,N304SW,83.0,75.0,71.0,118.0,110.0,LAX,OAK,337,4.0,8.0,0,N,0,0.0,0.0,8.0,3.0,107.0
374,2008,1,3,4,1623.0,1600,1753.0,1715,WN,1168,N361SW,90.0,75.0,70.0,38.0,23.0,LAX,OAK,337,13.0,7.0,0,N,0,0.0,0.0,15.0,0.0,23.0
375,2008,1,3,4,2008.0,2000,2136.0,2115,WN,1414,N402WN,88.0,75.0,67.0,21.0,8.0,LAX,OAK,337,5.0,16.0,0,N,0,5.0,0.0,13.0,0.0,3.0
378,2008,1,3,4,808.0,800,921.0,915,WN,2639,N693SW,73.0,75.0,62.0,6.0,8.0,LAX,OAK,337,3.0,8.0,0,N,0,,,,,
379,2008,1,3,4,1206.0,1200,1328.0,1315,WN,3655,N465WN,82.0,75.0,63.0,13.0,6.0,LAX,OAK,337,4.0,15.0,0,N,0,,,,,
381,2008,1,3,4,1609.0,1600,1819.0,1815,WN,90,N609SW,70.0,75.0,56.0,4.0,9.0,LAX,PHX,370,5.0,9.0,0,N,0,,,,,
382,2008,1,3,4,1811.0,1725,2016.0,1940,WN,109,N269WN,65.0,75.0,52.0,36.0,46.0,LAX,PHX,370,6.0,7.0,0,N,0,5.0,0.0,0.0,0.0,31.0
385,2008,1,3,4,1851.0,1830,2059.0,2045,WN,314,N229WN,68.0,75.0,59.0,14.0,21.0,LAX,PHX,370,3.0,6.0,0,N,0,,,,,
386,2008,1,3,4,2020.0,1905,2225.0,2115,WN,386,N718SW,65.0,70.0,56.0,70.0,75.0,LAX,PHX,370,4.0,5.0,0,N,0,0.0,0.0,0.0,0.0,70.0
387,2008,1,3,4,1204.0,1150,1407.0,1405,WN,463,N342SW,63.0,75.0,53.0,2.0,14.0,LAX,PHX,370,3.0,7.0,0,N,0,,,,,
388,2008,1,3,4,2116.0,2040,2318.0,2250,WN,520,N283WN,62.0,70.0,53.0,28.0,36.0,LAX,PHX,370,3.0,6.0,0,N,0,5.0,0.0,0.0,0.0,23.0
389,2008,1,3,4,1556.0,1440,1804.0,1655,WN,746,N637SW,68.0,75.0,52.0,69.0,76.0,LAX,PHX,370,4.0,12.0,0,N,0,69.0,0.0,0.0,0.0,0.0
390,2008,1,3,4,1040.0,1005,1241.0,1220,WN,1058,N202WN,61.0,75.0,50.0,21.0,35.0,LAX,PHX,370,4.0,7.0,0,N,0,15.0,0.0,0.0,0.0,6.0
391,2008,1,3,4,940.0,920,1149.0,1135,WN,1155,N288WN,69.0,75.0,52.0,14.0,20.0,LAX,PHX,370,6.0,11.0,0,N,0,,,,,
392,2008,1,3,4,1419.0,1335,1624.0,1550,WN,2015,N792SW,65.0,75.0,53.0,34.0,44.0,LAX,PHX,370,3.0,9.0,0,N,0,11.0,0.0,0.0,0.0,23.0
394,2008,1,3,4,1738.0,1720,1848.0,1835,WN,225,N283WN,70.0,75.0,58.0,13.0,18.0,LAX,RNO,390,4.0,8.0,0,N,0,,,,,
395,2008,1,3,4,853.0,845,1000.0,1005,WN,1844,N313SW,67.0,80.0,56.0,-5.0,8.0,LAX,RNO,390,5.0,6.0,0,N,0,,,,,
396,2008,1,3,4,1422.0,1400,1532.0,1520,WN,2360,N618WN,70.0,80.0,60.0,12.0,22.0,LAX,RNO,390,3.0,7.0,0,N,0,,,,,
397,2008,1,3,4,1159.0,1150,1635.0,1635,WN,2624,N693SW,156.0,165.0,141.0,0.0,9.0,LAX,SAT,1210,3.0,12.0,0,N,0,,,,,
400,2008,1,3,4,2321.0,1955,38.0,2115,WN,593,N901WN,77.0,80.0,65.0,203.0,206.0,LAX,SFO,337,6.0,6.0,0,N,0,0.0,0.0,203.0,0.0,0.0
402,2008,1,3,4,2008.0,1805,2139.0,1930,WN,646,N738CB,91.0,85.0,70.0,129.0,123.0,LAX,SFO,337,5.0,16.0,0,N,0,0.0,24.0,6.0,0.0,99.0
403,2008,1,3,4,1625.0,1430,1748.0,1550,WN,656,N738CB,83.0,80.0,67.0,118.0,115.0,LAX,SFO,337,3.0,13.0,0,N,0,0.0,0.0,5.0,0.0,113.0
404,2008,1,3,4,1305.0,1050,1421.0,1210,WN,680,N738CB,76.0,80.0,63.0,131.0,135.0,LAX,SFO,337,5.0,8.0,0,N,0,0.0,0.0,131.0,0.0,0.0
405,2008,1,3,4,1558.0,1245,1709.0,1405,WN,776,N901WN,71.0,80.0,60.0,184.0,193.0,LAX,SFO,337,7.0,4.0,0,N,0,184.0,0.0,0.0,0.0,0.0
406,2008,1,3,4,1600.0,1455,1714.0,1600,WN,173,N331SW,74.0,65.0,54.0,74.0,65.0,LAX,SJC,308,5.0,15.0,0,N,0,14.0,0.0,9.0,0.0,51.0
407,2008,1,3,4,1556.0,1525,1705.0,1630,WN,232,N740SW,69.0,65.0,53.0,35.0,31.0,LAX,SJC,308,3.0,13.0,0,N,0,0.0,0.0,18.0,0.0,17.0
408,2008,1,3,4,2056.0,2000,2203.0,2105,WN,343,N687SW,67.0,65.0,56.0,58.0,56.0,LAX,SJC,308,5.0,6.0,0,N,0,21.0,0.0,2.0,0.0,35.0
410,2008,1,3,4,1159.0,1130,1259.0,1235,WN,769,N608SW,60.0,65.0,48.0,24.0,29.0,LAX,SJC,308,5.0,7.0,0,N,0,0.0,0.0,9.0,0.0,15.0
411,2008,1,3,4,2140.0,2035,2249.0,2140,WN,1113,N731SA,69.0,65.0,54.0,69.0,65.0,LAX,SJC,308,6.0,9.0,0,N,0,0.0,12.0,4.0,0.0,53.0
412,2008,1,3,4,1455.0,1425,1557.0,1530,WN,1609,N676SW,62.0,65.0,49.0,27.0,30.0,LAX,SJC,308,5.0,8.0,0,N,0,23.0,0.0,0.0,0.0,4.0
414,2008,1,3,4,1925.0,1825,2024.0,1930,WN,2359,N385SW,59.0,65.0,49.0,54.0,60.0,LAX,SJC,308,3.0,7.0,0,N,0,0.0,0.0,6.0,0.0,48.0
417,2008,1,3,4,1311.0,1240,1414.0,1350,WN,2820,N647SW,63.0,70.0,53.0,24.0,31.0,LAX,SJC,308,4.0,6.0,0,N,0,7.0,0.0,0.0,0.0,17.0
418,2008,1,3,4,1014.0,1000,1120.0,1105,WN,2969,N642WN,66.0,65.0,51.0,15.0,14.0,LAX,SJC,308,4.0,11.0,0,N,0,5.0,0.0,1.0,0.0,9.0
419,2008,1,3,4,1709.0,1700,1815.0,1805,WN,3149,N415WN,66.0,65.0,55.0,10.0,9.0,LAX,SJC,308,4.0,7.0,0,N,0,,,,,
420,2008,1,3,4,1357.0,1330,1626.0,1615,WN,554,N626SW,89.0,105.0,79.0,11.0,27.0,LAX,SLC,590,3.0,7.0,0,N,0,,,,,
421,2008,1,3,4,1114.0,1045,1347.0,1330,WN,963,N311SW,93.0,105.0,80.0,17.0,29.0,LAX,SLC,590,3.0,10.0,0,N,0,4.0,0.0,0.0,0.0,13.0
423,2008,1,3,4,2117.0,2010,2355.0,2255,WN,1485,N605SW,98.0,105.0,84.0,60.0,67.0,LAX,SLC,590,4.0,10.0,0,N,0,0.0,0.0,1.0,0.0,59.0
424,2008,1,3,4,1742.0,1650,2021.0,1935,WN,2899,N671SW,99.0,105.0,82.0,46.0,52.0,LAX,SLC,590,4.0,13.0,0,N,0,8.0,0.0,0.0,0.0,38.0
425,2008,1,3,4,1108.0,1100,1226.0,1220,WN,92,N226WN,78.0,80.0,59.0,6.0,8.0,LAX,SMF,373,5.0,14.0,0,N,0,,,,,
426,2008,1,3,4,821.0,810,936.0,930,WN,337,N488WN,75.0,80.0,59.0,6.0,11.0,LAX,SMF,373,5.0,11.0,0,N,0,,,,,
427,2008,1,3,4,2013.0,1910,2121.0,2025,WN,1015,N384SW,68.0,75.0,58.0,56.0,63.0,LAX,SMF,373,3.0,7.0,0,N,0,0.0,0.0,0.0,0.0,56.0
429,2008,1,3,4,949.0,900,1103.0,1020,WN,1486,N613SW,74.0,80.0,61.0,43.0,49.0,LAX,SMF,373,5.0,8.0,0,N,0,40.0,0.0,0.0,0.0,3.0
430,2008,1,3,4,2215.0,2125,2321.0,2245,WN,2437,N225WN,66.0,80.0,58.0,36.0,50.0,LAX,SMF,373,3.0,5.0,0,N,0,1.0,0.0,0.0,0.0,35.0
431,2008,1,3,4,1524.0,1505,1634.0,1620,WN,2720,N629SW,70.0,75.0,59.0,14.0,19.0,LAX,SMF,373,4.0,7.0,0,N,0,,,,,
432,2008,1,3,4,1441.0,1350,1549.0,1510,WN,2985,N727SW,68.0,80.0,56.0,39.0,51.0,LAX,SMF,373,4.0,8.0,0,N,0,8.0,0.0,0.0,0.0,31.0
433,2008,1,3,4,1743.0,1715,1853.0,1830,WN,3155,N449WN,70.0,75.0,59.0,23.0,28.0,LAX,SMF,373,4.0,7.0,0,N,0,8.0,0.0,0.0,0.0,15.0
434,2008,1,3,4,2049.0,2035,2204.0,2155,WN,3584,N416WN,75.0,80.0,62.0,9.0,14.0,LAX,SMF,373,6.0,7.0,0,N,0,,,,,
435,2008,1,3,4,1725.0,1655,2238.0,2225,WN,71,N312SW,193.0,210.0,179.0,13.0,30.0,LAX,STL,1593,4.0,10.0,0,N,0,,,,,
436,2008,1,3,4,1356.0,1345,1608.0,1600,WN,75,N283WN,72.0,75.0,60.0,8.0,11.0,LAX,TUS,451,3.0,9.0,0,N,0,,,,,
437,2008,1,3,4,2005.0,1850,2219.0,2105,WN,1044,N306SW,74.0,75.0,61.0,74.0,75.0,LAX,TUS,451,3.0,10.0,0,N,0,0.0,0.0,0.0,0.0,74.0
440,2008,1,3,4,1052.0,1040,1301.0,1300,WN,3831,N451WN,69.0,80.0,60.0,1.0,12.0,LAX,TUS,451,4.0,5.0,0,N,0,,,,,
441,2008,1,3,4,2110.0,2040,2326.0,2300,WN,3939,N654SW,76.0,80.0,61.0,26.0,30.0,LAX,TUS,451,5.0,10.0,0,N,0,0.0,0.0,0.0,0.0,26.0
443,2008,1,3,4,1825.0,1745,1921.0,1850,WN,555,N506SW,56.0,65.0,47.0,31.0,40.0,LBB,AUS,341,4.0,5.0,0,N,0,4.0,0.0,0.0,0.0,27.0
446,2008,1,3,4,1016.0,1010,1119.0,1110,WN,21,N501SW,63.0,60.0,49.0,9.0,6.0,LBB,DAL,293,3.0,11.0,0,N,0,,,,,
447,2008,1,3,4,1402.0,1340,1501.0,1440,WN,35,N520SW,59.0,60.0,50.0,21.0,22.0,LBB,DAL,293,2.0,7.0,0,N,0,3.0,0.0,0.0,0.0,18.0
448,2008,1,3,4,1652.0,1640,1748.0,1740,WN,141,N370SW,56.0,60.0,48.0,8.0,12.0,LBB,DAL,293,3.0,5.0,0,N,0,,,,,
450,2008,1,3,4,1825.0,1815,1923.0,1915,WN,1312,N501SW,58.0,60.0,47.0,8.0,10.0,LBB,DAL,293,5.0,6.0,0,N,0,,,,,
451,2008,1,3,4,1606.0,1525,1705.0,1625,WN,2382,N404WN,59.0,60.0,50.0,40.0,41.0,LBB,DAL,293,3.0,6.0,0,N,0,0.0,0.0,0.0,0.0,40.0
455,2008,1,3,4,1654.0,1550,2006.0,1900,WN,438,N309SW,132.0,130.0,121.0,66.0,64.0,LIT,BWI,912,3.0,8.0,0,N,0,6.0,0.0,2.0,0.0,58.0
457,2008,1,3,4,1516.0,1500,1614.0,1605,WN,41,N240WN,58.0,65.0,49.0,9.0,16.0,LIT,DAL,296,3.0,6.0,0,N,0,,,,,
458,2008,1,3,4,1752.0,1705,1854.0,1810,WN,49,N502SW,62.0,65.0,49.0,44.0,47.0,LIT,DAL,296,4.0,9.0,0,N,0,0.0,0.0,0.0,0.0,44.0
459,2008,1,3,4,1251.0,1235,1348.0,1340,WN,700,N678AA,57.0,65.0,48.0,8.0,16.0,LIT,DAL,296,3.0,6.0,0,N,0,,,,,
460,2008,1,3,4,1108.0,1100,1206.0,1205,WN,2177,N522SW,58.0,65.0,49.0,1.0,8.0,LIT,DAL,296,3.0,6.0,0,N,0,,,,,
461,2008,1,3,4,2029.0,1950,2127.0,2055,WN,2263,N514SW,58.0,65.0,49.0,32.0,39.0,LIT,DAL,296,3.0,6.0,0,N,0,0.0,0.0,0.0,0.0,32.0
463,2008,1,3,4,1417.0,1405,1535.0,1530,WN,231,N787SA,78.0,85.0,71.0,5.0,12.0,LIT,HOU,393,2.0,5.0,0,N,0,,,,,
464,2008,1,3,4,1319.0,1310,1440.0,1440,WN,3053,N418WN,201.0,210.0,188.0,0.0,9.0,LIT,LAS,1295,5.0,8.0,0,N,0,,,,,
465,2008,1,3,4,1051.0,1035,1246.0,1215,WN,8,N339SW,115.0,100.0,82.0,31.0,16.0,LIT,MDW,544,25.0,8.0,0,N,0,16.0,0.0,15.0,0.0,0.0
467,2008,1,3,4,1846.0,1815,1951.0,1920,WN,3168,N513SW,65.0,65.0,53.0,31.0,31.0,LIT,STL,296,4.0,8.0,0,N,0,4.0,0.0,0.0,0.0,27.0
469,2008,1,3,4,1615.0,1130,1623.0,1135,WN,10,N617SW,68.0,65.0,56.0,288.0,285.0,MAF,ABQ,332,4.0,8.0,0,N,0,285.0,0.0,3.0,0.0,0.0
471,2008,1,3,4,1852.0,1830,1942.0,1925,WN,2374,N379SW,50.0,55.0,40.0,17.0,22.0,MAF,AUS,294,3.0,7.0,0,N,0,0.0,0.0,0.0,0.0,17.0
472,2008,1,3,4,1602.0,1535,1701.0,1635,WN,43,N503SW,59.0,60.0,46.0,26.0,27.0,MAF,DAL,319,3.0,10.0,0,N,0,0.0,0.0,0.0,0.0,26.0
473,2008,1,3,4,1836.0,1805,1930.0,1905,WN,53,N527SW,54.0,60.0,46.0,25.0,31.0,MAF,DAL,319,3.0,5.0,0,N,0,0.0,0.0,0.0,0.0,25.0
474,2008,1,3,4,1956.0,1945,2056.0,2045,WN,271,N512SW,60.0,60.0,46.0,11.0,11.0,MAF,DAL,319,2.0,12.0,0,N,0,,,,,
475,2008,1,3,4,944.0,915,1046.0,1015,WN,914,N692SW,62.0,60.0,53.0,31.0,29.0,MAF,DAL,319,2.0,7.0,0,N,0,0.0,0.0,2.0,0.0,29.0
479,2008,1,3,4,1625.0,1450,1731.0,1605,WN,3828,N333SW,66.0,75.0,57.0,86.0,95.0,MAF,HOU,441,2.0,7.0,0,N,0,85.0,0.0,0.0,0.0,1.0
480,2008,1,3,4,1739.0,1730,1758.0,1750,WN,317,N335SW,139.0,140.0,123.0,8.0,9.0,MAF,LAS,796,4.0,12.0,0,N,0,,,,,
481,2008,1,3,4,1905.0,1850,2010.0,2000,WN,1493,N356SW,125.0,130.0,106.0,10.0,15.0,MCI,ABQ,718,5.0,14.0,0,N,0,,,,,
482,2008,1,3,4,856.0,850,950.0,1000,WN,1655,N669SW,114.0,130.0,102.0,-10.0,6.0,MCI,ABQ,718,4.0,8.0,0,N,0,,,,,
484,2008,1,3,4,1159.0,1150,1325.0,1310,WN,290,N224WN,86.0,80.0,69.0,15.0,9.0,MCI,BNA,491,5.0,12.0,0,N,0,6.0,0.0,6.0,0.0,3.0
485,2008,1,3,4,2130.0,2115,2300.0,2235,WN,1568,N227WN,90.0,80.0,65.0,25.0,15.0,MCI,BNA,491,11.0,14.0,0,N,0,0.0,0.0,10.0,0.0,15.0
488,2008,1,3,4,1404.0,1350,1726.0,1710,WN,3320,N354SW,142.0,140.0,125.0,16.0,14.0,MCI,BWI,967,9.0,8.0,0,N,0,10.0,0.0,2.0,0.0,4.0
489,2008,1,3,4,1958.0,1930,2310.0,2250,WN,3829,N465WN,132.0,140.0,118.0,20.0,28.0,MCI,BWI,967,5.0,9.0,0,N,0,0.0,0.0,0.0,0.0,20.0
491,2008,1,3,4,937.0,910,1102.0,1040,WN,19,N511SW,85.0,90.0,71.0,22.0,27.0,MCI,DAL,461,4.0,10.0,0,N,0,2.0,0.0,0.0,0.0,20.0
492,2008,1,3,4,1251.0,1235,1415.0,1405,WN,33,N525SW,84.0,90.0,70.0,10.0,16.0,MCI,DAL,461,4.0,10.0,0,N,0,,,,,
493,2008,1,3,4,2009.0,1910,2132.0,2040,WN,59,N628SW,83.0,90.0,70.0,52.0,59.0,MCI,DAL,461,2.0,11.0,0,N,0,0.0,0.0,0.0,0.0,52.0
496,2008,1,3,4,1101.0,1055,1142.0,1145,WN,454,N603SW,101.0,110.0,84.0,-3.0,6.0,MCI,DEN,533,6.0,11.0,0,N,0,,,,,
497,2008,1,3,4,1917.0,1855,1959.0,1940,WN,977,N376SW,102.0,105.0,88.0,19.0,22.0,MCI,DEN,533,6.0,8.0,0,N,0,3.0,0.0,0.0,0.0,16.0
498,2008,1,3,4,1502.0,1440,1540.0,1525,WN,1151,N386SW,98.0,105.0,83.0,15.0,22.0,MCI,DEN,533,5.0,10.0,0,N,0,12.0,0.0,0.0,0.0,3.0
499,2008,1,3,4,643.0,630,726.0,720,WN,1235,N600WN,103.0,110.0,83.0,6.0,13.0,MCI,DEN,533,9.0,11.0,0,N,0,,,,,
500,2008,1,3,4,1038.0,1010,1259.0,1230,WN,4,N674AA,81.0,80.0,63.0,29.0,28.0,MCI,IND,451,8.0,10.0,0,N,0,3.0,0.0,1.0,0.0,25.0
501,2008,1,3,4,1920.0,1850,2140.0,2110,WN,321,N742SW,80.0,80.0,61.0,30.0,30.0,MCI,IND,451,9.0,10.0,0,N,0,30.0,0.0,0.0,0.0,0.0
502,2008,1,3,4,1429.0,1420,1531.0,1535,WN,187,N690SW,182.0,195.0,168.0,-4.0,9.0,MCI,LAS,1140,4.0,10.0,0,N,0,,,,,
504,2008,1,3,4,1801.0,1725,1900.0,1835,WN,962,N302SW,179.0,190.0,164.0,25.0,36.0,MCI,LAS,1140,6.0,9.0,0,N,0,10.0,0.0,0.0,0.0,15.0
505,2008,1,3,4,725.0,655,819.0,810,WN,1670,N742SW,174.0,195.0,162.0,9.0,30.0,MCI,LAS,1140,3.0,9.0,0,N,0,,,,,
508,2008,1,3,4,1751.0,1720,1938.0,1905,WN,810,N648SW,227.0,225.0,200.0,33.0,31.0,MCI,LAX,1363,18.0,9.0,0,N,0,31.0,0.0,2.0,0.0,0.0
509,2008,1,3,4,645.0,635,822.0,820,WN,1844,N313SW,217.0,225.0,196.0,2.0,10.0,MCI,LAX,1363,10.0,11.0,0,N,0,,,,,
510,2008,1,3,4,1518.0,1455,1658.0,1640,WN,3155,N449WN,220.0,225.0,203.0,18.0,23.0,MCI,LAX,1363,6.0,11.0,0,N,0,9.0,0.0,0.0,0.0,9.0
512,2008,1,3,4,1922.0,1850,2253.0,2225,WN,730,N756SA,151.0,155.0,135.0,28.0,32.0,MCI,MCO,1072,5.0,11.0,0,N,0,0.0,0.0,0.0,0.0,28.0
513,2008,1,3,4,1252.0,1245,1625.0,1625,WN,1949,N650SW,153.0,160.0,136.0,0.0,7.0,MCI,MCO,1072,6.0,11.0,0,N,0,,,,,
514,2008,1,3,4,723.0,705,1053.0,1050,WN,2279,N662SW,150.0,165.0,134.0,3.0,18.0,MCI,MCO,1072,6.0,10.0,0,N,0,,,,,
516,2008,1,3,4,2229.0,2100,2343.0,2215,WN,48,N661SW,74.0,75.0,60.0,88.0,89.0,MCI,MDW,405,5.0,9.0,0,N,0,1.0,0.0,0.0,0.0,87.0
517,2008,1,3,4,848.0,835,1008.0,955,WN,95,N499WN,80.0,80.0,64.0,13.0,13.0,MCI,MDW,405,5.0,11.0,0,N,0,,,,,
518,2008,1,3,4,1811.0,1805,1934.0,1925,WN,154,N353SW,83.0,80.0,62.0,9.0,6.0,MCI,MDW,405,10.0,11.0,0,N,0,,,,,
519,2008,1,3,4,1028.0,1010,1154.0,1130,WN,308,N502SW,86.0,80.0,66.0,24.0,18.0,MCI,MDW,405,8.0,12.0,0,N,0,16.0,0.0,6.0,0.0,2.0
526,2008,1,3,4,2014.0,1935,2143.0,2055,WN,3915,N528SW,89.0,80.0,60.0,48.0,39.0,MCI,MDW,405,20.0,9.0,0,N,0,0.0,0.0,9.0,0.0,39.0
528,2008,1,3,4,1548.0,1530,1749.0,1735,WN,3307,N667SW,241.0,245.0,228.0,14.0,18.0,MCI,OAK,1489,5.0,8.0,0,N,0,,,,,
530,2008,1,3,4,1130.0,1120,1232.0,1225,WN,449,N528SW,62.0,65.0,50.0,7.0,10.0,MCI,OKC,313,2.0,10.0,0,N,0,,,,,
531,2008,1,3,4,2135.0,2125,2239.0,2235,WN,727,N399WN,64.0,70.0,50.0,4.0,10.0,MCI,OKC,313,4.0,10.0,0,N,0,,,,,
532,2008,1,3,4,1804.0,1700,1918.0,1810,WN,1257,N507SW,74.0,70.0,47.0,68.0,64.0,MCI,OKC,313,19.0,8.0,0,N,0,0.0,0.0,4.0,0.0,64.0
533,2008,1,3,4,1309.0,1230,1455.0,1425,WN,914,N692SW,226.0,235.0,214.0,30.0,39.0,MCI,PDX,1481,4.0,8.0,0,N,0,5.0,0.0,0.0,0.0,25.0
534,2008,1,3,4,654.0,640,839.0,845,WN,453,N232WN,165.0,185.0,151.0,-6.0,14.0,MCI,PHX,1044,4.0,10.0,0,N,0,,,,,
535,2008,1,3,4,1644.0,1635,1839.0,1830,WN,655,N728SW,175.0,175.0,160.0,9.0,9.0,MCI,PHX,1044,5.0,10.0,0,N,0,,,,,
536,2008,1,3,4,2128.0,2025,2328.0,2220,WN,1579,N775SW,180.0,175.0,162.0,68.0,63.0,MCI,PHX,1044,5.0,13.0,0,N,0,4.0,0.0,5.0,0.0,59.0
537,2008,1,3,4,1108.0,1045,1255.0,1240,WN,3943,N310SW,167.0,175.0,154.0,15.0,23.0,MCI,PHX,1044,5.0,8.0,0,N,0,11.0,0.0,0.0,0.0,4.0
539,2008,1,3,4,811.0,755,937.0,935,WN,2298,N338SW,206.0,220.0,187.0,2.0,16.0,MCI,SAN,1333,12.0,7.0,0,N,0,,,,,
540,2008,1,3,4,1518.0,1430,1704.0,1640,WN,1308,N391SW,226.0,250.0,214.0,24.0,48.0,MCI,SEA,1489,3.0,9.0,0,N,0,4.0,0.0,0.0,0.0,20.0
541,2008,1,3,4,1911.0,1850,2054.0,2045,WN,102,N639SW,223.0,235.0,208.0,9.0,21.0,MCI,SMF,1442,5.0,10.0,0,N,0,,,,,
543,2008,1,3,4,1537.0,1450,1628.0,1545,WN,283,N213WN,51.0,55.0,37.0,43.0,47.0,MCI,STL,237,4.0,10.0,0,N,0,0.0,0.0,0.0,0.0,43.0
544,2008,1,3,4,2037.0,2020,2129.0,2115,WN,1230,N677AA,52.0,55.0,36.0,14.0,17.0,MCI,STL,237,4.0,12.0,0,N,0,,,,,
546,2008,1,3,4,1929.0,1835,2018.0,1930,WN,2039,N386SW,49.0,55.0,36.0,48.0,54.0,MCI,STL,237,5.0,8.0,0,N,0,0.0,0.0,0.0,0.0,48.0
549,2008,1,3,4,818.0,805,1145.0,1135,WN,629,N376SW,147.0,150.0,131.0,10.0,13.0,MCI,TPA,1048,4.0,12.0,0,N,0,,,,,
550,2008,1,3,4,1605.0,1440,1701.0,1535,WN,132,N704SW,56.0,55.0,37.0,86.0,85.0,MCI,TUL,223,4.0,15.0,0,N,0,0.0,0.0,1.0,0.0,85.0
551,2008,1,3,4,1102.0,1030,1152.0,1125,WN,407,N636WN,50.0,55.0,37.0,27.0,32.0,MCI,TUL,223,3.0,10.0,0,N,0,7.0,0.0,0.0,0.0,20.0
552,2008,1,3,4,1901.0,1810,1949.0,1905,WN,2900,N504SW,48.0,55.0,36.0,44.0,51.0,MCI,TUL,223,3.0,9.0,0,N,0,3.0,0.0,0.0,0.0,41.0
553,2008,1,3,4,1331.0,1245,1528.0,1455,WN,2284,N409WN,237.0,250.0,221.0,33.0,46.0,MCO,ABQ,1552,5.0,11.0,0,N,0,4.0,0.0,0.0,0.0,29.0
555,2008,1,3,4,2002.0,1955,2243.0,2235,WN,1744,N387SW,161.0,160.0,148.0,8.0,7.0,MCO,ALB,1073,4.0,9.0,0,N,0,,,,,
556,2008,1,3,4,1317.0,1300,1607.0,1540,WN,3075,N208WN,170.0,160.0,149.0,27.0,17.0,MCO,ALB,1073,11.0,10.0,0,N,0,10.0,0.0,10.0,0.0,7.0
558,2008,1,3,4,1315.0,1300,1500.0,1500,WN,687,N663SW,165.0,180.0,149.0,0.0,15.0,MCO,AUS,993,5.0,11.0,0,N,0,,,,,
560,2008,1,3,4,1057.0,1030,1347.0,1305,WN,1656,N390SW,170.0,155.0,155.0,42.0,27.0,MCO,BDL,1050,4.0,11.0,0,N,0,15.0,0.0,15.0,0.0,12.0
562,2008,1,3,4,727.0,715,757.0,750,WN,573,N463WN,90.0,95.0,74.0,7.0,12.0,MCO,BHM,478,2.0,14.0,0,N,0,,,,,
563,2008,1,3,4,1705.0,1655,1735.0,1730,WN,2036,N650SW,90.0,95.0,78.0,5.0,10.0,MCO,BHM,478,3.0,9.0,0,N,0,,,,,
564,2008,1,3,4,1321.0,1255,1354.0,1330,WN,2715,N204WN,93.0,95.0,78.0,24.0,26.0,MCO,BHM,478,3.0,12.0,0,N,0,6.0,0.0,0.0,0.0,18.0
565,2008,1,3,4,1022.0,1015,1116.0,1115,WN,1413,N706SW,114.0,120.0,96.0,1.0,7.0,MCO,BNA,616,6.0,12.0,0,N,0,,,,,
568,2008,1,3,4,1740.0,1715,1835.0,1815,WN,3238,N365SW,115.0,120.0,97.0,20.0,25.0,MCO,BNA,616,5.0,13.0,0,N,0,11.0,0.0,0.0,0.0,9.0
569,2008,1,3,4,643.0,630,733.0,725,WN,3846,N785SW,110.0,115.0,94.0,8.0,13.0,MCO,BNA,616,3.0,13.0,0,N,0,,,,,
570,2008,1,3,4,656.0,650,938.0,925,WN,322,N460WN,162.0,155.0,147.0,13.0,6.0,MCO,BUF,1011,3.0,12.0,0,N,0,,,,,
572,2008,1,3,4,1931.0,1910,2155.0,2145,WN,3567,N443WN,144.0,155.0,133.0,10.0,21.0,MCO,BUF,1011,3.0,8.0,0,N,0,,,,,
576,2008,1,3,4,730.0,720,940.0,925,WN,889,N235WN,130.0,125.0,117.0,15.0,10.0,MCO,BWI,787,3.0,10.0,0,N,0,0.0,0.0,5.0,10.0,0.0
577,2008,1,3,4,1727.0,1710,1929.0,1920,WN,1170,N625SW,122.0,130.0,109.0,9.0,17.0,MCO,BWI,787,3.0,10.0,0,N,0,,,,,
578,2008,1,3,4,1914.0,1755,2122.0,2005,WN,1507,N334SW,128.0,130.0,113.0,77.0,79.0,MCO,BWI,787,1.0,14.0,0,N,0,0.0,0.0,0.0,0.0,77.0
579,2008,1,3,4,1346.0,1335,1554.0,1540,WN,2801,N713SW,128.0,125.0,111.0,14.0,11.0,MCO,BWI,787,4.0,13.0,0,N,0,,,,,
580,2008,1,3,4,1506.0,1500,1730.0,1705,WN,3067,N252WN,144.0,125.0,115.0,25.0,6.0,MCO,BWI,787,21.0,8.0,0,N,0,6.0,0.0,19.0,0.0,0.0
581,2008,1,3,4,1035.0,1025,1248.0,1230,WN,3220,N667SW,133.0,125.0,118.0,18.0,10.0,MCO,BWI,787,5.0,10.0,0,N,0,0.0,0.0,8.0,10.0,0.0
583,2008,1,3,4,1124.0,1110,1350.0,1335,WN,2366,N662SW,146.0,145.0,130.0,15.0,14.0,MCO,CLE,895,5.0,11.0,0,N,0,11.0,0.0,1.0,0.0,3.0
585,2008,1,3,4,1928.0,1910,2143.0,2125,WN,1602,N425LV,135.0,135.0,113.0,18.0,18.0,MCO,CMH,802,5.0,17.0,0,N,0,18.0,0.0,0.0,0.0,0.0
586,2008,1,3,4,1336.0,1330,1544.0,1545,WN,2020,N419WN,128.0,135.0,114.0,-1.0,6.0,MCO,CMH,802,3.0,11.0,0,N,0,,,,,
587,2008,1,3,4,1544.0,1525,1744.0,1740,WN,1063,N235WN,240.0,255.0,225.0,4.0,19.0,MCO,DEN,1545,5.0,10.0,0,N,0,,,,,
589,2008,1,3,4,1109.0,1055,1403.0,1335,WN,399,N621SW,174.0,160.0,147.0,28.0,14.0,MCO,DTW,957,9.0,18.0,0,N,0,5.0,0.0,14.0,0.0,9.0
590,2008,1,3,4,1654.0,1625,1922.0,1905,WN,1023,N216WR,148.0,160.0,137.0,17.0,29.0,MCO,DTW,957,4.0,7.0,0,N,0,3.0,0.0,0.0,0.0,14.0
591,2008,1,3,4,2103.0,2055,2158.0,2155,WN,380,N444WN,55.0,60.0,39.0,3.0,8.0,MCO,FLL,178,4.0,12.0,0,N,0,,,,,
592,2008,1,3,4,1957.0,1850,2053.0,1950,WN,455,N346SW,56.0,60.0,41.0,63.0,67.0,MCO,FLL,178,3.0,12.0,0,N,0,13.0,0.0,0.0,0.0,50.0
594,2008,1,3,4,1012.0,950,1113.0,1050,WN,779,N294WN,61.0,60.0,39.0,23.0,22.0,MCO,FLL,178,6.0,16.0,0,N,0,21.0,0.0,1.0,0.0,1.0
596,2008,1,3,4,1713.0,1700,1810.0,1800,WN,3509,N778SW,57.0,60.0,39.0,10.0,13.0,MCO,FLL,178,7.0,11.0,0,N,0,,,,,
597,2008,1,3,4,622.0,615,750.0,755,WN,10,N333SW,148.0,160.0,132.0,-5.0,7.0,MCO,HOU,848,3.0,13.0,0,N,0,,,,,
598,2008,1,3,4,1509.0,1420,1629.0,1600,WN,42,N470WN,140.0,160.0,130.0,29.0,49.0,MCO,HOU,848,2.0,8.0,0,N,0,2.0,0.0,0.0,0.0,27.0
599,2008,1,3,4,1100.0,1040,1228.0,1220,WN,430,N752SW,148.0,160.0,134.0,8.0,20.0,MCO,HOU,848,3.0,11.0,0,N,0,,,,,
600,2008,1,3,4,1806.0,1740,1942.0,1920,WN,1491,N366SW,156.0,160.0,134.0,22.0,26.0,MCO,HOU,848,4.0,18.0,0,N,0,11.0,0.0,0.0,0.0,11.0
601,2008,1,3,4,2105.0,2045,2234.0,2225,WN,3046,N638SW,149.0,160.0,131.0,9.0,20.0,MCO,HOU,848,4.0,14.0,0,N,0,,,,,
602,2008,1,3,4,809.0,800,1026.0,1010,WN,470,N657SW,137.0,130.0,120.0,16.0,9.0,MCO,IAD,758,5.0,12.0,0,N,0,0.0,0.0,7.0,9.0,0.0
603,2008,1,3,4,1234.0,1220,1447.0,1425,WN,1317,N366SW,133.0,125.0,111.0,22.0,14.0,MCO,IAD,758,4.0,18.0,0,N,0,14.0,0.0,8.0,0.0,0.0
605,2008,1,3,4,1912.0,1840,2149.0,2105,WN,3256,N659SW,157.0,145.0,126.0,44.0,32.0,MCO,IND,828,8.0,23.0,0,N,0,31.0,0.0,12.0,0.0,1.0
606,2008,1,3,4,2100.0,2030,2324.0,2255,WN,121,N467WN,144.0,145.0,131.0,29.0,30.0,MCO,ISP,972,4.0,9.0,0,N,0,11.0,0.0,0.0,0.0,18.0
607,2008,1,3,4,1602.0,1550,1829.0,1815,WN,630,N786SW,147.0,145.0,134.0,14.0,12.0,MCO,ISP,972,4.0,9.0,0,N,0,,,,,
610,2008,1,3,4,1942.0,1840,2205.0,2105,WN,3332,N412WN,143.0,145.0,130.0,60.0,62.0,MCO,ISP,972,4.0,9.0,0,N,0,60.0,0.0,0.0,0.0,0.0
611,2008,1,3,4,1510.0,1355,1738.0,1620,WN,3864,N779SW,148.0,145.0,135.0,78.0,75.0,MCO,ISP,972,5.0,8.0,0,N,0,12.0,0.0,3.0,0.0,63.0
612,2008,1,3,4,1642.0,1610,1728.0,1705,WN,186,N438WN,106.0,115.0,91.0,23.0,32.0,MCO,JAN,587,4.0,11.0,0,N,0,23.0,0.0,0.0,0.0,0.0
613,2008,1,3,4,1024.0,1015,1236.0,1230,WN,2354,N258WN,312.0,315.0,291.0,6.0,9.0,MCO,LAS,2039,7.0,14.0,0,N,0,,,,,
614,2008,1,3,4,1243.0,1155,1439.0,1400,WN,1308,N391SW,176.0,185.0,156.0,39.0,48.0,MCO,MCI,1072,2.0,18.0,0,N,0,0.0,0.0,0.0,0.0,39.0
615,2008,1,3,4,1629.0,1620,1821.0,1825,WN,1493,N356SW,172.0,185.0,157.0,-4.0,9.0,MCO,MCI,1072,4.0,11.0,0,N,0,,,,,
616,2008,1,3,4,642.0,630,839.0,830,WN,2193,N352SW,177.0,180.0,162.0,9.0,12.0,MCO,MCI,1072,4.0,11.0,0,N,0,,,,,
617,2008,1,3,4,1812.0,1705,2001.0,1855,WN,163,N469WN,169.0,170.0,150.0,66.0,67.0,MCO,MDW,989,6.0,13.0,0,N,0,46.0,0.0,0.0,0.0,20.0
618,2008,1,3,4,1840.0,1805,2022.0,1955,WN,172,N780SW,162.0,170.0,140.0,27.0,35.0,MCO,MDW,989,7.0,15.0,0,N,0,22.0,0.0,0.0,0.0,5.0
619,2008,1,3,4,622.0,615,817.0,805,WN,561,N766SW,175.0,170.0,152.0,12.0,7.0,MCO,MDW,989,7.0,16.0,0,N,0,,,,,
620,2008,1,3,4,1055.0,935,1255.0,1125,WN,562,N739GB,180.0,170.0,149.0,90.0,80.0,MCO,MDW,989,17.0,14.0,0,N,0,33.0,0.0,10.0,0.0,47.0
624,2008,1,3,4,2206.0,2105,2338.0,2250,WN,3137,N481WN,152.0,165.0,138.0,48.0,61.0,MCO,MDW,989,7.0,7.0,0,N,0,9.0,0.0,0.0,0.0,39.0
626,2008,1,3,4,1801.0,1745,2047.0,2035,WN,25,N462WN,166.0,170.0,153.0,12.0,16.0,MCO,MHT,1142,3.0,10.0,0,N,0,,,,,
627,2008,1,3,4,636.0,630,930.0,915,WN,589,N419WN,174.0,165.0,154.0,15.0,6.0,MCO,MHT,1142,4.0,16.0,0,N,0,0.0,0.0,9.0,6.0,0.0
628,2008,1,3,4,2108.0,2045,2352.0,2330,WN,1145,N202WN,164.0,165.0,148.0,22.0,23.0,MCO,MHT,1142,4.0,12.0,0,N,0,0.0,0.0,0.0,0.0,22.0
631,2008,1,3,4,749.0,735,843.0,830,WN,467,N626SW,114.0,115.0,90.0,13.0,14.0,MCO,MSY,550,4.0,20.0,0,N,0,,,,,
633,2008,1,3,4,1930.0,1920,2014.0,2015,WN,3134,N355SW,104.0,115.0,85.0,-1.0,10.0,MCO,MSY,550,7.0,12.0,0,N,0,,,,,
634,2008,1,3,4,956.0,945,1149.0,1135,WN,590,N405WN,113.0,110.0,96.0,14.0,11.0,MCO,ORF,655,4.0,13.0,0,N,0,,,,,
635,2008,1,3,4,1524.0,1500,1714.0,1650,WN,1320,N456WN,110.0,110.0,92.0,24.0,24.0,MCO,ORF,655,5.0,13.0,0,N,0,0.0,0.0,17.0,0.0,7.0
636,2008,1,3,4,1733.0,1715,1957.0,1950,WN,297,N743SW,144.0,155.0,124.0,7.0,18.0,MCO,PHL,861,9.0,11.0,0,N,0,,,,,
637,2008,1,3,4,1421.0,1415,1643.0,1645,WN,348,N276WN,142.0,150.0,129.0,-2.0,6.0,MCO,PHL,861,4.0,9.0,0,N,0,,,,,
638,2008,1,3,4,1137.0,1115,1410.0,1340,WN,768,N369SW,153.0,145.0,134.0,30.0,22.0,MCO,PHL,861,4.0,15.0,0,N,0,11.0,0.0,8.0,0.0,11.0
640,2008,1,3,4,1350.0,1250,1611.0,1520,WN,1035,N346SW,141.0,150.0,128.0,51.0,60.0,MCO,PHL,861,3.0,10.0,0,N,0,9.0,0.0,0.0,0.0,42.0
643,2008,1,3,4,1730.0,1620,2028.0,1920,WN,1484,N242WN,298.0,300.0,276.0,68.0,70.0,MCO,PHX,1848,8.0,14.0,0,N,0,68.0,0.0,0.0,0.0,0.0
644,2008,1,3,4,2041.0,2035,2251.0,2255,WN,2294,N439WN,130.0,140.0,111.0,-4.0,6.0,MCO,PIT,834,7.0,12.0,0,N,0,,,,,
646,2008,1,3,4,1233.0,1225,1449.0,1440,WN,3934,N672SW,136.0,135.0,122.0,9.0,8.0,MCO,PIT,834,6.0,8.0,0,N,0,,,,,
651,2008,1,3,4,645.0,635,921.0,915,WN,2281,N786SW,156.0,160.0,139.0,6.0,10.0,MCO,PVD,1073,4.0,13.0,0,N,0,,,,,
654,2008,1,3,4,2014.0,2000,2143.0,2140,WN,2135,N694SW,89.0,100.0,77.0,3.0,14.0,MCO,RDU,534,3.0,9.0,0,N,0,,,,,
655,2008,1,3,4,1005.0,955,1139.0,1130,WN,2621,N266WN,94.0,95.0,82.0,9.0,10.0,MCO,RDU,534,3.0,9.0,0,N,0,,,,,
656,2008,1,3,4,1554.0,1540,1732.0,1720,WN,2734,N218WN,98.0,100.0,77.0,12.0,14.0,MCO,RDU,534,12.0,9.0,0,N,0,,,,,
657,2008,1,3,4,1013.0,955,1100.0,1045,WN,150,N355SW,47.0,50.0,35.0,15.0,18.0,MCO,RSW,133,3.0,9.0,0,N,0,15.0,0.0,0.0,0.0,0.0
658,2008,1,3,4,2143.0,2105,2227.0,2150,WN,907,N388SW,44.0,45.0,30.0,37.0,38.0,MCO,RSW,133,4.0,10.0,0,N,0,37.0,0.0,0.0,0.0,0.0
659,2008,1,3,4,1323.0,1315,1409.0,1405,WN,2368,N786SW,46.0,50.0,31.0,4.0,8.0,MCO,RSW,133,2.0,13.0,0,N,0,,,,,
660,2008,1,3,4,1803.0,1755,1855.0,1845,WN,3398,N707SA,52.0,50.0,33.0,10.0,8.0,MCO,RSW,133,3.0,16.0,0,N,0,,,,,
662,2008,1,3,4,1518.0,1505,1714.0,1710,WN,1414,N402WN,176.0,185.0,161.0,4.0,13.0,MCO,SAT,1040,4.0,11.0,0,N,0,,,,,
663,2008,1,3,4,951.0,945,1154.0,1155,WN,187,N690SW,123.0,130.0,107.0,-1.0,6.0,MCO,SDF,718,3.0,13.0,0,N,0,,,,,
664,2008,1,3,4,1440.0,1425,1655.0,1635,WN,718,N457WN,135.0,130.0,105.0,20.0,15.0,MCO,SDF,718,20.0,10.0,0,N,0,2.0,0.0,5.0,0.0,13.0
665,2008,1,3,4,1314.0,1250,1438.0,1425,WN,440,N720WN,144.0,155.0,131.0,13.0,24.0,MCO,STL,880,3.0,10.0,0,N,0,,,,,
666,2008,1,3,4,752.0,745,919.0,925,WN,928,N775SW,147.0,160.0,135.0,-6.0,7.0,MCO,STL,880,3.0,9.0,0,N,0,,,,,
667,2008,1,3,4,2230.0,2035,2346.0,2210,WN,2300,N291WN,136.0,155.0,122.0,96.0,115.0,MCO,STL,880,3.0,11.0,0,N,0,0.0,0.0,0.0,6.0,90.0
668,2008,1,3,4,1629.0,1535,1753.0,1710,WN,3743,N247WN,144.0,155.0,127.0,43.0,54.0,MCO,STL,880,4.0,13.0,0,N,0,0.0,0.0,0.0,0.0,43.0
670,2008,1,3,4,1625.0,1550,1821.0,1800,WN,2871,N709SW,176.0,190.0,158.0,21.0,35.0,MDW,ABQ,1121,4.0,14.0,0,N,0,14.0,0.0,0.0,0.0,7.0
671,2008,1,3,4,1051.0,1020,1341.0,1305,WN,95,N325SW,110.0,105.0,97.0,36.0,31.0,MDW,ALB,717,4.0,9.0,0,N,0,18.0,0.0,5.0,0.0,13.0
672,2008,1,3,4,2106.0,1925,2.0,2215,WN,714,N305SW,116.0,110.0,90.0,107.0,101.0,MDW,ALB,717,5.0,21.0,0,N,0,48.0,0.0,6.0,0.0,53.0
673,2008,1,3,4,759.0,745,1024.0,1030,WN,478,N403WN,145.0,165.0,128.0,-6.0,14.0,MDW,AUS,972,5.0,12.0,0,N,0,,,,,
674,2008,1,3,4,2033.0,1905,2249.0,2150,WN,3568,N767SW,136.0,165.0,125.0,59.0,88.0,MDW,AUS,972,4.0,7.0,0,N,0,59.0,0.0,0.0,0.0,0.0
675,2008,1,3,4,1930.0,1900,2228.0,2200,WN,245,N730SW,118.0,120.0,100.0,28.0,30.0,MDW,BDL,777,8.0,10.0,0,N,0,28.0,0.0,0.0,0.0,0.0
677,2008,1,3,4,1423.0,1350,1720.0,1645,WN,885,N406WN,117.0,115.0,100.0,35.0,33.0,MDW,BDL,777,5.0,12.0,0,N,0,33.0,0.0,2.0,0.0,0.0
678,2008,1,3,4,1037.0,1015,1200.0,1155,WN,223,N427WN,83.0,100.0,72.0,5.0,22.0,MDW,BHM,570,2.0,9.0,0,N,0,,,,,
679,2008,1,3,4,2238.0,1945,8.0,2125,WN,313,N374SW,90.0,100.0,81.0,163.0,173.0,MDW,BHM,570,3.0,6.0,0,N,0,22.0,0.0,0.0,0.0,141.0
680,2008,1,3,4,1815.0,1755,1923.0,1915,WN,581,N256WN,68.0,80.0,54.0,8.0,20.0,MDW,BNA,395,4.0,10.0,0,N,0,,,,,
682,2008,1,3,4,830.0,800,939.0,920,WN,689,N409WN,69.0,80.0,56.0,19.0,30.0,MDW,BNA,395,5.0,8.0,0,N,0,10.0,0.0,0.0,0.0,9.0
683,2008,1,3,4,1247.0,1210,1358.0,1325,WN,813,N679AA,71.0,75.0,60.0,33.0,37.0,MDW,BNA,395,5.0,6.0,0,N,0,14.0,0.0,0.0,0.0,19.0
684,2008,1,3,4,1547.0,1540,1659.0,1700,WN,830,N436WN,72.0,80.0,55.0,-1.0,7.0,MDW,BNA,395,4.0,13.0,0,N,0,,,,,
685,2008,1,3,4,2156.0,2035,2309.0,2155,WN,851,N238WN,73.0,80.0,60.0,74.0,81.0,MDW,BNA,395,4.0,9.0,0,N,0,36.0,0.0,0.0,0.0,38.0
687,2008,1,3,4,2221.0,2110,2332.0,2225,WN,1973,N347SW,71.0,75.0,54.0,67.0,71.0,MDW,BNA,395,4.0,13.0,0,N,0,20.0,0.0,0.0,0.0,47.0
688,2008,1,3,4,638.0,615,801.0,730,WN,2108,N479WN,83.0,75.0,55.0,31.0,23.0,MDW,BNA,395,6.0,22.0,0,N,0,23.0,0.0,8.0,0.0,0.0
689,2008,1,3,4,839.0,820,1058.0,1040,WN,1690,N217JC,79.0,80.0,65.0,18.0,19.0,MDW,BUF,468,4.0,10.0,0,N,0,11.0,0.0,0.0,0.0,7.0
690,2008,1,3,4,1332.0,1255,1546.0,1515,WN,1828,N785SW,74.0,80.0,66.0,31.0,37.0,MDW,BUF,468,2.0,6.0,0,N,0,19.0,0.0,0.0,0.0,12.0
691,2008,1,3,4,2057.0,1955,2321.0,2215,WN,2975,N713SW,84.0,80.0,65.0,66.0,62.0,MDW,BUF,468,3.0,16.0,0,N,0,46.0,0.0,4.0,0.0,16.0
692,2008,1,3,4,2334.0,1950,157.0,2235,WN,106,N751SW,83.0,105.0,73.0,202.0,224.0,MDW,BWI,611,4.0,6.0,0,N,0,15.0,0.0,0.0,0.0,187.0
693,2008,1,3,4,1338.0,1300,1617.0,1545,WN,208,N763SW,99.0,105.0,88.0,32.0,38.0,MDW,BWI,611,4.0,7.0,0,N,0,32.0,0.0,0.0,0.0,0.0
694,2008,1,3,4,1533.0,1515,1812.0,1800,WN,224,N279WN,99.0,105.0,87.0,12.0,18.0,MDW,BWI,611,3.0,9.0,0,N,0,,,,,
695,2008,1,3,4,1727.0,1715,2012.0,2000,WN,324,N253WN,105.0,105.0,90.0,12.0,12.0,MDW,BWI,611,4.0,11.0,0,N,0,,,,,
696,2008,1,3,4,904.0,850,1145.0,1135,WN,466,N623SW,101.0,105.0,88.0,10.0,14.0,MDW,BWI,611,3.0,10.0,0,N,0,,,,,
697,2008,1,3,4,1110.0,1035,1348.0,1320,WN,2272,N263WN,98.0,105.0,86.0,28.0,35.0,MDW,BWI,611,3.0,9.0,0,N,0,19.0,0.0,0.0,0.0,9.0
698,2008,1,3,4,2245.0,2125,115.0,5,WN,2786,N417WN,90.0,100.0,78.0,70.0,80.0,MDW,BWI,611,4.0,8.0,0,N,0,45.0,0.0,0.0,0.0,25.0
700,2008,1,3,4,1847.0,1825,2052.0,2035,WN,30,N689SW,65.0,70.0,52.0,17.0,22.0,MDW,CLE,307,6.0,7.0,0,N,0,16.0,0.0,0.0,0.0,1.0
701,2008,1,3,4,2214.0,2105,17.0,2310,WN,153,N658SW,63.0,65.0,48.0,67.0,69.0,MDW,CLE,307,6.0,9.0,0,N,0,0.0,0.0,0.0,0.0,67.0
702,2008,1,3,4,929.0,820,1200.0,1025,WN,387,N779SW,91.0,65.0,50.0,95.0,69.0,MDW,CLE,307,8.0,33.0,0,N,0,69.0,0.0,26.0,0.0,0.0
703,2008,1,3,4,1202.0,1135,1403.0,1345,WN,628,N902WN,61.0,70.0,47.0,18.0,27.0,MDW,CLE,307,4.0,10.0,0,N,0,8.0,0.0,0.0,0.0,10.0
704,2008,1,3,4,1527.0,1410,1735.0,1620,WN,1489,N699SW,68.0,70.0,48.0,75.0,77.0,MDW,CLE,307,7.0,13.0,0,N,0,75.0,0.0,0.0,0.0,0.0
706,2008,1,3,4,1901.0,1600,2113.0,1815,WN,3587,N374SW,72.0,75.0,54.0,178.0,181.0,MDW,CLE,307,6.0,12.0,0,N,0,22.0,0.0,0.0,0.0,156.0
708,2008,1,3,4,2017.0,2000,2215.0,2205,WN,154,N353SW,58.0,65.0,43.0,10.0,17.0,MDW,CMH,284,4.0,11.0,0,N,0,,,,,
709,2008,1,3,4,2316.0,2135,106.0,2335,WN,261,N340LV,50.0,60.0,39.0,91.0,101.0,MDW,CMH,284,3.0,8.0,0,N,0,61.0,0.0,0.0,0.0,30.0
711,2008,1,3,4,637.0,615,838.0,815,WN,950,N750SA,61.0,60.0,49.0,23.0,22.0,MDW,CMH,284,5.0,7.0,0,N,0,0.0,22.0,1.0,0.0,0.0
712,2008,1,3,4,1628.0,1620,1832.0,1825,WN,1685,N341SW,64.0,65.0,47.0,7.0,8.0,MDW,CMH,284,5.0,12.0,0,N,0,,,,,
713,2008,1,3,4,1349.0,1325,1549.0,1530,WN,2470,N339SW,60.0,65.0,50.0,19.0,24.0,MDW,CMH,284,2.0,8.0,0,N,0,19.0,0.0,0.0,0.0,0.0
714,2008,1,3,4,1758.0,1730,1957.0,1935,WN,2474,N776WN,59.0,65.0,48.0,22.0,28.0,MDW,CMH,284,3.0,8.0,0,N,0,22.0,0.0,0.0,0.0,0.0
715,2008,1,3,4,2114.0,2025,2246.0,2155,WN,172,N780SW,152.0,150.0,128.0,51.0,49.0,MDW,DEN,895,7.0,17.0,0,N,0,22.0,0.0,2.0,0.0,27.0
716,2008,1,3,4,1245.0,1220,1405.0,1355,WN,806,N711HK,140.0,155.0,128.0,10.0,25.0,MDW,DEN,895,5.0,7.0,0,N,0,,,,,
717,2008,1,3,4,946.0,930,1109.0,1105,WN,902,N411WN,143.0,155.0,127.0,4.0,16.0,MDW,DEN,895,6.0,10.0,0,N,0,,,,,
718,2008,1,3,4,643.0,630,817.0,805,WN,1001,N485WN,154.0,155.0,125.0,12.0,13.0,MDW,DEN,895,4.0,25.0,0,N,0,,,,,
719,2008,1,3,4,1526.0,1425,1650.0,1600,WN,1852,N239WN,144.0,155.0,129.0,50.0,61.0,MDW,DEN,895,6.0,9.0,0,N,0,26.0,0.0,0.0,0.0,24.0
720,2008,1,3,4,1805.0,1705,1930.0,1845,WN,1944,N410WN,145.0,160.0,128.0,45.0,60.0,MDW,DEN,895,6.0,11.0,0,N,0,16.0,0.0,0.0,0.0,29.0
721,2008,1,3,4,1238.0,1200,1447.0,1405,WN,308,N502SW,69.0,65.0,53.0,42.0,38.0,MDW,DTW,229,9.0,7.0,0,N,0,14.0,0.0,4.0,0.0,24.0
722,2008,1,3,4,819.0,800,1016.0,1000,WN,424,N713SW,57.0,60.0,45.0,16.0,19.0,MDW,DTW,229,4.0,8.0,0,N,0,9.0,0.0,0.0,0.0,7.0
723,2008,1,3,4,1908.0,1825,2108.0,2030,WN,1006,N523SW,60.0,65.0,42.0,38.0,43.0,MDW,DTW,229,3.0,15.0,0,N,0,38.0,0.0,0.0,0.0,0.0
724,2008,1,3,4,1656.0,1610,1857.0,1820,WN,1014,N494WN,61.0,70.0,43.0,37.0,46.0,MDW,DTW,229,3.0,15.0,0,N,0,29.0,0.0,0.0,0.0,8.0
725,2008,1,3,4,1015.0,955,1218.0,1200,WN,1567,N785SW,63.0,65.0,52.0,18.0,20.0,MDW,DTW,229,5.0,6.0,0,N,0,8.0,0.0,0.0,0.0,10.0
726,2008,1,3,4,1452.0,1405,1650.0,1610,WN,1916,N357SW,58.0,65.0,46.0,40.0,47.0,MDW,DTW,229,5.0,7.0,0,N,0,32.0,0.0,0.0,0.0,8.0
728,2008,1,3,4,2223.0,2125,18.0,2325,WN,3915,N528SW,55.0,60.0,36.0,53.0,58.0,MDW,DTW,229,7.0,12.0,0,N,0,9.0,0.0,0.0,0.0,44.0
729,2008,1,3,4,1317.0,1305,1709.0,1700,WN,234,N798SW,172.0,175.0,152.0,9.0,12.0,MDW,FLL,1166,7.0,13.0,0,N,0,,,,,
730,2008,1,3,4,1801.0,1735,2142.0,2130,WN,892,N457WN,161.0,175.0,148.0,12.0,26.0,MDW,FLL,1166,5.0,8.0,0,N,0,,,,,
731,2008,1,3,4,939.0,925,1324.0,1325,WN,2630,N255WN,165.0,180.0,151.0,-1.0,14.0,MDW,FLL,1166,7.0,7.0,0,N,0,,,,,
732,2008,1,3,4,2130.0,1955,111.0,2350,WN,3228,N717SA,161.0,175.0,142.0,81.0,95.0,MDW,FLL,1166,4.0,15.0,0,N,0,40.0,0.0,0.0,0.0,41.0
733,2008,1,3,4,705.0,630,1055.0,1030,WN,3848,N550WN,170.0,180.0,151.0,25.0,35.0,MDW,FLL,1166,5.0,14.0,0,N,0,25.0,0.0,0.0,0.0,0.0
734,2008,1,3,4,707.0,640,934.0,925,WN,195,N793SA,147.0,165.0,133.0,9.0,27.0,MDW,HOU,937,4.0,10.0,0,N,0,,,,,
735,2008,1,3,4,2106.0,2015,2329.0,2300,WN,203,N332SW,143.0,165.0,123.0,29.0,51.0,MDW,HOU,937,4.0,16.0,0,N,0,13.0,0.0,0.0,0.0,16.0
736,2008,1,3,4,916.0,820,1142.0,1105,WN,319,N716SW,146.0,165.0,130.0,37.0,56.0,MDW,HOU,937,4.0,12.0,0,N,0,13.0,0.0,0.0,0.0,24.0
737,2008,1,3,4,1445.0,1415,1710.0,1700,WN,1927,N497WN,145.0,165.0,129.0,10.0,30.0,MDW,HOU,937,3.0,13.0,0,N,0,,,,,
738,2008,1,3,4,1149.0,1115,1416.0,1400,WN,3763,N514SW,147.0,165.0,135.0,16.0,34.0,MDW,HOU,937,3.0,9.0,0,N,0,12.0,0.0,0.0,0.0,4.0
739,2008,1,3,4,1720.0,1710,1944.0,1955,WN,3841,N280WN,144.0,165.0,130.0,-11.0,10.0,MDW,HOU,937,3.0,11.0,0,N,0,,,,,
740,2008,1,3,4,2217.0,2110,47.0,2350,WN,205,N299WN,90.0,100.0,73.0,57.0,67.0,MDW,IAD,577,5.0,12.0,0,N,0,25.0,0.0,0.0,0.0,32.0
742,2008,1,3,4,1544.0,1405,1825.0,1650,WN,1307,N294WN,101.0,105.0,81.0,95.0,99.0,MDW,IAD,577,5.0,15.0,0,N,0,51.0,0.0,0.0,0.0,44.0
744,2008,1,3,4,1939.0,1915,2216.0,2155,WN,3232,N201LV,97.0,100.0,78.0,21.0,24.0,MDW,IAD,577,5.0,14.0,0,N,0,2.0,0.0,0.0,0.0,19.0
745,2008,1,3,4,647.0,640,931.0,915,WN,3760,N672SW,104.0,95.0,84.0,16.0,7.0,MDW,IAD,577,5.0,15.0,0,N,0,0.0,7.0,9.0,0.0,0.0
746,2008,1,3,4,1724.0,1655,1913.0,1850,WN,378,N726SW,49.0,55.0,31.0,23.0,29.0,MDW,IND,162,7.0,11.0,0,N,0,23.0,0.0,0.0,0.0,0.0
747,2008,1,3,4,2212.0,2105,7.0,2255,WN,771,N486WN,55.0,50.0,36.0,72.0,67.0,MDW,IND,162,6.0,13.0,0,N,0,17.0,0.0,5.0,0.0,50.0
748,2008,1,3,4,1410.0,1255,1609.0,1445,WN,1333,N334SW,59.0,50.0,32.0,84.0,75.0,MDW,IND,162,8.0,19.0,0,N,0,58.0,0.0,9.0,0.0,17.0
749,2008,1,3,4,725.0,715,906.0,905,WN,1746,N612SW,41.0,50.0,27.0,1.0,10.0,MDW,IND,162,7.0,7.0,0,N,0,,,,,
750,2008,1,3,4,1033.0,905,1342.0,1205,WN,969,N215WN,129.0,120.0,114.0,97.0,88.0,MDW,ISP,765,5.0,10.0,0,N,0,32.0,0.0,9.0,0.0,56.0
751,2008,1,3,4,1620.0,1550,1924.0,1900,WN,1667,N243WN,124.0,130.0,110.0,24.0,30.0,MDW,ISP,765,5.0,9.0,0,N,0,13.0,0.0,0.0,0.0,11.0
752,2008,1,3,4,1308.0,1245,1615.0,1555,WN,1930,N724SW,127.0,130.0,113.0,20.0,23.0,MDW,ISP,765,4.0,10.0,0,N,0,20.0,0.0,0.0,0.0,0.0
753,2008,1,3,4,1910.0,1845,2201.0,2150,WN,2703,N734SA,111.0,125.0,98.0,11.0,25.0,MDW,ISP,765,4.0,9.0,0,N,0,,,,,
754,2008,1,3,4,2241.0,1845,25.0,2045,WN,405,N513SW,104.0,120.0,90.0,220.0,236.0,MDW,JAN,666,3.0,11.0,0,N,0,220.0,0.0,0.0,0.0,0.0
755,2008,1,3,4,830.0,730,1010.0,925,WN,1035,N346SW,100.0,115.0,87.0,45.0,60.0,MDW,JAN,666,3.0,10.0,0,N,0,45.0,0.0,0.0,0.0,0.0
756,2008,1,3,4,2207.0,2100,6.0,2300,WN,164,N723SW,239.0,240.0,219.0,66.0,67.0,MDW,LAS,1521,5.0,15.0,0,N,0,55.0,0.0,0.0,0.0,11.0
757,2008,1,3,4,1713.0,1705,1901.0,1905,WN,201,N251WN,228.0,240.0,219.0,-4.0,8.0,MDW,LAS,1521,3.0,6.0,0,N,0,,,,,
758,2008,1,3,4,1038.0,1030,1230.0,1230,WN,300,N753SW,232.0,240.0,217.0,0.0,8.0,MDW,LAS,1521,6.0,9.0,0,N,0,,,,,
759,2008,1,3,4,1601.0,1550,1828.0,1750,WN,433,N264LV,267.0,240.0,219.0,38.0,11.0,MDW,LAS,1521,32.0,16.0,0,N,0,11.0,0.0,27.0,0.0,0.0
760,2008,1,3,4,2015.0,2005,2206.0,2205,WN,556,N297WN,231.0,240.0,214.0,1.0,10.0,MDW,LAS,1521,8.0,9.0,0,N,0,,,,,
761,2008,1,3,4,1216.0,1200,1401.0,1400,WN,872,N788SA,225.0,240.0,215.0,1.0,16.0,MDW,LAS,1521,4.0,6.0,0,N,0,,,,,
762,2008,1,3,4,650.0,615,840.0,815,WN,891,N400WN,230.0,240.0,216.0,25.0,35.0,MDW,LAS,1521,3.0,11.0,0,N,0,0.0,25.0,0.0,0.0,0.0
763,2008,1,3,4,850.0,740,1046.0,940,WN,1016,N765SW,236.0,240.0,220.0,66.0,70.0,MDW,LAS,1521,5.0,11.0,0,N,0,57.0,0.0,0.0,0.0,9.0
764,2008,1,3,4,1517.0,1500,1714.0,1700,WN,1422,N403WN,237.0,240.0,222.0,14.0,17.0,MDW,LAS,1521,5.0,10.0,0,N,0,,,,,
765,2008,1,3,4,853.0,830,1048.0,1030,WN,2295,N404WN,235.0,240.0,223.0,18.0,23.0,MDW,LAS,1521,3.0,9.0,0,N,0,18.0,0.0,0.0,0.0,0.0
766,2008,1,3,4,2011.0,1925,2205.0,2125,WN,2449,N454WN,234.0,240.0,218.0,40.0,46.0,MDW,LAS,1521,9.0,7.0,0,N,0,35.0,0.0,0.0,0.0,5.0
767,2008,1,3,4,1508.0,1430,1700.0,1630,WN,3844,N446WN,232.0,240.0,220.0,30.0,38.0,MDW,LAS,1521,4.0,8.0,0,N,0,27.0,0.0,0.0,0.0,3.0
769,2008,1,3,4,732.0,655,957.0,925,WN,184,N473WN,265.0,270.0,243.0,32.0,37.0,MDW,LAX,1750,11.0,11.0,0,N,0,26.0,0.0,0.0,0.0,6.0
770,2008,1,3,4,2116.0,2100,2352.0,2330,WN,587,N435WN,276.0,270.0,249.0,22.0,16.0,MDW,LAX,1750,6.0,21.0,0,N,0,12.0,0.0,6.0,0.0,4.0
771,2008,1,3,4,1533.0,1500,1802.0,1730,WN,829,N476WN,269.0,270.0,256.0,32.0,33.0,MDW,LAX,1750,5.0,8.0,0,N,0,31.0,0.0,0.0,0.0,1.0
772,2008,1,3,4,1243.0,1140,1505.0,1415,WN,2979,N901WN,262.0,275.0,249.0,50.0,63.0,MDW,LAX,1750,7.0,6.0,0,N,0,39.0,0.0,0.0,0.0,11.0
773,2008,1,3,4,1414.0,1400,1641.0,1630,WN,3149,N415WN,267.0,270.0,252.0,11.0,14.0,MDW,LAX,1750,5.0,10.0,0,N,0,,,,,
774,2008,1,3,4,1748.0,1735,2024.0,2010,WN,3584,N416WN,276.0,275.0,259.0,14.0,13.0,MDW,LAX,1750,8.0,9.0,0,N,0,,,,,
775,2008,1,3,4,1600.0,1500,1735.0,1645,WN,49,N502SW,95.0,105.0,78.0,50.0,60.0,MDW,LIT,544,4.0,13.0,0,N,0,21.0,0.0,0.0,0.0,29.0
776,2008,1,3,4,746.0,715,904.0,840,WN,19,N511SW,78.0,85.0,62.0,24.0,31.0,MDW,MCI,405,5.0,11.0,0,N,0,14.0,0.0,0.0,0.0,10.0
777,2008,1,3,4,1113.0,1040,1229.0,1205,WN,33,N525SW,76.0,85.0,64.0,24.0,33.0,MDW,MCI,405,4.0,8.0,0,N,0,16.0,0.0,0.0,0.0,8.0
778,2008,1,3,4,1832.0,1720,1952.0,1845,WN,59,N628SW,80.0,85.0,66.0,67.0,72.0,MDW,MCI,405,5.0,9.0,0,N,0,43.0,0.0,0.0,0.0,24.0
779,2008,1,3,4,1422.0,1245,1546.0,1410,WN,132,N704SW,84.0,85.0,64.0,96.0,97.0,MDW,MCI,405,5.0,15.0,0,N,0,65.0,0.0,0.0,0.0,31.0
780,2008,1,3,4,2201.0,2135,2319.0,2300,WN,342,N246LV,78.0,85.0,64.0,19.0,26.0,MDW,MCI,405,4.0,10.0,0,N,0,12.0,0.0,0.0,0.0,7.0
781,2008,1,3,4,915.0,845,1034.0,1010,WN,407,N636WN,79.0,85.0,63.0,24.0,30.0,MDW,MCI,405,4.0,12.0,0,N,0,11.0,0.0,0.0,0.0,13.0
782,2008,1,3,4,950.0,925,1107.0,1050,WN,449,N528SW,77.0,85.0,64.0,17.0,25.0,MDW,MCI,405,4.0,9.0,0,N,0,17.0,0.0,0.0,0.0,0.0
784,2008,1,3,4,1947.0,1935,2110.0,2100,WN,727,N399WN,83.0,85.0,65.0,10.0,12.0,MDW,MCI,405,4.0,14.0,0,N,0,,,,,
786,2008,1,3,4,1620.0,1505,1737.0,1630,WN,1257,N507SW,77.0,85.0,61.0,67.0,75.0,MDW,MCI,405,4.0,12.0,0,N,0,12.0,0.0,0.0,0.0,55.0
787,2008,1,3,4,1714.0,1620,1832.0,1745,WN,2900,N504SW,78.0,85.0,64.0,47.0,54.0,MDW,MCI,405,4.0,10.0,0,N,0,33.0,0.0,0.0,0.0,14.0
788,2008,1,3,4,1333.0,1300,1650.0,1630,WN,401,N242WN,137.0,150.0,125.0,20.0,33.0,MDW,MCO,989,3.0,9.0,0,N,0,16.0,0.0,0.0,0.0,4.0
789,2008,1,3,4,621.0,615,948.0,945,WN,482,N706SW,147.0,150.0,128.0,3.0,6.0,MDW,MCO,989,8.0,11.0,0,N,0,,,,,
790,2008,1,3,4,2059.0,2005,19.0,2335,WN,1189,N231WN,140.0,150.0,127.0,44.0,54.0,MDW,MCO,989,4.0,9.0,0,N,0,24.0,0.0,0.0,0.0,20.0
791,2008,1,3,4,1414.0,1400,1737.0,1730,WN,1206,N469WN,143.0,150.0,127.0,7.0,14.0,MDW,MCO,989,4.0,12.0,0,N,0,,,,,
792,2008,1,3,4,825.0,805,1142.0,1135,WN,1765,N239WN,137.0,150.0,124.0,7.0,20.0,MDW,MCO,989,4.0,9.0,0,N,0,,,,,
793,2008,1,3,4,1120.0,1020,1435.0,1350,WN,2631,N470WN,135.0,150.0,126.0,45.0,60.0,MDW,MCO,989,3.0,6.0,0,N,0,25.0,0.0,0.0,0.0,20.0
794,2008,1,3,4,1804.0,1710,2129.0,2040,WN,3050,N481WN,145.0,150.0,126.0,49.0,54.0,MDW,MCO,989,6.0,13.0,0,N,0,16.0,0.0,0.0,0.0,33.0
795,2008,1,3,4,2124.0,1935,48.0,2305,WN,3919,N746SW,144.0,150.0,126.0,103.0,109.0,MDW,MCO,989,3.0,15.0,0,N,0,13.0,0.0,0.0,0.0,90.0
796,2008,1,3,4,2143.0,2015,37.0,2315,WN,396,N407WN,114.0,120.0,100.0,82.0,88.0,MDW,MHT,838,4.0,10.0,0,N,0,82.0,0.0,0.0,0.0,0.0
797,2008,1,3,4,645.0,635,957.0,935,WN,1674,N422WN,132.0,120.0,109.0,22.0,10.0,MDW,MHT,838,3.0,20.0,0,N,0,10.0,0.0,12.0,0.0,0.0
798,2008,1,3,4,1849.0,1805,2146.0,2110,WN,1951,N674AA,117.0,125.0,106.0,36.0,44.0,MDW,MHT,838,4.0,7.0,0,N,0,31.0,0.0,0.0,0.0,5.0
799,2008,1,3,4,1417.0,1345,1717.0,1645,WN,2524,N458WN,120.0,120.0,105.0,32.0,32.0,MDW,MHT,838,4.0,11.0,0,N,0,28.0,0.0,0.0,0.0,4.0
800,2008,1,3,4,1103.0,1040,1359.0,1340,WN,2813,N761RR,116.0,120.0,106.0,19.0,23.0,MDW,MHT,838,3.0,7.0,0,N,0,19.0,0.0,0.0,0.0,0.0
801,2008,1,3,4,1413.0,1400,1631.0,1620,WN,1192,N274WN,138.0,140.0,109.0,11.0,13.0,MDW,MSY,825,5.0,24.0,0,N,0,,,,,
802,2008,1,3,4,954.0,905,1240.0,1150,WN,142,N758SW,286.0,285.0,265.0,50.0,49.0,MDW,OAK,1844,4.0,17.0,0,N,0,49.0,0.0,1.0,0.0,0.0
803,2008,1,3,4,1412.0,1155,1659.0,1435,WN,562,N739GB,287.0,280.0,272.0,144.0,137.0,MDW,OAK,1844,6.0,9.0,0,N,0,47.0,0.0,7.0,0.0,90.0
804,2008,1,3,4,2117.0,2010,11.0,2250,WN,1076,N411WN,294.0,280.0,265.0,81.0,67.0,MDW,OAK,1844,5.0,24.0,0,N,0,41.0,0.0,14.0,0.0,26.0
806,2008,1,3,4,1443.0,1330,1743.0,1615,WN,2195,N479WN,300.0,285.0,272.0,88.0,73.0,MDW,OAK,1844,17.0,11.0,0,N,0,40.0,0.0,15.0,0.0,33.0
807,2008,1,3,4,1020.0,955,1137.0,1120,WN,555,N506SW,77.0,85.0,68.0,17.0,25.0,MDW,OMA,423,2.0,7.0,0,N,0,8.0,0.0,0.0,0.0,9.0
808,2008,1,3,4,1429.0,1235,1547.0,1400,WN,1066,N440LV,78.0,85.0,63.0,107.0,114.0,MDW,OMA,423,3.0,12.0,0,N,0,100.0,0.0,0.0,0.0,7.0
809,2008,1,3,4,1841.0,1735,2004.0,1900,WN,1423,N658SW,83.0,85.0,68.0,64.0,66.0,MDW,OMA,423,3.0,12.0,0,N,0,63.0,0.0,0.0,0.0,1.0
810,2008,1,3,4,709.0,700,829.0,825,WN,2544,N374SW,80.0,85.0,66.0,4.0,9.0,MDW,OMA,423,2.0,12.0,0,N,0,,,,,
811,2008,1,3,4,2239.0,2115,2358.0,2240,WN,3491,N523SW,79.0,85.0,67.0,78.0,84.0,MDW,OMA,423,2.0,10.0,0,N,0,7.0,0.0,0.0,0.0,71.0
812,2008,1,3,4,1741.0,1600,1901.0,1725,WN,3832,N205WN,80.0,85.0,66.0,96.0,101.0,MDW,OMA,423,2.0,12.0,0,N,0,9.0,0.0,0.0,0.0,87.0
813,2008,1,3,4,1340.0,1325,1627.0,1620,WN,568,N754SW,107.0,115.0,98.0,7.0,15.0,MDW,ORF,704,2.0,7.0,0,N,0,,,,,
814,2008,1,3,4,2041.0,1915,2327.0,2210,WN,3510,N298WN,106.0,115.0,92.0,77.0,86.0,MDW,ORF,704,3.0,11.0,0,N,0,77.0,0.0,0.0,0.0,0.0
815,2008,1,3,4,855.0,835,1116.0,1105,WN,561,N766SW,261.0,270.0,247.0,11.0,20.0,MDW,PDX,1751,5.0,9.0,0,N,0,,,,,
816,2008,1,3,4,1921.0,1835,2142.0,2105,WN,2804,N255WN,261.0,270.0,244.0,37.0,46.0,MDW,PDX,1751,4.0,13.0,0,N,0,37.0,0.0,0.0,0.0,0.0
817,2008,1,3,4,1548.0,1540,1834.0,1850,WN,79,N211WN,106.0,130.0,91.0,-16.0,8.0,MDW,PHL,668,7.0,8.0,0,N,0,,,,,
819,2008,1,3,4,1305.0,1245,1558.0,1545,WN,792,N900WN,113.0,120.0,94.0,13.0,20.0,MDW,PHL,668,7.0,12.0,0,N,0,,,,,
820,2008,1,3,4,2047.0,1845,2331.0,2145,WN,1136,N733SA,104.0,120.0,90.0,106.0,122.0,MDW,PHL,668,5.0,9.0,0,N,0,21.0,0.0,0.0,0.0,85.0
821,2008,1,3,4,1812.0,1715,2054.0,2025,WN,2789,N209WN,102.0,130.0,86.0,29.0,57.0,MDW,PHL,668,6.0,10.0,0,N,0,12.0,0.0,0.0,0.0,17.0
822,2008,1,3,4,618.0,600,912.0,855,WN,3153,N347SW,114.0,115.0,95.0,17.0,18.0,MDW,PHL,668,4.0,15.0,0,N,0,17.0,0.0,0.0,0.0,0.0
823,2008,1,3,4,955.0,935,1242.0,1230,WN,3757,N446WN,107.0,115.0,93.0,12.0,20.0,MDW,PHL,668,3.0,11.0,0,N,0,,,,,
824,2008,1,3,4,2205.0,2135,43.0,25,WN,3927,N459WN,98.0,110.0,84.0,18.0,30.0,MDW,PHL,668,4.0,10.0,0,N,0,4.0,0.0,0.0,0.0,14.0
825,2008,1,3,4,833.0,815,1114.0,1105,WN,259,N483WN,221.0,230.0,207.0,9.0,18.0,MDW,PHX,1444,6.0,8.0,0,N,0,,,,,
826,2008,1,3,4,656.0,645,946.0,940,WN,616,N495WN,230.0,235.0,205.0,6.0,11.0,MDW,PHX,1444,5.0,20.0,0,N,0,,,,,
827,2008,1,3,4,1608.0,1510,1902.0,1805,WN,921,N430WN,234.0,235.0,215.0,57.0,58.0,MDW,PHX,1444,5.0,14.0,0,N,0,43.0,0.0,0.0,0.0,14.0
828,2008,1,3,4,2126.0,2010,24.0,2300,WN,1023,N216WR,238.0,230.0,215.0,84.0,76.0,MDW,PHX,1444,3.0,20.0,0,N,0,35.0,0.0,8.0,0.0,41.0
829,2008,1,3,4,1757.0,1725,2043.0,2020,WN,1827,N420WN,226.0,235.0,212.0,23.0,32.0,MDW,PHX,1444,6.0,8.0,0,N,0,23.0,0.0,0.0,0.0,0.0
830,2008,1,3,4,1310.0,1245,1555.0,1540,WN,1842,N723SW,225.0,235.0,209.0,15.0,25.0,MDW,PHX,1444,5.0,11.0,0,N,0,15.0,0.0,0.0,0.0,0.0
831,2008,1,3,4,2234.0,2130,118.0,15,WN,3336,N208WN,224.0,225.0,212.0,63.0,64.0,MDW,PHX,1444,4.0,8.0,0,N,0,32.0,0.0,0.0,0.0,31.0
832,2008,1,3,4,1038.0,1010,1322.0,1300,WN,3501,N732SW,224.0,230.0,208.0,22.0,28.0,MDW,PHX,1444,5.0,11.0,0,N,0,22.0,0.0,0.0,0.0,0.0
833,2008,1,3,4,2146.0,2050,2350.0,2305,WN,337,N488WN,64.0,75.0,52.0,45.0,56.0,MDW,PIT,402,3.0,9.0,0,N,0,19.0,0.0,0.0,0.0,26.0
834,2008,1,3,4,750.0,730,1002.0,950,WN,1414,N402WN,72.0,80.0,59.0,12.0,20.0,MDW,PIT,402,6.0,7.0,0,N,0,,,,,
835,2008,1,3,4,1542.0,1515,1805.0,1730,WN,2445,N651SW,83.0,75.0,64.0,35.0,27.0,MDW,PIT,402,8.0,11.0,0,N,0,27.0,0.0,8.0,0.0,0.0
836,2008,1,3,4,1147.0,1115,1402.0,1330,WN,3170,N430WN,75.0,75.0,60.0,32.0,32.0,MDW,PIT,402,6.0,9.0,0,N,0,32.0,0.0,0.0,0.0,0.0
837,2008,1,3,4,1852.0,1755,2059.0,2010,WN,3249,N208WN,67.0,75.0,57.0,49.0,57.0,MDW,PIT,402,4.0,6.0,0,N,0,28.0,0.0,0.0,0.0,21.0
840,2008,1,3,4,2154.0,2030,50.0,2335,WN,2174,N623SW,116.0,125.0,104.0,75.0,84.0,MDW,PVD,842,4.0,8.0,0,N,0,40.0,0.0,0.0,0.0,35.0
841,2008,1,3,4,1253.0,1235,1550.0,1540,WN,2974,N447WN,117.0,125.0,108.0,10.0,18.0,MDW,PVD,842,3.0,6.0,0,N,0,,,,,
842,2008,1,3,4,1853.0,1815,2153.0,2120,WN,3831,N451WN,120.0,125.0,105.0,33.0,38.0,MDW,PVD,842,5.0,10.0,0,N,0,14.0,0.0,0.0,0.0,19.0
843,2008,1,3,4,1555.0,1515,1834.0,1805,WN,255,N411WN,99.0,110.0,85.0,29.0,40.0,MDW,RDU,632,3.0,11.0,0,N,0,20.0,0.0,0.0,0.0,9.0
844,2008,1,3,4,1229.0,1210,1511.0,1455,WN,1429,N657SW,102.0,105.0,88.0,16.0,19.0,MDW,RDU,632,3.0,11.0,0,N,0,13.0,0.0,0.0,0.0,3.0
845,2008,1,3,4,2103.0,2020,2340.0,2300,WN,3063,N551WN,97.0,100.0,81.0,40.0,43.0,MDW,RDU,632,3.0,13.0,0,N,0,35.0,0.0,0.0,0.0,5.0
846,2008,1,3,4,726.0,705,957.0,950,WN,3675,N269WN,91.0,105.0,79.0,7.0,21.0,MDW,RDU,632,4.0,8.0,0,N,0,,,,,
847,2008,1,3,4,1523.0,1435,1734.0,1650,WN,1276,N265WN,251.0,255.0,238.0,44.0,48.0,MDW,RNO,1680,5.0,8.0,0,N,0,31.0,0.0,0.0,0.0,13.0
849,2008,1,3,4,2058.0,1955,38.0,2340,WN,1558,N310SW,160.0,165.0,143.0,58.0,63.0,MDW,RSW,1105,5.0,12.0,0,N,0,52.0,0.0,0.0,0.0,6.0
850,2008,1,3,4,1138.0,915,1517.0,1305,WN,3413,N374SW,159.0,170.0,144.0,132.0,143.0,MDW,RSW,1105,4.0,11.0,0,N,0,132.0,0.0,0.0,0.0,0.0
851,2008,1,3,4,1341.0,1240,1602.0,1505,WN,299,N718SW,261.0,265.0,249.0,57.0,61.0,MDW,SAN,1728,3.0,9.0,0,N,0,57.0,0.0,0.0,0.0,0.0
852,2008,1,3,4,720.0,630,934.0,855,WN,339,N213WN,254.0,265.0,243.0,39.0,50.0,MDW,SAN,1728,3.0,8.0,0,N,0,39.0,0.0,0.0,0.0,0.0
853,2008,1,3,4,914.0,820,1129.0,1045,WN,635,N729SW,255.0,265.0,244.0,44.0,54.0,MDW,SAN,1728,3.0,8.0,0,N,0,40.0,0.0,0.0,0.0,4.0
854,2008,1,3,4,1457.0,1430,1725.0,1655,WN,1188,N254WN,268.0,265.0,258.0,30.0,27.0,MDW,SAN,1728,2.0,8.0,0,N,0,23.0,0.0,3.0,0.0,4.0
855,2008,1,3,4,1933.0,1835,2202.0,2100,WN,2729,N754SW,269.0,265.0,253.0,62.0,58.0,MDW,SAN,1728,4.0,12.0,0,N,0,55.0,0.0,4.0,0.0,3.0
856,2008,1,3,4,822.0,750,1048.0,1045,WN,511,N272WN,146.0,175.0,136.0,3.0,32.0,MDW,SAT,1036,3.0,7.0,0,N,0,,,,,
857,2008,1,3,4,2112.0,1845,2346.0,2140,WN,1394,N294WN,154.0,175.0,134.0,126.0,147.0,MDW,SAT,1036,3.0,17.0,0,N,0,44.0,0.0,0.0,0.0,82.0
858,2008,1,3,4,2241.0,2055,48.0,2300,WN,74,N764SW,67.0,65.0,53.0,108.0,106.0,MDW,SDF,271,5.0,9.0,0,N,0,54.0,0.0,2.0,0.0,52.0
859,2008,1,3,4,638.0,625,843.0,830,WN,247,N369SW,65.0,65.0,43.0,13.0,13.0,MDW,SDF,271,3.0,19.0,0,N,0,,,,,
860,2008,1,3,4,1835.0,1755,2035.0,2000,WN,693,N232WN,60.0,65.0,44.0,35.0,40.0,MDW,SDF,271,5.0,11.0,0,N,0,9.0,0.0,0.0,0.0,26.0
861,2008,1,3,4,1424.0,1355,1620.0,1600,WN,823,N725SW,56.0,65.0,42.0,20.0,29.0,MDW,SDF,271,5.0,9.0,0,N,0,10.0,0.0,0.0,0.0,10.0
862,2008,1,3,4,1110.0,1055,1307.0,1300,WN,2019,N392SW,57.0,65.0,46.0,7.0,15.0,MDW,SDF,271,4.0,7.0,0,N,0,,,,,
863,2008,1,3,4,2140.0,2000,2.0,2230,WN,421,N205WN,262.0,270.0,242.0,92.0,100.0,MDW,SEA,1733,4.0,16.0,0,N,0,92.0,0.0,0.0,0.0,0.0
864,2008,1,3,4,1110.0,1040,1323.0,1310,WN,658,N231WN,253.0,270.0,243.0,13.0,30.0,MDW,SEA,1733,4.0,6.0,0,N,0,,,,,
865,2008,1,3,4,824.0,755,1049.0,1025,WN,2702,N209WN,265.0,270.0,247.0,24.0,29.0,MDW,SEA,1733,5.0,13.0,0,N,0,24.0,0.0,0.0,0.0,0.0
866,2008,1,3,4,2131.0,1915,29.0,2205,WN,1009,N478WN,298.0,290.0,274.0,144.0,136.0,MDW,SFO,1855,4.0,20.0,0,N,0,0.0,135.0,8.0,0.0,1.0
867,2008,1,3,4,1736.0,1305,2031.0,1555,WN,1837,N761RR,295.0,290.0,268.0,276.0,271.0,MDW,SFO,1855,4.0,23.0,0,N,0,266.0,0.0,5.0,0.0,5.0
868,2008,1,3,4,1319.0,950,1615.0,1240,WN,3846,N751SW,296.0,290.0,267.0,215.0,209.0,MDW,SFO,1855,4.0,25.0,0,N,0,200.0,0.0,6.0,0.0,9.0
869,2008,1,3,4,824.0,735,1059.0,1020,WN,220,N275WN,275.0,285.0,260.0,39.0,49.0,MDW,SJC,1838,4.0,11.0,0,N,0,39.0,0.0,0.0,0.0,0.0
870,2008,1,3,4,1900.0,1815,2141.0,2100,WN,2199,N900WN,281.0,285.0,265.0,41.0,45.0,MDW,SJC,1838,5.0,11.0,0,N,0,41.0,0.0,0.0,0.0,0.0
871,2008,1,3,4,1024.0,925,1245.0,1155,WN,151,N750SA,201.0,210.0,186.0,50.0,59.0,MDW,SLC,1258,6.0,9.0,0,N,0,30.0,0.0,0.0,0.0,20.0
872,2008,1,3,4,1725.0,1640,1948.0,1910,WN,1662,N461WN,203.0,210.0,185.0,38.0,45.0,MDW,SLC,1258,4.0,14.0,0,N,0,38.0,0.0,0.0,0.0,0.0
873,2008,1,3,4,2052.0,1930,2319.0,2200,WN,163,N469WN,267.0,270.0,253.0,79.0,82.0,MDW,SMF,1790,4.0,10.0,0,N,0,15.0,0.0,0.0,0.0,64.0
874,2008,1,3,4,840.0,825,1116.0,1055,WN,3145,N201LV,276.0,270.0,253.0,21.0,15.0,MDW,SMF,1790,3.0,20.0,0,N,0,15.0,0.0,6.0,0.0,0.0
875,2008,1,3,4,1138.0,1000,1235.0,1105,WN,29,N652SW,57.0,65.0,46.0,90.0,98.0,MDW,STL,251,3.0,8.0,0,N,0,86.0,0.0,0.0,0.0,4.0
876,2008,1,3,4,1802.0,1755,1900.0,1900,WN,166,N741SA,58.0,65.0,46.0,0.0,7.0,MDW,STL,251,4.0,8.0,0,N,0,,,,,
877,2008,1,3,4,2208.0,2125,2259.0,2225,WN,393,N278WN,51.0,60.0,40.0,34.0,43.0,MDW,STL,251,3.0,8.0,0,N,0,34.0,0.0,0.0,0.0,0.0
878,2008,1,3,4,1934.0,1855,2037.0,2000,WN,490,N651SW,63.0,65.0,45.0,37.0,39.0,MDW,STL,251,4.0,14.0,0,N,0,15.0,0.0,0.0,0.0,22.0
882,2008,1,3,4,634.0,625,740.0,725,WN,1586,N293,66.0,60.0,46.0,15.0,9.0,MDW,STL,251,4.0,16.0,0,N,0,9.0,0.0,6.0,0.0,0.0
883,2008,1,3,4,822.0,805,921.0,910,WN,2177,N522SW,59.0,65.0,46.0,11.0,17.0,MDW,STL,251,3.0,10.0,0,N,0,,,,,
885,2008,1,3,4,1754.0,1655,1853.0,1800,WN,2263,N514SW,59.0,65.0,49.0,53.0,59.0,MDW,STL,251,4.0,6.0,0,N,0,47.0,0.0,0.0,0.0,6.0
886,2008,1,3,4,1355.0,1305,1451.0,1410,WN,2361,N348SW,56.0,65.0,44.0,41.0,50.0,MDW,STL,251,4.0,8.0,0,N,0,39.0,0.0,0.0,0.0,2.0
887,2008,1,3,4,1806.0,1740,2126.0,2115,WN,26,N330SW,140.0,155.0,127.0,11.0,26.0,MDW,TPA,997,5.0,8.0,0,N,0,,,,,
888,2008,1,3,4,911.0,845,1232.0,1220,WN,89,N710SW,141.0,155.0,126.0,12.0,26.0,MDW,TPA,997,5.0,10.0,0,N,0,,,,,
889,2008,1,3,4,1412.0,1350,1730.0,1720,WN,477,N433LV,138.0,150.0,126.0,10.0,22.0,MDW,TPA,997,4.0,8.0,0,N,0,,,,,
890,2008,1,3,4,2221.0,2050,135.0,20,WN,514,N432WN,134.0,150.0,122.0,75.0,91.0,MDW,TPA,997,3.0,9.0,0,N,0,44.0,0.0,0.0,0.0,31.0
891,2008,1,3,4,634.0,620,952.0,950,WN,979,N751SW,138.0,150.0,125.0,2.0,14.0,MDW,TPA,997,4.0,9.0,0,N,0,,,,,
892,2008,1,3,4,1841.0,1625,2200.0,2000,WN,1153,N440LV,139.0,155.0,126.0,120.0,136.0,MDW,TPA,997,6.0,7.0,0,N,0,29.0,0.0,0.0,0.0,91.0
893,2008,1,3,4,1100.0,1040,1414.0,1410,WN,1847,N499WN,134.0,150.0,124.0,4.0,20.0,MDW,TPA,997,4.0,6.0,0,N,0,,,,,
894,2008,1,3,4,1149.0,1105,1424.0,1350,WN,280,N460WN,215.0,225.0,202.0,34.0,44.0,MDW,TUS,1440,3.0,10.0,0,N,0,25.0,0.0,0.0,0.0,9.0
895,2008,1,3,4,2015.0,1845,2301.0,2130,WN,422,N779SW,226.0,225.0,210.0,91.0,90.0,MDW,TUS,1440,4.0,12.0,0,N,0,18.0,0.0,1.0,0.0,72.0
896,2008,1,3,4,1216.0,1150,1329.0,1325,WN,145,N482WN,73.0,95.0,61.0,4.0,26.0,MHT,BWI,377,4.0,8.0,0,N,0,,,,,
897,2008,1,3,4,736.0,720,854.0,855,WN,420,N268WN,78.0,95.0,65.0,-1.0,16.0,MHT,BWI,377,2.0,11.0,0,N,0,,,,,
899,2008,1,3,4,1044.0,1010,1155.0,1145,WN,1061,N422WN,71.0,95.0,61.0,10.0,34.0,MHT,BWI,377,2.0,8.0,0,N,0,,,,,
900,2008,1,3,4,2211.0,2130,2327.0,2300,WN,2038,N674AA,76.0,90.0,64.0,27.0,41.0,MHT,BWI,377,3.0,9.0,0,N,0,3.0,0.0,0.0,0.0,24.0
903,2008,1,3,4,1512.0,1445,1656.0,1620,WN,2437,N225WN,104.0,95.0,69.0,36.0,27.0,MHT,BWI,377,27.0,8.0,0,N,0,11.0,0.0,9.0,0.0,16.0
904,2008,1,3,4,1755.0,1715,1910.0,1850,WN,2611,N458WN,75.0,95.0,60.0,20.0,40.0,MHT,BWI,377,5.0,10.0,0,N,0,4.0,0.0,0.0,0.0,16.0
905,2008,1,3,4,1618.0,1555,1736.0,1730,WN,3226,N308SA,78.0,95.0,63.0,6.0,23.0,MHT,BWI,377,4.0,11.0,0,N,0,,,,,
906,2008,1,3,4,1404.0,1305,1518.0,1435,WN,3691,N257WN,74.0,90.0,61.0,43.0,59.0,MHT,BWI,377,3.0,10.0,0,N,0,4.0,0.0,0.0,0.0,39.0
907,2008,1,3,4,754.0,645,1028.0,950,WN,2719,N466WN,334.0,365.0,320.0,38.0,69.0,MHT,LAS,2356,5.0,9.0,0,N,0,38.0,0.0,0.0,0.0,0.0
908,2008,1,3,4,1206.0,1135,1511.0,1500,WN,976,N235WN,185.0,205.0,156.0,11.0,31.0,MHT,MCO,1142,21.0,8.0,0,N,0,,,,,
909,2008,1,3,4,1005.0,940,1255.0,1305,WN,1933,N419WN,170.0,205.0,155.0,-10.0,25.0,MHT,MCO,1142,7.0,8.0,0,N,0,,,,,
910,2008,1,3,4,1909.0,1650,2158.0,2010,WN,2213,N291WN,169.0,200.0,155.0,108.0,139.0,MHT,MCO,1142,3.0,11.0,0,N,0,6.0,0.0,0.0,0.0,102.0
912,2008,1,3,4,2332.0,2115,216.0,30,WN,3680,N606SW,164.0,195.0,155.0,106.0,137.0,MHT,MCO,1142,3.0,6.0,0,N,0,0.0,0.0,0.0,0.0,106.0
913,2008,1,3,4,1048.0,1005,1201.0,1140,WN,813,N679AA,133.0,155.0,117.0,21.0,43.0,MHT,MDW,838,6.0,10.0,0,N,0,3.0,0.0,0.0,0.0,18.0
914,2008,1,3,4,2114.0,2100,2234.0,2235,WN,2704,N462WN,140.0,155.0,122.0,-1.0,14.0,MHT,MDW,838,7.0,11.0,0,N,0,,,,,
915,2008,1,3,4,1824.0,1750,1941.0,1925,WN,2888,N713SW,137.0,155.0,124.0,16.0,34.0,MHT,MDW,838,6.0,7.0,0,N,0,0.0,0.0,0.0,0.0,16.0
916,2008,1,3,4,1448.0,1410,1601.0,1545,WN,2900,N761RR,133.0,155.0,120.0,16.0,38.0,MHT,MDW,838,6.0,7.0,0,N,0,8.0,0.0,0.0,0.0,8.0
917,2008,1,3,4,627.0,620,745.0,800,WN,3145,N201LV,138.0,160.0,120.0,-15.0,7.0,MHT,MDW,838,10.0,8.0,0,N,0,,,,,
918,2008,1,3,4,1740.0,1630,1852.0,1800,WN,312,N604SW,72.0,90.0,57.0,52.0,70.0,MHT,PHL,290,6.0,9.0,0,N,0,12.0,0.0,0.0,0.0,40.0
919,2008,1,3,4,1422.0,1415,1533.0,1545,WN,1082,N347SW,71.0,90.0,61.0,-12.0,7.0,MHT,PHL,290,4.0,6.0,0,N,0,,,,,
920,2008,1,3,4,716.0,700,838.0,830,WN,1849,N677AA,82.0,90.0,67.0,8.0,16.0,MHT,PHL,290,6.0,9.0,0,N,0,,,,,
921,2008,1,3,4,950.0,920,1105.0,1045,WN,2463,N771SA,75.0,85.0,57.0,20.0,30.0,MHT,PHL,290,7.0,11.0,0,N,0,16.0,0.0,0.0,0.0,4.0
922,2008,1,3,4,1300.0,1210,1417.0,1340,WN,3316,N290WN,77.0,90.0,65.0,37.0,50.0,MHT,PHL,290,4.0,8.0,0,N,0,4.0,0.0,0.0,0.0,33.0
923,2008,1,3,4,1904.0,1855,2022.0,2025,WN,3685,N790SW,78.0,90.0,59.0,-3.0,9.0,MHT,PHL,290,4.0,15.0,0,N,0,,,,,
924,2008,1,3,4,1652.0,1635,2030.0,2030,WN,1033,N757LV,338.0,355.0,320.0,0.0,17.0,MHT,PHX,2279,4.0,14.0,0,N,0,,,,,
925,2008,1,3,4,946.0,755,1259.0,1125,WN,3241,N221WN,193.0,210.0,164.0,94.0,111.0,MHT,TPA,1204,5.0,24.0,0,N,0,94.0,0.0,0.0,0.0,0.0
926,2008,1,3,4,1422.0,1350,1721.0,1725,WN,3516,N368SW,179.0,215.0,164.0,-4.0,32.0,MHT,TPA,1204,3.0,12.0,0,N,0,,,,,
928,2008,1,3,4,1249.0,1120,1343.0,1235,WN,521,N781WN,54.0,75.0,47.0,68.0,89.0,MSY,BHM,321,2.0,5.0,0,N,0,60.0,0.0,0.0,0.0,8.0
932,2008,1,3,4,837.0,825,1204.0,1140,WN,432,N643SW,147.0,135.0,140.0,24.0,12.0,MSY,BWI,998,2.0,5.0,0,N,0,12.0,0.0,12.0,0.0,0.0
935,2008,1,3,4,909.0,855,1029.0,1020,WN,467,N626SW,80.0,85.0,71.0,9.0,14.0,MSY,DAL,437,3.0,6.0,0,N,0,,,,,
936,2008,1,3,4,1626.0,1505,1748.0,1630,WN,1936,N295WN,82.0,85.0,71.0,78.0,81.0,MSY,DAL,437,5.0,6.0,0,N,0,65.0,0.0,0.0,0.0,13.0
937,2008,1,3,4,1210.0,1200,1327.0,1325,WN,2101,N222WN,77.0,85.0,69.0,2.0,10.0,MSY,DAL,437,4.0,4.0,0,N,0,,,,,
939,2008,1,3,4,1211.0,1205,1453.0,1445,WN,1194,N664WN,102.0,100.0,92.0,8.0,6.0,MSY,FLL,673,5.0,5.0,0,N,0,,,,,
940,2008,1,3,4,1530.0,1355,1634.0,1505,WN,223,N677AA,64.0,70.0,54.0,89.0,95.0,MSY,HOU,303,4.0,6.0,0,N,0,82.0,0.0,0.0,0.0,7.0
941,2008,1,3,4,2007.0,1930,2106.0,2040,WN,570,N357SW,59.0,70.0,53.0,26.0,37.0,MSY,HOU,303,2.0,4.0,0,N,0,0.0,0.0,0.0,0.0,26.0
942,2008,1,3,4,2118.0,2100,2217.0,2205,WN,623,N724SW,59.0,65.0,50.0,12.0,18.0,MSY,HOU,303,3.0,6.0,0,N,0,,,,,
943,2008,1,3,4,1316.0,1135,1413.0,1245,WN,689,N426WN,57.0,70.0,50.0,88.0,101.0,MSY,HOU,303,3.0,4.0,0,N,0,55.0,0.0,0.0,0.0,33.0
944,2008,1,3,4,1708.0,1645,1815.0,1755,WN,1192,N274WN,67.0,70.0,55.0,20.0,23.0,MSY,HOU,303,3.0,9.0,0,N,0,10.0,0.0,0.0,0.0,10.0
945,2008,1,3,4,957.0,945,1101.0,1055,WN,1343,N523SW,64.0,70.0,54.0,6.0,12.0,MSY,HOU,303,3.0,7.0,0,N,0,,,,,
952,2008,1,3,4,1645.0,1635,1832.0,1835,WN,1254,N490WN,227.0,240.0,219.0,-3.0,10.0,MSY,LAS,1501,4.0,4.0,0,N,0,,,,,
954,2008,1,3,4,1417.0,1400,1646.0,1640,WN,1170,N625SW,89.0,100.0,76.0,6.0,17.0,MSY,MCO,550,7.0,6.0,0,N,0,,,,,
955,2008,1,3,4,2022.0,2010,2248.0,2245,WN,2624,N693SW,86.0,95.0,76.0,3.0,12.0,MSY,MCO,550,3.0,7.0,0,N,0,,,,,
957,2008,1,3,4,1740.0,1645,1948.0,1855,WN,714,N305SW,128.0,130.0,115.0,53.0,55.0,MSY,MDW,825,7.0,6.0,0,N,0,8.0,0.0,0.0,0.0,45.0
958,2008,1,3,4,1324.0,1230,1548.0,1510,WN,169,N550WN,204.0,220.0,193.0,38.0,54.0,MSY,PHX,1301,5.0,6.0,0,N,0,3.0,0.0,0.0,0.0,35.0
960,2008,1,3,4,1406.0,1240,1622.0,1505,WN,788,N427WN,76.0,85.0,67.0,77.0,86.0,MSY,TPA,487,4.0,5.0,0,N,0,64.0,0.0,0.0,0.0,13.0
961,2008,1,3,4,638.0,630,859.0,855,WN,806,N711HK,81.0,85.0,72.0,4.0,8.0,MSY,TPA,487,4.0,5.0,0,N,0,,,,,
962,2008,1,3,4,1148.0,1055,1459.0,1410,WN,45,N631SW,131.0,135.0,110.0,49.0,53.0,OAK,ABQ,889,5.0,16.0,0,N,0,49.0,0.0,0.0,0.0,0.0
964,2008,1,3,4,1938.0,1920,2256.0,2230,WN,527,N727SW,138.0,130.0,107.0,26.0,18.0,OAK,ABQ,889,5.0,26.0,0,N,0,0.0,0.0,8.0,0.0,18.0
965,2008,1,3,4,1152.0,1120,1802.0,1730,WN,882,N774SW,250.0,250.0,232.0,32.0,32.0,OAK,BNA,1959,5.0,13.0,0,N,0,21.0,0.0,0.0,0.0,11.0
966,2008,1,3,4,1051.0,1010,1314.0,1240,WN,783,N306SW,83.0,90.0,66.0,34.0,41.0,OAK,BOI,511,3.0,14.0,0,N,0,12.0,0.0,0.0,0.0,22.0
967,2008,1,3,4,1953.0,1935,2218.0,2200,WN,2612,N479WN,85.0,85.0,64.0,18.0,18.0,OAK,BOI,511,3.0,18.0,0,N,0,18.0,0.0,0.0,0.0,0.0
968,2008,1,3,4,1632.0,1615,1738.0,1720,WN,346,N489WN,66.0,65.0,48.0,18.0,17.0,OAK,BUR,325,3.0,15.0,0,N,0,0.0,0.0,1.0,0.0,17.0
969,2008,1,3,4,2000.0,1855,2109.0,2000,WN,444,N682SW,69.0,65.0,49.0,69.0,65.0,OAK,BUR,325,2.0,18.0,0,N,0,0.0,0.0,4.0,0.0,65.0
970,2008,1,3,4,1502.0,1445,1607.0,1550,WN,481,N413WN,65.0,65.0,49.0,17.0,17.0,OAK,BUR,325,2.0,14.0,0,N,0,14.0,0.0,0.0,0.0,3.0
971,2008,1,3,4,1229.0,1135,1341.0,1240,WN,891,N400WN,72.0,65.0,49.0,61.0,54.0,OAK,BUR,325,2.0,21.0,0,N,0,1.0,0.0,7.0,0.0,53.0
972,2008,1,3,4,2051.0,2015,2151.0,2120,WN,1150,N235WN,60.0,65.0,48.0,31.0,36.0,OAK,BUR,325,2.0,10.0,0,N,0,14.0,0.0,0.0,0.0,17.0
973,2008,1,3,4,938.0,930,1044.0,1035,WN,1171,N682SW,66.0,65.0,53.0,9.0,8.0,OAK,BUR,325,2.0,11.0,0,N,0,,,,,
976,2008,1,3,4,1628.0,1520,1729.0,1625,WN,1311,N605SW,61.0,65.0,50.0,64.0,68.0,OAK,BUR,325,1.0,10.0,0,N,0,17.0,0.0,0.0,0.0,47.0
979,2008,1,3,4,1816.0,1750,1921.0,1855,WN,2550,N771SA,65.0,65.0,49.0,26.0,26.0,OAK,BUR,325,2.0,14.0,0,N,0,13.0,0.0,0.0,0.0,13.0
980,2008,1,3,4,1243.0,1220,1345.0,1325,WN,2614,N602SW,62.0,65.0,50.0,20.0,23.0,OAK,BUR,325,2.0,10.0,0,N,0,20.0,0.0,0.0,0.0,0.0
981,2008,1,3,4,2059.0,1930,2206.0,2035,WN,2732,N705SW,67.0,65.0,48.0,91.0,89.0,OAK,BUR,325,2.0,17.0,0,N,0,15.0,0.0,2.0,0.0,74.0
983,2008,1,3,4,2146.0,2050,2251.0,2155,WN,3589,N601WN,65.0,65.0,51.0,56.0,56.0,OAK,BUR,325,2.0,12.0,0,N,0,13.0,0.0,0.0,0.0,43.0
984,2008,1,3,4,817.0,805,919.0,910,WN,3772,N708SA,62.0,65.0,49.0,9.0,12.0,OAK,BUR,325,2.0,11.0,0,N,0,,,,,
985,2008,1,3,4,1322.0,1310,1638.0,1635,WN,494,N441WN,136.0,145.0,113.0,3.0,12.0,OAK,DEN,957,13.0,10.0,0,N,0,,,,,
986,2008,1,3,4,1740.0,1650,2055.0,2015,WN,497,N445WN,135.0,145.0,113.0,40.0,50.0,OAK,DEN,957,8.0,14.0,0,N,0,0.0,0.0,7.0,0.0,33.0
987,2008,1,3,4,2010.0,1910,2326.0,2235,WN,1426,N720WN,136.0,145.0,114.0,51.0,60.0,OAK,DEN,957,8.0,14.0,0,N,0,10.0,0.0,0.0,0.0,41.0
988,2008,1,3,4,642.0,630,957.0,955,WN,1502,N656SW,135.0,145.0,114.0,2.0,12.0,OAK,DEN,957,7.0,14.0,0,N,0,,,,,
989,2008,1,3,4,1031.0,1015,1344.0,1340,WN,1760,N640SW,133.0,145.0,117.0,4.0,16.0,OAK,DEN,957,6.0,10.0,0,N,0,,,,,
990,2008,1,3,4,2155.0,1940,2350.0,2140,WN,223,N223WN,115.0,120.0,93.0,130.0,135.0,OAK,GEG,723,5.0,17.0,0,N,0,19.0,0.0,0.0,0.0,111.0
991,2008,1,3,4,1004.0,935,1142.0,1135,WN,2639,N777QC,98.0,120.0,86.0,7.0,29.0,OAK,GEG,723,4.0,8.0,0,N,0,,,,,
992,2008,1,3,4,1620.0,1520,2144.0,2100,WN,78,N268WN,204.0,220.0,189.0,44.0,60.0,OAK,HOU,1642,3.0,12.0,0,N,0,14.0,0.0,0.0,0.0,30.0
994,2008,1,3,4,1623.0,1500,1752.0,1625,WN,302,N473WN,89.0,85.0,62.0,87.0,83.0,OAK,LAS,407,4.0,23.0,0,N,0,83.0,0.0,4.0,0.0,0.0
995,2008,1,3,4,2154.0,2040,2314.0,2205,WN,428,N683SW,80.0,85.0,63.0,69.0,74.0,OAK,LAS,407,4.0,13.0,0,N,0,2.0,0.0,0.0,0.0,67.0
996,2008,1,3,4,1322.0,1245,1444.0,1410,WN,500,N799SW,82.0,85.0,64.0,34.0,37.0,OAK,LAS,407,3.0,15.0,0,N,0,34.0,0.0,0.0,0.0,0.0
1000,2008,1,3,4,2059.0,1945,2220.0,2105,WN,890,N788SA,81.0,80.0,61.0,75.0,74.0,OAK,LAS,407,6.0,14.0,0,N,0,41.0,0.0,1.0,0.0,33.0
1002,2008,1,3,4,1504.0,1355,1631.0,1520,WN,1585,N766SW,87.0,85.0,66.0,71.0,69.0,OAK,LAS,407,8.0,13.0,0,N,0,50.0,0.0,2.0,0.0,19.0
1003,2008,1,3,4,1140.0,1125,1303.0,1250,WN,1918,N267WN,83.0,85.0,68.0,13.0,15.0,OAK,LAS,407,7.0,8.0,0,N,0,,,,,
1004,2008,1,3,4,1615.0,1540,1741.0,1705,WN,2632,N784SW,86.0,85.0,65.0,36.0,35.0,OAK,LAS,407,5.0,16.0,0,N,0,16.0,0.0,1.0,0.0,19.0
1005,2008,1,3,4,1647.0,1630,1829.0,1755,WN,3327,N282WN,102.0,85.0,59.0,34.0,17.0,OAK,LAS,407,20.0,23.0,0,N,0,2.0,0.0,17.0,0.0,15.0
1006,2008,1,3,4,2142.0,2120,2310.0,2245,WN,3396,N787SA,88.0,85.0,59.0,25.0,22.0,OAK,LAS,407,17.0,12.0,0,N,0,22.0,0.0,3.0,0.0,0.0
1007,2008,1,3,4,1816.0,1745,1954.0,1910,WN,3940,N434WN,98.0,85.0,61.0,44.0,31.0,OAK,LAS,407,20.0,17.0,0,N,0,0.0,0.0,13.0,0.0,31.0
1008,2008,1,3,4,1209.0,1200,1319.0,1315,WN,75,N283WN,70.0,75.0,53.0,4.0,9.0,OAK,LAX,337,7.0,10.0,0,N,0,,,,,
1009,2008,1,3,4,928.0,900,1042.0,1020,WN,96,N311SW,74.0,80.0,54.0,22.0,28.0,OAK,LAX,337,6.0,14.0,0,N,0,9.0,0.0,0.0,0.0,13.0
1011,2008,1,3,4,1551.0,1530,1704.0,1645,WN,230,N364SW,73.0,75.0,52.0,19.0,21.0,OAK,LAX,337,6.0,15.0,0,N,0,9.0,0.0,0.0,0.0,10.0
1012,2008,1,3,4,2015.0,2000,2138.0,2120,WN,252,N359SW,83.0,80.0,59.0,18.0,15.0,OAK,LAX,337,7.0,17.0,0,N,0,3.0,0.0,3.0,0.0,12.0
1013,2008,1,3,4,837.0,830,951.0,945,WN,304,N326SW,74.0,75.0,57.0,6.0,7.0,OAK,LAX,337,8.0,9.0,0,N,0,,,,,
1017,2008,1,3,4,1821.0,1730,1949.0,1845,WN,925,N384SW,88.0,75.0,58.0,64.0,51.0,OAK,LAX,337,8.0,22.0,0,N,0,8.0,0.0,13.0,0.0,43.0
1018,2008,1,3,4,1426.0,1400,1545.0,1515,WN,1107,N708SA,79.0,75.0,51.0,30.0,26.0,OAK,LAX,337,19.0,9.0,0,N,0,19.0,0.0,4.0,0.0,7.0
1019,2008,1,3,4,2221.0,2100,2335.0,2215,WN,1192,N274WN,74.0,75.0,52.0,80.0,81.0,OAK,LAX,337,9.0,13.0,0,N,0,18.0,0.0,0.0,0.0,62.0
1020,2008,1,3,4,1937.0,1830,2051.0,1945,WN,1485,N605SW,74.0,75.0,52.0,66.0,67.0,OAK,LAX,337,6.0,16.0,0,N,0,1.0,0.0,0.0,0.0,65.0
1021,2008,1,3,4,1730.0,1600,1859.0,1715,WN,1671,N684WN,89.0,75.0,55.0,104.0,90.0,OAK,LAX,337,15.0,19.0,0,N,0,1.0,0.0,14.0,0.0,89.0
1023,2008,1,3,4,1731.0,1700,1844.0,1815,WN,2208,N632SW,73.0,75.0,53.0,29.0,31.0,OAK,LAX,337,6.0,14.0,0,N,0,0.0,0.0,0.0,0.0,29.0
1025,2008,1,3,4,1122.0,1100,1237.0,1215,WN,2733,N647SW,75.0,75.0,57.0,22.0,22.0,OAK,LAX,337,6.0,12.0,0,N,0,9.0,0.0,0.0,0.0,13.0
1026,2008,1,3,4,808.0,800,920.0,915,WN,3245,N780SW,72.0,75.0,54.0,5.0,8.0,OAK,LAX,337,8.0,10.0,0,N,0,,,,,
1027,2008,1,3,4,1827.0,1800,1952.0,1915,WN,3394,N667SW,85.0,75.0,55.0,37.0,27.0,OAK,LAX,337,7.0,23.0,0,N,0,13.0,0.0,10.0,0.0,14.0
1028,2008,1,3,4,1935.0,1900,2049.0,2015,WN,3939,N654SW,74.0,75.0,53.0,34.0,35.0,OAK,LAX,337,5.0,16.0,0,N,0,13.0,0.0,0.0,0.0,21.0
1029,2008,1,3,4,814.0,755,1324.0,1320,WN,3320,N354SW,190.0,205.0,177.0,4.0,19.0,OAK,MCI,1489,4.0,9.0,0,N,0,,,,,
1030,2008,1,3,4,1433.0,1340,1936.0,1905,WN,3829,N465WN,183.0,205.0,170.0,31.0,53.0,OAK,MCI,1489,5.0,8.0,0,N,0,23.0,0.0,0.0,0.0,8.0
1032,2008,1,3,4,1519.0,1425,2102.0,2025,WN,514,N432WN,223.0,240.0,210.0,37.0,54.0,OAK,MDW,1844,5.0,8.0,0,N,0,19.0,0.0,0.0,0.0,18.0
1034,2008,1,3,4,1358.0,1210,1953.0,1815,WN,1136,N733SA,235.0,245.0,213.0,98.0,108.0,OAK,MDW,1844,7.0,15.0,0,N,0,25.0,0.0,0.0,0.0,73.0
1035,2008,1,3,4,1943.0,1715,137.0,2310,WN,2091,N426WN,234.0,235.0,204.0,147.0,148.0,OAK,MDW,1844,6.0,24.0,0,N,0,19.0,0.0,0.0,0.0,128.0
1036,2008,1,3,4,1456.0,1445,1605.0,1555,WN,84,N669SW,69.0,70.0,56.0,10.0,11.0,OAK,ONT,361,3.0,10.0,0,N,0,,,,,
1038,2008,1,3,4,2115.0,2000,2235.0,2115,WN,464,N795SW,80.0,75.0,56.0,80.0,75.0,OAK,ONT,361,5.0,19.0,0,N,0,24.0,0.0,5.0,0.0,51.0
1039,2008,1,3,4,2217.0,2050,2329.0,2205,WN,582,N629SW,72.0,75.0,56.0,84.0,87.0,OAK,ONT,361,5.0,11.0,0,N,0,21.0,0.0,0.0,0.0,63.0
1040,2008,1,3,4,1812.0,1705,1926.0,1820,WN,835,N460WN,74.0,75.0,54.0,66.0,67.0,OAK,ONT,361,4.0,16.0,0,N,0,14.0,0.0,0.0,0.0,52.0
1041,2008,1,3,4,1323.0,1245,1452.0,1400,WN,898,N328SW,89.0,75.0,57.0,52.0,38.0,OAK,ONT,361,5.0,27.0,0,N,0,17.0,0.0,14.0,0.0,21.0
1042,2008,1,3,4,1932.0,1850,2051.0,2005,WN,988,N636WN,79.0,75.0,57.0,46.0,42.0,OAK,ONT,361,5.0,17.0,0,N,0,8.0,0.0,4.0,0.0,34.0
1047,2008,1,3,4,1550.0,1540,1710.0,1655,WN,3765,N654SW,80.0,75.0,55.0,15.0,10.0,OAK,ONT,361,4.0,21.0,0,N,0,7.0,0.0,5.0,0.0,3.0
1049,2008,1,3,4,1743.0,1650,1921.0,1830,WN,430,N328SW,98.0,100.0,79.0,51.0,53.0,OAK,PDX,543,4.0,15.0,0,N,0,29.0,0.0,0.0,0.0,22.0
1050,2008,1,3,4,621.0,615,753.0,755,WN,491,N331SW,92.0,100.0,77.0,-2.0,6.0,OAK,PDX,543,4.0,11.0,0,N,0,,,,,
1051,2008,1,3,4,2238.0,2115,6.0,2255,WN,644,N423WN,88.0,100.0,73.0,71.0,83.0,OAK,PDX,543,5.0,10.0,0,N,0,8.0,0.0,0.0,0.0,63.0
1052,2008,1,3,4,2022.0,1940,2157.0,2120,WN,829,N476WN,95.0,100.0,72.0,37.0,42.0,OAK,PDX,543,8.0,15.0,0,N,0,11.0,0.0,0.0,0.0,26.0
1053,2008,1,3,4,1222.0,1215,1352.0,1355,WN,2011,N292WN,90.0,100.0,74.0,-3.0,7.0,OAK,PDX,543,3.0,13.0,0,N,0,,,,,
1054,2008,1,3,4,2230.0,2050,104.0,2340,WN,190,N378SW,94.0,110.0,84.0,84.0,100.0,OAK,PHX,646,2.0,8.0,0,N,0,0.0,0.0,6.0,0.0,78.0
1055,2008,1,3,4,1652.0,1635,1938.0,1930,WN,753,N248WN,106.0,115.0,85.0,8.0,17.0,OAK,PHX,646,5.0,16.0,0,N,0,,,,,
1056,2008,1,3,4,1317.0,1300,1553.0,1550,WN,933,N214WN,96.0,110.0,85.0,3.0,17.0,OAK,PHX,646,3.0,8.0,0,N,0,,,,,
1058,2008,1,3,4,2015.0,1815,2255.0,2110,WN,1222,N304SW,100.0,115.0,86.0,105.0,120.0,OAK,PHX,646,4.0,10.0,0,N,0,2.0,0.0,0.0,0.0,103.0
1059,2008,1,3,4,1209.0,1125,1447.0,1415,WN,1686,N207WN,98.0,110.0,86.0,32.0,44.0,OAK,PHX,646,3.0,9.0,0,N,0,6.0,0.0,0.0,0.0,26.0
1061,2008,1,3,4,1727.0,1605,1824.0,1655,WN,985,N752SW,57.0,50.0,31.0,89.0,82.0,OAK,RNO,180,5.0,21.0,0,N,0,14.0,0.0,7.0,0.0,68.0
1062,2008,1,3,4,2050.0,2040,2139.0,2130,WN,1587,N706SW,49.0,50.0,33.0,9.0,10.0,OAK,RNO,180,3.0,13.0,0,N,0,,,,,
1063,2008,1,3,4,748.0,740,834.0,830,WN,2113,N350SW,46.0,50.0,31.0,4.0,8.0,OAK,RNO,180,4.0,11.0,0,N,0,,,,,
1064,2008,1,3,4,1330.0,1255,1435.0,1345,WN,3502,N601WN,65.0,50.0,33.0,50.0,35.0,OAK,RNO,180,4.0,28.0,0,N,0,30.0,0.0,15.0,0.0,5.0
1065,2008,1,3,4,1736.0,1650,1858.0,1815,WN,318,N474WN,82.0,85.0,61.0,43.0,46.0,OAK,SAN,446,4.0,17.0,0,N,0,0.0,0.0,1.0,0.0,42.0
1068,2008,1,3,4,1257.0,1250,1413.0,1410,WN,639,N773SA,76.0,80.0,63.0,3.0,7.0,OAK,SAN,446,3.0,10.0,0,N,0,,,,,
1069,2008,1,3,4,1457.0,1430,1613.0,1550,WN,828,N270WN,76.0,80.0,66.0,23.0,27.0,OAK,SAN,446,2.0,8.0,0,N,0,17.0,0.0,0.0,0.0,6.0
1070,2008,1,3,4,1013.0,955,1132.0,1120,WN,1022,N655WN,79.0,85.0,69.0,12.0,18.0,OAK,SAN,446,2.0,8.0,0,N,0,,,,,
1071,2008,1,3,4,1213.0,1140,1332.0,1305,WN,1065,N473WN,79.0,85.0,64.0,27.0,33.0,OAK,SAN,446,3.0,12.0,0,N,0,5.0,0.0,0.0,0.0,22.0
1072,2008,1,3,4,1813.0,1745,1945.0,1910,WN,1255,N361SW,92.0,85.0,66.0,35.0,28.0,OAK,SAN,446,3.0,23.0,0,N,0,0.0,0.0,7.0,0.0,28.0
1073,2008,1,3,4,1945.0,1930,2110.0,2055,WN,2269,N489WN,85.0,85.0,61.0,15.0,15.0,OAK,SAN,446,3.0,21.0,0,N,0,0.0,0.0,5.0,0.0,10.0
1075,2008,1,3,4,1421.0,1330,1539.0,1455,WN,2719,N466WN,78.0,85.0,64.0,44.0,51.0,OAK,SAN,446,4.0,10.0,0,N,0,18.0,0.0,0.0,0.0,26.0
1076,2008,1,3,4,1651.0,1620,1818.0,1745,WN,2884,N795SW,87.0,85.0,67.0,33.0,31.0,OAK,SAN,446,4.0,16.0,0,N,0,11.0,0.0,2.0,0.0,20.0
1077,2008,1,3,4,738.0,730,855.0,855,WN,2982,N455WN,77.0,85.0,66.0,0.0,8.0,OAK,SAN,446,2.0,9.0,0,N,0,,,,,
1078,2008,1,3,4,2056.0,2010,2221.0,2135,WN,3058,N224WN,85.0,85.0,66.0,46.0,46.0,OAK,SAN,446,4.0,15.0,0,N,0,12.0,0.0,0.0,0.0,34.0
1083,2008,1,3,4,1503.0,1415,1729.0,1615,WN,237,N281WN,146.0,120.0,91.0,74.0,48.0,OAK,SEA,671,5.0,50.0,0,N,0,8.0,0.0,26.0,0.0,40.0
1084,2008,1,3,4,1223.0,1145,1413.0,1345,WN,256,N336SW,110.0,120.0,89.0,28.0,38.0,OAK,SEA,671,3.0,18.0,0,N,0,22.0,0.0,0.0,0.0,6.0
1086,2008,1,3,4,1800.0,1735,2014.0,1935,WN,872,N337SW,134.0,120.0,106.0,39.0,25.0,OAK,SEA,671,4.0,24.0,0,N,0,12.0,0.0,14.0,0.0,13.0
1087,2008,1,3,4,1745.0,1655,2000.0,1855,WN,1071,N315SW,135.0,120.0,113.0,65.0,50.0,OAK,SEA,671,7.0,15.0,0,N,0,20.0,0.0,15.0,0.0,30.0
1088,2008,1,3,4,2153.0,2055,2347.0,2255,WN,2730,N273WN,114.0,120.0,91.0,52.0,58.0,OAK,SEA,671,5.0,18.0,0,N,0,20.0,0.0,0.0,0.0,32.0
1091,2008,1,3,4,1325.0,1300,1611.0,1540,WN,125,N782SA,106.0,100.0,83.0,31.0,25.0,OAK,SLC,588,2.0,21.0,0,N,0,21.0,0.0,6.0,0.0,4.0
1092,2008,1,3,4,2120.0,2030,2359.0,2310,WN,246,N487WN,99.0,100.0,76.0,49.0,50.0,OAK,SLC,588,6.0,17.0,0,N,0,8.0,0.0,0.0,0.0,41.0
1094,2008,1,3,4,1039.0,1015,1316.0,1300,WN,1678,N219WN,97.0,105.0,77.0,16.0,24.0,OAK,SLC,588,5.0,15.0,0,N,0,1.0,0.0,0.0,0.0,15.0
1095,2008,1,3,4,1741.0,1640,2027.0,1920,WN,2282,N739GB,106.0,100.0,83.0,67.0,61.0,OAK,SLC,588,3.0,20.0,0,N,0,0.0,0.0,6.0,0.0,61.0
1096,2008,1,3,4,1857.0,1850,2027.0,2010,WN,80,N422WN,90.0,80.0,64.0,17.0,7.0,OAK,SNA,371,4.0,22.0,0,N,0,0.0,0.0,10.0,0.0,7.0
1097,2008,1,3,4,2118.0,2105,2234.0,2225,WN,83,N771SA,76.0,80.0,60.0,9.0,13.0,OAK,SNA,371,4.0,12.0,0,N,0,,,,,
1098,2008,1,3,4,1716.0,1630,1832.0,1750,WN,105,N292WN,76.0,80.0,60.0,42.0,46.0,OAK,SNA,371,4.0,12.0,0,N,0,30.0,0.0,0.0,0.0,12.0
1100,2008,1,3,4,1325.0,1220,1453.0,1340,WN,1854,N758SW,88.0,80.0,63.0,73.0,65.0,OAK,SNA,371,3.0,22.0,0,N,0,15.0,0.0,8.0,0.0,50.0
1104,2008,1,3,4,1445.0,1405,1602.0,1525,WN,3766,N434WN,77.0,80.0,62.0,37.0,40.0,OAK,SNA,371,3.0,12.0,0,N,0,17.0,0.0,0.0,0.0,20.0
1105,2008,1,3,4,1844.0,1810,2137.0,2125,WN,3402,N744SW,113.0,135.0,92.0,12.0,34.0,OAK,TUS,747,3.0,18.0,0,N,0,,,,,
1106,2008,1,3,4,908.0,900,1248.0,1250,WN,128,N225WN,160.0,170.0,151.0,-2.0,8.0,OKC,BWI,1180,3.0,6.0,0,N,0,,,,,
1109,2008,1,3,4,1701.0,1655,1751.0,1745,WN,1760,N640SW,50.0,50.0,40.0,6.0,6.0,OKC,DAL,181,4.0,6.0,0,N,0,,,,,
1110,2008,1,3,4,1940.0,1930,2031.0,2020,WN,2553,N394SW,51.0,50.0,39.0,11.0,10.0,OKC,DAL,181,4.0,8.0,0,N,0,,,,,
1113,2008,1,3,4,1948.0,1910,2025.0,1945,WN,900,N679AA,97.0,95.0,81.0,40.0,38.0,OKC,DEN,495,8.0,8.0,0,N,0,11.0,0.0,2.0,0.0,27.0
1115,2008,1,3,4,1252.0,1245,1404.0,1405,WN,449,N528SW,72.0,80.0,61.0,-1.0,7.0,OKC,HOU,419,3.0,8.0,0,N,0,,,,,
1117,2008,1,3,4,1944.0,1830,2053.0,1950,WN,1257,N507SW,69.0,80.0,60.0,63.0,74.0,OKC,HOU,419,2.0,7.0,0,N,0,5.0,0.0,0.0,0.0,58.0
1118,2008,1,3,4,1347.0,1340,1425.0,1425,WN,354,N496WN,158.0,165.0,145.0,0.0,7.0,OKC,LAS,987,5.0,8.0,0,N,0,,,,,
1121,2008,1,3,4,1914.0,1855,2017.0,2000,WN,1230,N677AA,63.0,65.0,50.0,17.0,19.0,OKC,MCI,313,4.0,9.0,0,N,0,0.0,0.0,0.0,0.0,17.0
1123,2008,1,3,4,1717.0,1625,1843.0,1750,WN,303,N683SW,146.0,145.0,135.0,53.0,52.0,OKC,PHX,833,4.0,7.0,0,N,0,5.0,0.0,1.0,0.0,47.0
1124,2008,1,3,4,1403.0,1305,1525.0,1430,WN,877,N362SW,142.0,145.0,132.0,55.0,58.0,OKC,PHX,833,4.0,6.0,0,N,0,3.0,0.0,0.0,0.0,52.0
1126,2008,1,3,4,1658.0,1630,1817.0,1750,WN,86,N627SW,79.0,80.0,67.0,27.0,28.0,OKC,STL,462,5.0,7.0,0,N,0,16.0,0.0,0.0,0.0,11.0
1128,2008,1,3,4,1726.0,1720,1820.0,1820,WN,484,N673AA,174.0,180.0,160.0,0.0,6.0,OMA,LAS,1099,4.0,10.0,0,N,0,,,,,
1131,2008,1,3,4,2023.0,1920,2153.0,2040,WN,153,N658SW,90.0,80.0,64.0,73.0,63.0,OMA,MDW,423,19.0,7.0,0,N,0,0.0,0.0,10.0,0.0,63.0
1132,2008,1,3,4,857.0,850,1012.0,1010,WN,566,N374SW,75.0,80.0,63.0,2.0,7.0,OMA,MDW,423,4.0,8.0,0,N,0,,,,,
1133,2008,1,3,4,1618.0,1430,1733.0,1550,WN,1153,N440LV,75.0,80.0,63.0,103.0,108.0,OMA,MDW,423,4.0,8.0,0,N,0,1.0,0.0,0.0,0.0,102.0
1134,2008,1,3,4,1121.0,1105,1242.0,1225,WN,1333,N334SW,81.0,80.0,67.0,17.0,16.0,OMA,MDW,423,6.0,8.0,0,N,0,5.0,0.0,1.0,0.0,11.0
1136,2008,1,3,4,1925.0,1750,2045.0,1910,WN,3919,N205WN,80.0,80.0,61.0,95.0,95.0,OMA,MDW,423,6.0,13.0,0,N,0,0.0,0.0,0.0,0.0,95.0
1137,2008,1,3,4,2045.0,1905,2238.0,2100,WN,242,N797MX,173.0,175.0,161.0,98.0,100.0,OMA,PHX,1037,5.0,7.0,0,N,0,11.0,0.0,0.0,0.0,87.0
1138,2008,1,3,4,1208.0,1145,1352.0,1340,WN,555,N506SW,164.0,175.0,152.0,12.0,23.0,OMA,PHX,1037,5.0,7.0,0,N,0,,,,,
1139,2008,1,3,4,633.0,625,819.0,820,WN,1069,N630WN,166.0,175.0,153.0,-1.0,8.0,OMA,PHX,1037,4.0,9.0,0,N,0,,,,,
1140,2008,1,3,4,1925.0,1820,2024.0,1925,WN,479,N622SW,59.0,65.0,49.0,59.0,65.0,OMA,STL,342,3.0,7.0,0,N,0,1.0,0.0,0.0,0.0,58.0
1144,2008,1,3,4,1117.0,1050,1645.0,1630,WN,879,N495WN,208.0,220.0,197.0,15.0,27.0,ONT,BNA,1751,6.0,5.0,0,N,0,5.0,0.0,0.0,0.0,10.0
1145,2008,1,3,4,1523.0,1455,1627.0,1555,WN,239,N660SW,64.0,60.0,39.0,32.0,28.0,ONT,LAS,197,19.0,6.0,0,N,0,4.0,0.0,4.0,0.0,24.0
1146,2008,1,3,4,1718.0,1615,1810.0,1715,WN,564,N455WN,52.0,60.0,42.0,55.0,63.0,ONT,LAS,197,3.0,7.0,0,N,0,9.0,0.0,0.0,0.0,46.0
1147,2008,1,3,4,1008.0,915,1106.0,1015,WN,773,N472WN,58.0,60.0,41.0,51.0,53.0,ONT,LAS,197,4.0,13.0,0,N,0,0.0,0.0,33.0,0.0,18.0
1148,2008,1,3,4,2120.0,2100,2210.0,2200,WN,812,N259WN,50.0,60.0,37.0,10.0,20.0,ONT,LAS,197,8.0,5.0,0,N,0,,,,,
1151,2008,1,3,4,1300.0,1250,1358.0,1350,WN,1582,N318SW,58.0,60.0,41.0,8.0,10.0,ONT,LAS,197,4.0,13.0,0,N,0,,,,,
1152,2008,1,3,4,1755.0,1730,1846.0,1830,WN,1583,N600WN,51.0,60.0,39.0,16.0,25.0,ONT,LAS,197,5.0,7.0,0,N,0,4.0,0.0,0.0,0.0,12.0
1154,2008,1,3,4,1916.0,1850,2013.0,1950,WN,3746,N321SW,57.0,60.0,40.0,23.0,26.0,ONT,LAS,197,11.0,6.0,0,N,0,3.0,0.0,0.0,0.0,20.0
1157,2008,1,3,4,1302.0,1250,1412.0,1405,WN,403,N432WN,70.0,75.0,62.0,7.0,12.0,ONT,OAK,361,4.0,4.0,0,N,0,,,,,
1158,2008,1,3,4,1604.0,1555,1723.0,1710,WN,872,N337SW,79.0,75.0,67.0,13.0,9.0,ONT,OAK,361,4.0,8.0,0,N,0,,,,,
1159,2008,1,3,4,1531.0,1425,1648.0,1540,WN,985,N328SW,77.0,75.0,68.0,68.0,66.0,ONT,OAK,361,4.0,5.0,0,N,0,14.0,0.0,2.0,0.0,52.0
1160,2008,1,3,4,2110.0,2030,2226.0,2145,WN,1075,N636WN,76.0,75.0,68.0,41.0,40.0,ONT,OAK,361,2.0,6.0,0,N,0,0.0,0.0,1.0,0.0,40.0
1161,2008,1,3,4,2150.0,2125,2312.0,2240,WN,1480,N292WN,82.0,75.0,71.0,32.0,25.0,ONT,OAK,361,3.0,8.0,0,N,0,0.0,0.0,7.0,0.0,25.0
1164,2008,1,3,4,1959.0,1920,2111.0,2035,WN,2730,N273WN,72.0,75.0,62.0,36.0,39.0,ONT,OAK,361,3.0,7.0,0,N,0,4.0,0.0,0.0,0.0,32.0
1166,2008,1,3,4,1734.0,1720,1857.0,1835,WN,3852,N654SW,83.0,75.0,69.0,22.0,14.0,ONT,OAK,361,4.0,10.0,0,N,0,0.0,0.0,8.0,0.0,14.0
1171,2008,1,3,4,1751.0,1745,1949.0,1955,WN,780,N773SA,58.0,70.0,46.0,-6.0,6.0,ONT,PHX,325,5.0,7.0,0,N,0,,,,,
1172,2008,1,3,4,1947.0,1840,2158.0,2045,WN,835,N460WN,71.0,65.0,53.0,73.0,67.0,ONT,PHX,325,6.0,12.0,0,N,0,1.0,0.0,6.0,0.0,66.0
1174,2008,1,3,4,1528.0,1445,1727.0,1655,WN,1424,N385SW,59.0,70.0,49.0,32.0,43.0,ONT,PHX,325,3.0,7.0,0,N,0,1.0,0.0,0.0,0.0,31.0
1175,2008,1,3,4,2158.0,2115,2352.0,2320,WN,2458,N409WN,54.0,65.0,45.0,32.0,43.0,ONT,PHX,325,4.0,5.0,0,N,0,0.0,0.0,0.0,0.0,32.0
1177,2008,1,3,4,750.0,740,953.0,950,WN,3509,N684WN,63.0,70.0,46.0,3.0,10.0,ONT,PHX,325,4.0,13.0,0,N,0,,,,,
1178,2008,1,3,4,1414.0,1400,1609.0,1610,WN,3854,N480WN,55.0,70.0,47.0,-1.0,14.0,ONT,PHX,325,3.0,5.0,0,N,0,,,,,
1181,2008,1,3,4,1743.0,1725,1855.0,1835,WN,187,N690SW,72.0,70.0,55.0,20.0,18.0,ONT,SJC,333,8.0,9.0,0,N,0,2.0,0.0,2.0,0.0,16.0
1182,2008,1,3,4,1215.0,1145,1319.0,1255,WN,906,N301SW,64.0,70.0,54.0,24.0,30.0,ONT,SJC,333,4.0,6.0,0,N,0,2.0,0.0,0.0,0.0,22.0
1183,2008,1,3,4,958.0,950,1103.0,1100,WN,1670,N742SW,65.0,70.0,53.0,3.0,8.0,ONT,SJC,333,5.0,7.0,0,N,0,,,,,
1186,2008,1,3,4,1603.0,1515,1708.0,1625,WN,2645,N788SA,65.0,70.0,55.0,43.0,48.0,ONT,SJC,333,4.0,6.0,0,N,0,20.0,0.0,0.0,0.0,23.0
1187,2008,1,3,4,2134.0,2050,2257.0,2200,WN,3691,N257WN,83.0,70.0,58.0,57.0,44.0,ONT,SJC,333,11.0,14.0,0,N,0,0.0,0.0,13.0,0.0,44.0
1189,2008,1,3,4,2248.0,2135,6.0,2250,WN,551,N795SW,78.0,75.0,63.0,76.0,73.0,ONT,SMF,389,5.0,10.0,0,N,0,0.0,0.0,3.0,0.0,73.0
1190,2008,1,3,4,1628.0,1610,1743.0,1730,WN,775,N633SW,75.0,80.0,62.0,13.0,18.0,ONT,SMF,389,5.0,8.0,0,N,0,,,,,
1191,2008,1,3,4,1203.0,1155,1314.0,1310,WN,876,N212WN,71.0,75.0,57.0,4.0,8.0,ONT,SMF,389,5.0,9.0,0,N,0,,,,,
1192,2008,1,3,4,1823.0,1800,1934.0,1920,WN,966,N345SA,71.0,80.0,61.0,14.0,23.0,ONT,SMF,389,4.0,6.0,0,N,0,,,,,
1194,2008,1,3,4,1946.0,1925,2106.0,2045,WN,1679,N645SW,80.0,80.0,65.0,21.0,21.0,ONT,SMF,389,4.0,11.0,0,N,0,0.0,0.0,0.0,0.0,21.0
1195,2008,1,3,4,1357.0,1335,1513.0,1455,WN,2105,N313SW,76.0,80.0,64.0,18.0,22.0,ONT,SMF,389,4.0,8.0,0,N,0,1.0,0.0,0.0,0.0,17.0
1198,2008,1,3,4,2046.0,2010,2159.0,2130,WN,2901,N265WN,73.0,80.0,61.0,29.0,36.0,ONT,SMF,389,5.0,7.0,0,N,0,0.0,0.0,0.0,0.0,29.0
1201,2008,1,3,4,1753.0,1720,1845.0,1810,WN,1320,N456WN,52.0,50.0,37.0,35.0,33.0,ORF,BWI,159,5.0,10.0,0,N,0,9.0,0.0,2.0,0.0,24.0
1202,2008,1,3,4,1433.0,1420,1526.0,1510,WN,2362,N454WN,53.0,50.0,41.0,16.0,13.0,ORF,BWI,159,3.0,9.0,0,N,0,13.0,0.0,3.0,0.0,0.0
1203,2008,1,3,4,1031.0,1010,1122.0,1100,WN,3604,N257WN,51.0,50.0,38.0,22.0,21.0,ORF,BWI,159,5.0,8.0,0,N,0,13.0,0.0,1.0,0.0,8.0
1204,2008,1,3,4,749.0,720,837.0,810,WN,3679,N434WN,48.0,50.0,39.0,27.0,29.0,ORF,BWI,159,2.0,7.0,0,N,0,27.0,0.0,0.0,0.0,0.0
1205,2008,1,3,4,816.0,655,941.0,840,WN,1574,N791SW,85.0,105.0,73.0,61.0,81.0,ORF,JAX,543,4.0,8.0,0,N,0,61.0,0.0,0.0,0.0,0.0
1206,2008,1,3,4,1711.0,1640,1840.0,1825,WN,2019,N392SW,89.0,105.0,77.0,15.0,31.0,ORF,JAX,543,4.0,8.0,0,N,0,3.0,0.0,0.0,0.0,12.0
1207,2008,1,3,4,1314.0,1210,1538.0,1445,WN,2363,N405WN,324.0,335.0,308.0,53.0,64.0,ORF,LAS,2155,7.0,9.0,0,N,0,41.0,0.0,0.0,0.0,12.0
1208,2008,1,3,4,1016.0,915,1214.0,1120,WN,1134,N391SW,118.0,125.0,98.0,54.0,61.0,ORF,MCO,655,6.0,14.0,0,N,0,1.0,0.0,0.0,0.0,53.0
1209,2008,1,3,4,1851.0,1835,2038.0,2040,WN,1828,N785SW,107.0,125.0,93.0,-2.0,16.0,ORF,MCO,655,5.0,9.0,0,N,0,,,,,
1210,2008,1,3,4,636.0,630,755.0,750,WN,635,N729SW,139.0,140.0,114.0,5.0,6.0,ORF,MDW,704,7.0,18.0,0,N,0,,,,,
1211,2008,1,3,4,1659.0,1650,1808.0,1805,WN,2729,N754SW,129.0,135.0,109.0,3.0,9.0,ORF,MDW,704,5.0,15.0,0,N,0,,,,,
1212,2008,1,3,4,1437.0,1320,1633.0,1535,WN,48,N661SW,116.0,135.0,105.0,58.0,77.0,ORF,TPA,717,5.0,6.0,0,N,0,25.0,0.0,0.0,0.0,33.0
1213,2008,1,3,4,2042.0,1950,2256.0,2210,WN,165,N749SW,134.0,140.0,122.0,46.0,52.0,PBI,BWI,883,3.0,9.0,0,N,0,18.0,0.0,0.0,0.0,28.0
1215,2008,1,3,4,1637.0,1600,1854.0,1825,WN,1143,N459WN,137.0,145.0,121.0,29.0,37.0,PBI,BWI,883,6.0,10.0,0,N,0,6.0,0.0,0.0,0.0,23.0
1218,2008,1,3,4,1908.0,1840,2147.0,2115,WN,1425,N237WN,159.0,155.0,144.0,32.0,28.0,PBI,ISP,1052,4.0,11.0,0,N,0,16.0,0.0,4.0,0.0,12.0
1220,2008,1,3,4,1508.0,1455,1740.0,1730,WN,820,N388SW,152.0,155.0,139.0,10.0,13.0,PBI,PHL,951,2.0,11.0,0,N,0,,,,,
1222,2008,1,3,4,1812.0,1805,1900.0,1855,WN,174,N340LV,48.0,50.0,36.0,5.0,7.0,PBI,TPA,174,3.0,9.0,0,N,0,,,,,
1224,2008,1,3,4,1441.0,1400,1529.0,1450,WN,3686,N649SW,48.0,50.0,35.0,39.0,41.0,PBI,TPA,174,5.0,8.0,0,N,0,8.0,0.0,0.0,0.0,31.0
1226,2008,1,3,4,1106.0,1045,1436.0,1415,WN,3425,N755SA,150.0,150.0,137.0,21.0,21.0,PDX,ABQ,1111,5.0,8.0,0,N,0,21.0,0.0,0.0,0.0,0.0
1227,2008,1,3,4,1338.0,1320,1536.0,1525,WN,2377,N229WN,58.0,65.0,49.0,11.0,18.0,PDX,BOI,344,3.0,6.0,0,N,0,,,,,
1229,2008,1,3,4,1632.0,1610,1832.0,1810,WN,2991,N378SW,60.0,60.0,49.0,22.0,22.0,PDX,BOI,344,3.0,8.0,0,N,0,15.0,0.0,0.0,0.0,7.0
1231,2008,1,3,4,1619.0,1525,1715.0,1620,WN,957,N258WN,56.0,55.0,45.0,55.0,54.0,PDX,GEG,279,5.0,6.0,0,N,0,17.0,0.0,1.0,0.0,37.0
1232,2008,1,3,4,1312.0,1255,1407.0,1355,WN,2121,N632SW,55.0,60.0,38.0,12.0,17.0,PDX,GEG,279,4.0,13.0,0,N,0,,,,,
1233,2008,1,3,4,2132.0,2050,2222.0,2150,WN,3155,N449WN,50.0,60.0,39.0,32.0,42.0,PDX,GEG,279,4.0,7.0,0,N,0,23.0,0.0,0.0,0.0,9.0
1234,2008,1,3,4,911.0,905,1119.0,1110,WN,86,N627SW,128.0,125.0,116.0,9.0,6.0,PDX,LAS,762,6.0,6.0,0,N,0,,,,,
1235,2008,1,3,4,2054.0,2035,2259.0,2235,WN,874,N678AA,125.0,120.0,113.0,24.0,19.0,PDX,LAS,762,7.0,5.0,0,N,0,12.0,0.0,5.0,0.0,7.0
1236,2008,1,3,4,1546.0,1500,1759.0,1705,WN,2186,N692SW,133.0,125.0,119.0,54.0,46.0,PDX,LAS,762,8.0,6.0,0,N,0,16.0,0.0,8.0,0.0,30.0
1237,2008,1,3,4,1111.0,1055,1323.0,1300,WN,3070,N660SW,132.0,125.0,119.0,23.0,16.0,PDX,LAS,762,4.0,9.0,0,N,0,16.0,0.0,7.0,0.0,0.0
1240,2008,1,3,4,1431.0,1335,2013.0,1925,WN,3228,N717SA,222.0,230.0,209.0,48.0,56.0,PDX,MDW,1751,6.0,7.0,0,N,0,20.0,0.0,0.0,0.0,28.0
1241,2008,1,3,4,2154.0,2025,2337.0,2205,WN,447,N427WN,103.0,100.0,93.0,92.0,89.0,PDX,OAK,543,3.0,7.0,0,N,0,12.0,0.0,3.0,0.0,77.0
1242,2008,1,3,4,1950.0,1840,2130.0,2025,WN,582,N629SW,100.0,105.0,88.0,65.0,70.0,PDX,OAK,543,5.0,7.0,0,N,0,55.0,0.0,0.0,0.0,10.0
1243,2008,1,3,4,1437.0,1425,1624.0,1605,WN,753,N292WN,107.0,100.0,84.0,19.0,12.0,PDX,OAK,543,17.0,6.0,0,N,0,0.0,0.0,7.0,12.0,0.0
1245,2008,1,3,4,1207.0,1140,1339.0,1320,WN,1585,N766SW,92.0,100.0,83.0,19.0,27.0,PDX,OAK,543,4.0,5.0,0,N,0,0.0,0.0,0.0,11.0,8.0
1247,2008,1,3,4,1119.0,1105,1450.0,1435,WN,451,N619SW,151.0,150.0,137.0,15.0,14.0,PDX,PHX,1009,7.0,7.0,0,N,0,0.0,0.0,1.0,14.0,0.0
1248,2008,1,3,4,2000.0,1850,2321.0,2220,WN,789,N328SW,141.0,150.0,131.0,61.0,70.0,PDX,PHX,1009,5.0,5.0,0,N,0,16.0,0.0,0.0,0.0,45.0
1249,2008,1,3,4,626.0,620,950.0,955,WN,3419,N796SW,144.0,155.0,134.0,-5.0,6.0,PDX,PHX,1009,3.0,7.0,0,N,0,,,,,
1251,2008,1,3,4,2056.0,1940,2213.0,2055,WN,1939,N239WN,77.0,75.0,62.0,78.0,76.0,PDX,RNO,444,6.0,9.0,0,N,0,5.0,0.0,2.0,0.0,71.0
1253,2008,1,3,4,1440.0,1420,1602.0,1540,WN,3513,N686SW,82.0,80.0,69.0,22.0,20.0,PDX,RNO,444,4.0,9.0,0,N,0,20.0,0.0,2.0,0.0,0.0
1254,2008,1,3,4,2009.0,1925,2205.0,2110,WN,625,N619SW,116.0,105.0,102.0,55.0,44.0,PDX,SJC,569,5.0,9.0,0,N,0,1.0,0.0,11.0,0.0,43.0
1256,2008,1,3,4,1628.0,1550,1819.0,1735,WN,2441,N344SW,111.0,105.0,100.0,44.0,38.0,PDX,SJC,569,5.0,6.0,0,N,0,9.0,0.0,6.0,0.0,29.0
1257,2008,1,3,4,1152.0,1135,1345.0,1320,WN,2558,N337SW,113.0,105.0,101.0,25.0,17.0,PDX,SJC,569,5.0,7.0,0,N,0,5.0,0.0,8.0,0.0,12.0
1258,2008,1,3,4,1808.0,1740,2046.0,2025,WN,159,N618WN,98.0,105.0,84.0,21.0,28.0,PDX,SLC,630,3.0,11.0,0,N,0,7.0,0.0,0.0,0.0,14.0
1259,2008,1,3,4,1056.0,1045,1329.0,1330,WN,1756,N484WN,93.0,105.0,84.0,-1.0,11.0,PDX,SLC,630,3.0,6.0,0,N,0,,,,,
1260,2008,1,3,4,722.0,705,1000.0,950,WN,2549,N622SW,98.0,105.0,87.0,10.0,17.0,PDX,SLC,630,4.0,7.0,0,N,0,,,,,
1261,2008,1,3,4,1324.0,1315,1457.0,1440,WN,71,N312SW,93.0,85.0,82.0,17.0,9.0,PDX,SMF,479,4.0,7.0,0,N,0,9.0,0.0,8.0,0.0,0.0
1263,2008,1,3,4,842.0,835,1006.0,1000,WN,505,N762SW,84.0,85.0,73.0,6.0,7.0,PDX,SMF,479,3.0,8.0,0,N,0,,,,,
1264,2008,1,3,4,1137.0,1120,1308.0,1245,WN,1424,N385SW,91.0,85.0,79.0,23.0,17.0,PDX,SMF,479,4.0,8.0,0,N,0,13.0,0.0,6.0,0.0,4.0
1265,2008,1,3,4,2100.0,1840,2226.0,2005,WN,2807,N344SW,86.0,85.0,72.0,141.0,140.0,PDX,SMF,479,4.0,10.0,0,N,0,3.0,0.0,1.0,0.0,137.0
1266,2008,1,3,4,2127.0,2045,2254.0,2210,WN,2890,N660SW,87.0,85.0,71.0,44.0,42.0,PDX,SMF,479,6.0,10.0,0,N,0,0.0,0.0,2.0,0.0,42.0
1267,2008,1,3,4,1534.0,1515,1704.0,1640,WN,3659,N321SW,90.0,85.0,79.0,24.0,19.0,PDX,SMF,479,5.0,6.0,0,N,0,7.0,0.0,5.0,0.0,12.0
1268,2008,1,3,4,1816.0,1805,1921.0,1935,WN,3334,N635SW,125.0,150.0,101.0,-14.0,11.0,PHL,BNA,675,6.0,18.0,0,N,0,,,,,
1270,2008,1,3,4,1321.0,1310,1418.0,1440,WN,3839,N421LV,117.0,150.0,96.0,-22.0,11.0,PHL,BNA,675,6.0,15.0,0,N,0,,,,,
1271,2008,1,3,4,2017.0,2010,2136.0,2155,WN,384,N743SW,79.0,105.0,63.0,-19.0,7.0,PHL,CMH,405,5.0,11.0,0,N,0,,,,,
1272,2008,1,3,4,1449.0,1435,1611.0,1615,WN,725,N259WN,82.0,100.0,64.0,-4.0,14.0,PHL,CMH,405,3.0,15.0,0,N,0,,,,,
1274,2008,1,3,4,1225.0,1205,1500.0,1510,WN,462,N363SW,155.0,185.0,144.0,-10.0,20.0,PHL,FLL,992,2.0,9.0,0,N,0,,,,,
1275,2008,1,3,4,1914.0,1845,2151.0,2145,WN,1589,N656SW,157.0,180.0,133.0,6.0,29.0,PHL,FLL,992,4.0,20.0,0,N,0,,,,,
1276,2008,1,3,4,931.0,850,1151.0,1155,WN,1849,N677AA,140.0,185.0,126.0,-4.0,41.0,PHL,FLL,992,6.0,8.0,0,N,0,,,,,
1277,2008,1,3,4,1118.0,1040,1340.0,1340,WN,32,N370SW,202.0,240.0,188.0,0.0,38.0,PHL,HOU,1335,3.0,11.0,0,N,0,,,,,
1278,2008,1,3,4,1807.0,1735,2032.0,2035,WN,1410,N614SW,205.0,240.0,186.0,-3.0,32.0,PHL,HOU,1335,3.0,16.0,0,N,0,,,,,
1280,2008,1,3,4,1937.0,1915,2132.0,2135,WN,1772,N665WN,115.0,140.0,98.0,-3.0,22.0,PHL,JAX,742,4.0,13.0,0,N,0,,,,,
1282,2008,1,3,4,1448.0,1410,1707.0,1655,WN,3316,N290WN,319.0,345.0,305.0,12.0,38.0,PHL,LAS,2176,5.0,9.0,0,N,0,,,,,
1284,2008,1,3,4,1702.0,1545,1918.0,1825,WN,455,N346SW,136.0,160.0,116.0,53.0,77.0,PHL,MCO,861,8.0,12.0,0,N,0,18.0,0.0,0.0,0.0,35.0
1285,2008,1,3,4,959.0,940,1223.0,1235,WN,687,N663SW,144.0,175.0,115.0,-12.0,19.0,PHL,MCO,861,5.0,24.0,0,N,0,,,,,
1286,2008,1,3,4,1820.0,1755,2031.0,2040,WN,907,N388SW,131.0,165.0,117.0,-9.0,25.0,PHL,MCO,861,4.0,10.0,0,N,0,,,,,
1288,2008,1,3,4,2122.0,2045,2338.0,2330,WN,2876,N209WN,136.0,165.0,117.0,8.0,37.0,PHL,MCO,861,3.0,16.0,0,N,0,,,,,
1289,2008,1,3,4,1049.0,1035,1338.0,1330,WN,2995,N659SW,169.0,175.0,114.0,8.0,14.0,PHL,MCO,861,39.0,16.0,0,N,0,,,,,
1291,2008,1,3,4,1528.0,1505,1626.0,1630,WN,201,N251WN,118.0,145.0,103.0,-4.0,23.0,PHL,MDW,668,6.0,9.0,0,N,0,,,,,
1293,2008,1,3,4,2109.0,2040,2237.0,2205,WN,370,N213WN,148.0,145.0,101.0,32.0,29.0,PHL,MDW,668,28.0,19.0,0,N,0,3.0,0.0,3.0,0.0,26.0
1294,2008,1,3,4,1932.0,1905,2034.0,2030,WN,587,N435WN,122.0,145.0,104.0,4.0,27.0,PHL,MDW,668,5.0,13.0,0,N,0,,,,,
1295,2008,1,3,4,1631.0,1620,1730.0,1745,WN,2199,N900WN,119.0,145.0,103.0,-15.0,11.0,PHL,MDW,668,4.0,12.0,0,N,0,,,,,
1296,2008,1,3,4,1008.0,945,1124.0,1110,WN,2979,N901WN,136.0,145.0,101.0,14.0,23.0,PHL,MDW,668,7.0,28.0,0,N,0,,,,,
1297,2008,1,3,4,1314.0,1255,1414.0,1410,WN,3844,N446WN,120.0,135.0,103.0,4.0,19.0,PHL,MDW,668,7.0,10.0,0,N,0,,,,,
1298,2008,1,3,4,1016.0,1010,1143.0,1130,WN,81,N482WN,87.0,80.0,60.0,13.0,6.0,PHL,MHT,290,3.0,24.0,0,N,0,,,,,
1300,2008,1,3,4,1544.0,1500,1704.0,1610,WN,434,N604SW,80.0,70.0,58.0,54.0,44.0,PHL,MHT,290,3.0,19.0,0,N,0,11.0,0.0,10.0,0.0,33.0
1302,2008,1,3,4,2021.0,2010,2132.0,2135,WN,548,N791SW,71.0,85.0,54.0,-3.0,11.0,PHL,MHT,290,4.0,13.0,0,N,0,,,,,
1304,2008,1,3,4,1605.0,1520,1827.0,1815,WN,1338,N237WN,142.0,175.0,123.0,12.0,45.0,PHL,PBI,951,6.0,13.0,0,N,0,,,,,
1305,2008,1,3,4,846.0,825,1107.0,1120,WN,2379,N394SW,141.0,175.0,120.0,-13.0,21.0,PHL,PBI,951,4.0,17.0,0,N,0,,,,,
1306,2008,1,3,4,1656.0,1630,2006.0,2005,WN,262,N759GS,310.0,335.0,294.0,1.0,26.0,PHL,PHX,2075,8.0,8.0,0,N,0,,,,,
1307,2008,1,3,4,1107.0,1045,1403.0,1425,WN,3240,N282WN,296.0,340.0,279.0,-22.0,22.0,PHL,PHX,2075,6.0,11.0,0,N,0,,,,,
1308,2008,1,3,4,1738.0,1635,1834.0,1750,WN,461,N791SW,56.0,75.0,43.0,44.0,63.0,PHL,PIT,267,5.0,8.0,0,N,0,0.0,0.0,0.0,0.0,44.0
1310,2008,1,3,4,1429.0,1315,1532.0,1430,WN,1574,N791SW,63.0,75.0,46.0,62.0,74.0,PHL,PIT,267,6.0,11.0,0,N,0,0.0,0.0,0.0,0.0,62.0
1311,2008,1,3,4,2148.0,2120,2248.0,2240,WN,2200,N350SW,60.0,80.0,46.0,8.0,28.0,PHL,PIT,267,6.0,8.0,0,N,0,,,,,
1312,2008,1,3,4,1100.0,1050,1210.0,1205,WN,2560,N789SW,70.0,75.0,47.0,5.0,10.0,PHL,PIT,267,7.0,16.0,0,N,0,,,,,
1314,2008,1,3,4,938.0,915,1043.0,1035,WN,2877,N347SW,65.0,80.0,47.0,8.0,23.0,PHL,PIT,267,5.0,13.0,0,N,0,,,,,
1315,2008,1,3,4,2034.0,1955,2135.0,2100,WN,31,N793SA,61.0,65.0,43.0,35.0,39.0,PHL,PVD,238,5.0,13.0,0,N,0,2.0,0.0,0.0,0.0,33.0
1316,2008,1,3,4,1246.0,1205,1347.0,1315,WN,476,N237WN,61.0,70.0,48.0,32.0,41.0,PHL,PVD,238,3.0,10.0,0,N,0,6.0,0.0,0.0,0.0,26.0
1318,2008,1,3,4,1442.0,1415,1545.0,1520,WN,1236,N614SW,63.0,65.0,50.0,25.0,27.0,PHL,PVD,238,3.0,10.0,0,N,0,0.0,0.0,0.0,0.0,25.0
1319,2008,1,3,4,1723.0,1715,1830.0,1825,WN,3493,N206WN,67.0,70.0,51.0,5.0,8.0,PHL,PVD,238,4.0,12.0,0,N,0,,,,,
1320,2008,1,3,4,1930.0,1825,2036.0,2000,WN,312,N604SW,66.0,95.0,52.0,36.0,65.0,PHL,RDU,336,2.0,12.0,0,N,0,7.0,0.0,0.0,0.0,29.0
1323,2008,1,3,4,849.0,835,958.0,1000,WN,2293,N770SA,69.0,85.0,50.0,-2.0,14.0,PHL,RDU,336,3.0,16.0,0,N,0,,,,,
1324,2008,1,3,4,1138.0,1110,1252.0,1250,WN,2463,N771SA,74.0,100.0,60.0,2.0,28.0,PHL,RDU,336,2.0,12.0,0,N,0,,,,,
1328,2008,1,3,4,2010.0,1925,2237.0,2220,WN,929,N521SW,147.0,175.0,129.0,17.0,45.0,PHL,TPA,920,5.0,13.0,0,N,0,3.0,0.0,0.0,0.0,14.0
1329,2008,1,3,4,1449.0,1405,1714.0,1655,WN,998,N369SW,145.0,170.0,127.0,19.0,44.0,PHL,TPA,920,4.0,14.0,0,N,0,6.0,0.0,0.0,0.0,13.0
1330,2008,1,3,4,626.0,620,905.0,915,WN,2985,N727SW,159.0,175.0,131.0,-10.0,6.0,PHL,TPA,920,5.0,23.0,0,N,0,,,,,
1332,2008,1,3,4,2235.0,2155,2330.0,2255,WN,408,N610WN,55.0,60.0,42.0,35.0,40.0,PHX,ABQ,328,4.0,9.0,0,N,0,2.0,0.0,0.0,0.0,33.0
1333,2008,1,3,4,1438.0,1405,1536.0,1505,WN,555,N506SW,58.0,60.0,41.0,31.0,33.0,PHX,ABQ,328,3.0,14.0,0,N,0,20.0,0.0,0.0,0.0,11.0
1335,2008,1,3,4,1841.0,1720,1938.0,1825,WN,746,N637SW,57.0,65.0,41.0,73.0,81.0,PHX,ABQ,328,6.0,10.0,0,N,0,11.0,0.0,0.0,0.0,62.0
1336,2008,1,3,4,1121.0,1110,1219.0,1220,WN,1241,N396SW,58.0,70.0,42.0,-1.0,11.0,PHX,ABQ,328,4.0,12.0,0,N,0,,,,,
1337,2008,1,3,4,2010.0,1955,2109.0,2100,WN,1415,N396SW,59.0,65.0,41.0,9.0,15.0,PHX,ABQ,328,5.0,13.0,0,N,0,,,,,
1338,2008,1,3,4,1504.0,1450,1603.0,1550,WN,2374,N379SW,59.0,60.0,42.0,13.0,14.0,PHX,ABQ,328,3.0,14.0,0,N,0,,,,,
1339,2008,1,3,4,1658.0,1630,1754.0,1730,WN,2614,N602SW,56.0,60.0,42.0,24.0,28.0,PHX,ABQ,328,3.0,11.0,0,N,0,5.0,0.0,0.0,0.0,19.0
1342,2008,1,3,4,1113.0,1105,1416.0,1420,WN,154,N353SW,123.0,135.0,104.0,-4.0,8.0,PHX,AUS,872,6.0,13.0,0,N,0,,,,,
1343,2008,1,3,4,2022.0,2015,2324.0,2320,WN,780,N773SA,122.0,125.0,103.0,4.0,7.0,PHX,AUS,872,5.0,14.0,0,N,0,,,,,
1344,2008,1,3,4,1621.0,1600,1924.0,1910,WN,3409,N519SW,123.0,130.0,105.0,14.0,21.0,PHX,AUS,872,5.0,13.0,0,N,0,,,,,
1345,2008,1,3,4,858.0,840,1201.0,1150,WN,3949,N323SW,123.0,130.0,103.0,11.0,18.0,PHX,AUS,872,3.0,17.0,0,N,0,,,,,
1346,2008,1,3,4,1957.0,1935,2348.0,2340,WN,1214,N431WN,171.0,185.0,158.0,8.0,22.0,PHX,BHM,1455,2.0,11.0,0,N,0,,,,,
1347,2008,1,3,4,2045.0,2005,42.0,15,WN,109,N269WN,177.0,190.0,166.0,27.0,40.0,PHX,BNA,1448,4.0,7.0,0,N,0,3.0,0.0,0.0,0.0,24.0
1349,2008,1,3,4,1709.0,1555,2106.0,2005,WN,891,N400WN,177.0,190.0,163.0,61.0,74.0,PHX,BNA,1448,3.0,11.0,0,N,0,7.0,0.0,0.0,0.0,54.0
1350,2008,1,3,4,1321.0,1255,1730.0,1710,WN,1058,N202WN,189.0,195.0,165.0,20.0,26.0,PHX,BNA,1448,7.0,17.0,0,N,0,4.0,0.0,0.0,0.0,16.0
1351,2008,1,3,4,956.0,950,1554.0,1600,WN,496,N437WN,238.0,250.0,221.0,-6.0,6.0,PHX,BUF,1912,3.0,14.0,0,N,0,,,,,
1352,2008,1,3,4,1457.0,1340,1527.0,1405,WN,10,N684WN,90.0,85.0,74.0,82.0,77.0,PHX,BUR,369,2.0,14.0,0,N,0,0.0,0.0,5.0,0.0,77.0
1354,2008,1,3,4,1553.0,1545,1617.0,1605,WN,734,N343SW,84.0,80.0,72.0,12.0,8.0,PHX,BUR,369,2.0,10.0,0,N,0,,,,,
1355,2008,1,3,4,1836.0,1750,1902.0,1810,WN,806,N711HK,86.0,80.0,70.0,52.0,46.0,PHX,BUR,369,3.0,13.0,0,N,0,0.0,0.0,6.0,0.0,46.0
1356,2008,1,3,4,1933.0,1835,1955.0,1855,WN,921,N430WN,82.0,80.0,70.0,60.0,58.0,PHX,BUR,369,2.0,10.0,0,N,0,0.0,0.0,3.0,0.0,57.0
1357,2008,1,3,4,1121.0,1055,1151.0,1125,WN,957,N344SW,90.0,90.0,70.0,26.0,26.0,PHX,BUR,369,3.0,17.0,0,N,0,1.0,0.0,0.0,0.0,25.0
1358,2008,1,3,4,808.0,800,832.0,825,WN,2613,N219WN,84.0,85.0,71.0,7.0,8.0,PHX,BUR,369,4.0,9.0,0,N,0,,,,,
1359,2008,1,3,4,2032.0,2010,2048.0,2035,WN,2871,N709SW,76.0,85.0,69.0,13.0,22.0,PHX,BUR,369,2.0,5.0,0,N,0,,,,,
1360,2008,1,3,4,2255.0,2135,2318.0,2155,WN,3323,N718SW,83.0,80.0,71.0,83.0,80.0,PHX,BUR,369,2.0,10.0,0,N,0,10.0,0.0,3.0,0.0,70.0
1362,2008,1,3,4,1122.0,1105,1733.0,1725,WN,236,N735SA,251.0,260.0,231.0,8.0,17.0,PHX,BWI,1999,5.0,15.0,0,N,0,,,,,
1364,2008,1,3,4,1223.0,1210,1834.0,1820,WN,1155,N288WN,251.0,250.0,233.0,14.0,13.0,PHX,BWI,1999,4.0,14.0,0,N,0,,,,,
1365,2008,1,3,4,1523.0,1445,2126.0,2055,WN,1686,N207WN,243.0,250.0,230.0,31.0,38.0,PHX,BWI,1999,4.0,9.0,0,N,0,0.0,0.0,0.0,5.0,26.0
1366,2008,1,3,4,923.0,905,1453.0,1440,WN,2103,N291WN,210.0,215.0,194.0,13.0,18.0,PHX,CMH,1671,5.0,11.0,0,N,0,,,,,
1368,2008,1,3,4,2105.0,1945,2240.0,2130,WN,964,N362SW,95.0,105.0,78.0,70.0,80.0,PHX,DEN,602,6.0,11.0,0,N,0,22.0,0.0,0.0,0.0,48.0
1370,2008,1,3,4,1329.0,1320,1511.0,1505,WN,2039,N606SW,102.0,105.0,77.0,6.0,9.0,PHX,DEN,602,11.0,14.0,0,N,0,,,,,
1371,2008,1,3,4,1548.0,1540,1732.0,1720,WN,2786,N278WN,104.0,100.0,88.0,12.0,8.0,PHX,DEN,602,8.0,8.0,0,N,0,,,,,
1372,2008,1,3,4,2054.0,2035,2222.0,2220,WN,3669,N615SW,88.0,105.0,76.0,2.0,19.0,PHX,DEN,602,6.0,6.0,0,N,0,,,,,
1373,2008,1,3,4,1004.0,950,1556.0,1540,WN,1428,N412WN,232.0,230.0,210.0,16.0,14.0,PHX,DTW,1671,7.0,15.0,0,N,0,10.0,0.0,2.0,0.0,4.0
1375,2008,1,3,4,1331.0,1305,1440.0,1410,WN,116,N310SW,69.0,65.0,50.0,30.0,26.0,PHX,ELP,347,4.0,15.0,0,N,0,11.0,0.0,4.0,0.0,15.0
1376,2008,1,3,4,1935.0,1900,2029.0,2005,WN,481,N413WN,54.0,65.0,44.0,24.0,35.0,PHX,ELP,347,3.0,7.0,0,N,0,5.0,0.0,0.0,0.0,19.0
1377,2008,1,3,4,1515.0,1500,1617.0,1605,WN,1506,N737JW,62.0,65.0,48.0,12.0,15.0,PHX,ELP,347,3.0,11.0,0,N,0,,,,,
1378,2008,1,3,4,1728.0,1720,1826.0,1825,WN,1745,N753SW,58.0,65.0,46.0,1.0,8.0,PHX,ELP,347,3.0,9.0,0,N,0,,,,,
1379,2008,1,3,4,2227.0,2135,2327.0,2240,WN,3140,N418WN,60.0,65.0,45.0,47.0,52.0,PHX,ELP,347,5.0,10.0,0,N,0,43.0,0.0,0.0,0.0,4.0
1381,2008,1,3,4,1257.0,1250,1613.0,1620,WN,342,N246LV,136.0,150.0,121.0,-7.0,7.0,PHX,HOU,1020,4.0,11.0,0,N,0,,,,,
1382,2008,1,3,4,1648.0,1615,2021.0,1940,WN,933,N214WN,153.0,145.0,118.0,41.0,33.0,PHX,HOU,1020,24.0,11.0,0,N,0,30.0,0.0,8.0,0.0,3.0
1384,2008,1,3,4,2211.0,2000,121.0,2320,WN,2268,N607SW,130.0,140.0,121.0,121.0,131.0,PHX,HOU,1020,3.0,6.0,0,N,0,10.0,0.0,0.0,0.0,111.0
1385,2008,1,3,4,924.0,915,1243.0,1250,WN,3317,N728SW,139.0,155.0,126.0,-7.0,9.0,PHX,HOU,1020,3.0,10.0,0,N,0,,,,,
1386,2008,1,3,4,1112.0,1055,1623.0,1625,WN,1034,N420WN,191.0,210.0,172.0,-2.0,17.0,PHX,IND,1489,10.0,9.0,0,N,0,,,,,
1387,2008,1,3,4,1802.0,1725,2318.0,2245,WN,2726,N777QC,196.0,200.0,170.0,33.0,37.0,PHX,IND,1489,8.0,18.0,0,N,0,6.0,0.0,0.0,0.0,27.0
1391,2008,1,3,4,1527.0,1505,1527.0,1505,WN,538,N619SW,60.0,60.0,45.0,22.0,22.0,PHX,LAS,256,7.0,8.0,0,N,0,7.0,0.0,0.0,0.0,15.0
1392,2008,1,3,4,842.0,830,849.0,840,WN,619,N491WN,67.0,70.0,48.0,9.0,12.0,PHX,LAS,256,5.0,14.0,0,N,0,,,,,
1393,2008,1,3,4,1706.0,1650,1707.0,1655,WN,675,N286WN,61.0,65.0,44.0,12.0,16.0,PHX,LAS,256,7.0,10.0,0,N,0,,,,,
1394,2008,1,3,4,1743.0,1720,1739.0,1725,WN,700,N678AA,56.0,65.0,45.0,14.0,23.0,PHX,LAS,256,4.0,7.0,0,N,0,,,,,
1396,2008,1,3,4,1932.0,1900,1949.0,1900,WN,875,N217JC,77.0,60.0,42.0,49.0,32.0,PHX,LAS,256,27.0,8.0,0,N,0,31.0,0.0,17.0,0.0,1.0
1397,2008,1,3,4,928.0,900,929.0,910,WN,984,N449WN,61.0,70.0,44.0,19.0,28.0,PHX,LAS,256,5.0,12.0,0,N,0,19.0,0.0,0.0,0.0,0.0
1398,2008,1,3,4,2201.0,2120,2157.0,2125,WN,998,N369SW,56.0,65.0,43.0,32.0,41.0,PHX,LAS,256,7.0,6.0,0,N,0,11.0,0.0,0.0,0.0,21.0
1401,2008,1,3,4,742.0,730,738.0,730,WN,2030,N725SW,56.0,60.0,44.0,8.0,12.0,PHX,LAS,256,4.0,8.0,0,N,0,,,,,
1403,2008,1,3,4,2048.0,2030,2043.0,2035,WN,3061,N447WN,55.0,65.0,44.0,8.0,18.0,PHX,LAS,256,6.0,5.0,0,N,0,,,,,
1406,2008,1,3,4,1619.0,1540,1639.0,1600,WN,169,N550WN,80.0,80.0,62.0,39.0,39.0,PHX,LAX,370,5.0,13.0,0,N,0,1.0,0.0,0.0,0.0,38.0
1407,2008,1,3,4,1448.0,1440,1517.0,1500,WN,232,N740SW,89.0,80.0,63.0,17.0,8.0,PHX,LAX,370,8.0,18.0,0,N,0,8.0,0.0,9.0,0.0,0.0
1408,2008,1,3,4,1913.0,1815,1934.0,1835,WN,303,N683SW,81.0,80.0,64.0,59.0,58.0,PHX,LAX,370,7.0,10.0,0,N,0,0.0,0.0,6.0,0.0,53.0
1409,2008,1,3,4,1940.0,1915,2010.0,1935,WN,343,N687SW,90.0,80.0,63.0,35.0,25.0,PHX,LAX,370,20.0,7.0,0,N,0,10.0,0.0,10.0,0.0,15.0
1410,2008,1,3,4,1046.0,1040,1123.0,1105,WN,769,N608SW,97.0,85.0,70.0,18.0,6.0,PHX,LAX,370,13.0,14.0,0,N,0,0.0,0.0,12.0,5.0,1.0
1411,2008,1,3,4,2118.0,2050,2138.0,2115,WN,1033,N757LV,80.0,85.0,60.0,23.0,28.0,PHX,LAX,370,15.0,5.0,0,N,0,23.0,0.0,0.0,0.0,0.0
1414,2008,1,3,4,1822.0,1735,1848.0,1755,WN,2359,N385SW,86.0,80.0,63.0,53.0,47.0,PHX,LAX,370,6.0,17.0,0,N,0,27.0,0.0,6.0,0.0,20.0
1415,2008,1,3,4,1321.0,1315,1351.0,1335,WN,2360,N618WN,90.0,80.0,65.0,16.0,6.0,PHX,LAX,370,6.0,19.0,0,N,0,6.0,0.0,10.0,0.0,0.0
1416,2008,1,3,4,723.0,715,741.0,735,WN,2639,N693SW,78.0,80.0,63.0,6.0,8.0,PHX,LAX,370,7.0,8.0,0,N,0,,,,,
1417,2008,1,3,4,1644.0,1610,1713.0,1630,WN,2812,N671SW,89.0,80.0,63.0,43.0,34.0,PHX,LAX,370,4.0,22.0,0,N,0,22.0,0.0,9.0,0.0,12.0
1419,2008,1,3,4,2010.0,1955,2332.0,2330,WN,753,N248WN,142.0,155.0,124.0,2.0,15.0,PHX,LIT,1136,5.0,13.0,0,N,0,,,,,
1420,2008,1,3,4,1908.0,1900,2223.0,2230,WN,84,N669SW,135.0,150.0,122.0,-7.0,8.0,PHX,MCI,1044,4.0,9.0,0,N,0,,,,,
1421,2008,1,3,4,2230.0,2105,143.0,35,WN,835,N460WN,133.0,150.0,116.0,68.0,85.0,PHX,MCI,1044,5.0,12.0,0,N,0,9.0,0.0,0.0,0.0,59.0
1422,2008,1,3,4,1252.0,1240,1609.0,1610,WN,1006,N628SW,137.0,150.0,125.0,-1.0,12.0,PHX,MCI,1044,4.0,8.0,0,N,0,,,,,
1425,2008,1,3,4,2045.0,2030,38.0,45,WN,349,N759GS,173.0,195.0,160.0,-7.0,15.0,PHX,MDW,1444,5.0,8.0,0,N,0,,,,,
1427,2008,1,3,4,1936.0,1920,2337.0,2340,WN,1566,N498WN,181.0,200.0,163.0,-3.0,16.0,PHX,MDW,1444,7.0,11.0,0,N,0,,,,,
1428,2008,1,3,4,1121.0,1050,1529.0,1515,WN,1667,N243WN,188.0,205.0,170.0,14.0,31.0,PHX,MDW,1444,5.0,13.0,0,N,0,,,,,
1429,2008,1,3,4,1641.0,1610,2041.0,2030,WN,1929,N723SW,180.0,200.0,164.0,11.0,31.0,PHX,MDW,1444,5.0,11.0,0,N,0,,,,,
1430,2008,1,3,4,1236.0,1230,1640.0,1655,WN,2474,N776WN,184.0,205.0,168.0,-15.0,6.0,PHX,MDW,1444,7.0,9.0,0,N,0,,,,,
1431,2008,1,3,4,1404.0,1350,1810.0,1810,WN,2703,N734SA,186.0,200.0,173.0,0.0,14.0,PHX,MDW,1444,6.0,7.0,0,N,0,,,,,
1433,2008,1,3,4,1157.0,1145,1841.0,1830,WN,3598,N790SW,284.0,285.0,258.0,11.0,12.0,PHX,MHT,2279,3.0,23.0,0,N,0,,,,,
1435,2008,1,3,4,1813.0,1715,1928.0,1820,WN,357,N682SW,135.0,125.0,117.0,68.0,58.0,PHX,OAK,646,3.0,15.0,0,N,0,0.0,0.0,10.0,0.0,58.0
1438,2008,1,3,4,1943.0,1905,2047.0,2005,WN,2336,N487WN,124.0,120.0,110.0,42.0,38.0,PHX,OAK,646,4.0,10.0,0,N,0,18.0,0.0,4.0,0.0,20.0
1439,2008,1,3,4,943.0,925,1048.0,1035,WN,2646,N647SW,125.0,130.0,110.0,13.0,18.0,PHX,OAK,646,5.0,10.0,0,N,0,,,,,
1440,2008,1,3,4,1502.0,1455,1615.0,1600,WN,3240,N282WN,133.0,125.0,114.0,15.0,7.0,PHX,OAK,646,5.0,14.0,0,N,0,7.0,0.0,8.0,0.0,0.0
1441,2008,1,3,4,2249.0,2150,2357.0,2250,WN,3492,N772SW,128.0,120.0,108.0,67.0,59.0,PHX,OAK,646,6.0,14.0,0,N,0,26.0,0.0,8.0,0.0,33.0
1443,2008,1,3,4,2144.0,2025,32.0,2330,WN,282,N338SW,108.0,125.0,99.0,62.0,79.0,PHX,OKC,833,3.0,6.0,0,N,0,0.0,0.0,0.0,0.0,62.0
1445,2008,1,3,4,1654.0,1515,2009.0,1840,WN,316,N797MX,135.0,145.0,120.0,89.0,99.0,PHX,OMA,1037,2.0,13.0,0,N,0,6.0,0.0,0.0,0.0,83.0
1446,2008,1,3,4,2059.0,2015,10.0,2340,WN,559,N603SW,131.0,145.0,121.0,30.0,44.0,PHX,OMA,1037,2.0,8.0,0,N,0,16.0,0.0,0.0,0.0,14.0
1447,2008,1,3,4,734.0,715,1056.0,1045,WN,1333,N334SW,142.0,150.0,128.0,11.0,19.0,PHX,OMA,1037,3.0,11.0,0,N,0,,,,,
1449,2008,1,3,4,1636.0,1550,1648.0,1555,WN,508,N455WN,72.0,65.0,54.0,53.0,46.0,PHX,ONT,325,3.0,15.0,0,N,0,3.0,0.0,7.0,0.0,43.0
1451,2008,1,3,4,1022.0,1000,1038.0,1020,WN,616,N495WN,76.0,80.0,53.0,18.0,22.0,PHX,ONT,325,5.0,18.0,0,N,0,13.0,0.0,0.0,0.0,5.0
1452,2008,1,3,4,1121.0,1110,1133.0,1130,WN,876,N212WN,72.0,80.0,53.0,3.0,11.0,PHX,ONT,325,5.0,14.0,0,N,0,,,,,
1453,2008,1,3,4,1743.0,1720,1754.0,1730,WN,966,N345SA,71.0,70.0,58.0,24.0,23.0,PHX,ONT,325,4.0,9.0,0,N,0,0.0,0.0,1.0,0.0,23.0
1454,2008,1,3,4,1915.0,1850,1923.0,1900,WN,1679,N645SW,68.0,70.0,55.0,23.0,25.0,PHX,ONT,325,3.0,10.0,0,N,0,19.0,0.0,0.0,0.0,4.0
1455,2008,1,3,4,2306.0,2135,2318.0,2145,WN,2369,N739GB,72.0,70.0,57.0,93.0,91.0,PHX,ONT,325,4.0,11.0,0,N,0,12.0,0.0,2.0,0.0,79.0
1457,2008,1,3,4,716.0,700,723.0,715,WN,3422,N684WN,67.0,75.0,54.0,8.0,16.0,PHX,ONT,325,3.0,10.0,0,N,0,,,,,
1458,2008,1,3,4,2105.0,2020,2117.0,2030,WN,3691,N257WN,72.0,70.0,54.0,47.0,45.0,PHX,ONT,325,8.0,10.0,0,N,0,8.0,0.0,2.0,0.0,37.0
1460,2008,1,3,4,842.0,835,1023.0,1040,WN,364,N619SW,161.0,185.0,145.0,-17.0,7.0,PHX,PDX,1009,3.0,13.0,0,N,0,,,,,
1461,2008,1,3,4,1415.0,1345,1547.0,1540,WN,1012,N378SW,152.0,175.0,141.0,7.0,30.0,PHX,PDX,1009,3.0,8.0,0,N,0,,,,,
1462,2008,1,3,4,2101.0,1945,2231.0,2140,WN,1484,N242WN,150.0,175.0,139.0,51.0,76.0,PHX,PDX,1009,3.0,8.0,0,N,0,5.0,0.0,0.0,0.0,46.0
1463,2008,1,3,4,1001.0,940,1613.0,1600,WN,175,N759GS,252.0,260.0,236.0,13.0,21.0,PHX,PHL,2075,4.0,12.0,0,N,0,,,,,
1464,2008,1,3,4,1620.0,1600,2236.0,2220,WN,287,N747SA,256.0,260.0,235.0,16.0,20.0,PHX,PHL,2075,6.0,15.0,0,N,0,14.0,0.0,0.0,0.0,2.0
1465,2008,1,3,4,1322.0,1310,1912.0,1905,WN,3657,N260WN,230.0,235.0,207.0,7.0,12.0,PHX,PIT,1813,6.0,17.0,0,N,0,,,,,
1468,2008,1,3,4,2243.0,2120,2325.0,2210,WN,489,N279WN,102.0,110.0,86.0,75.0,83.0,PHX,RNO,601,4.0,12.0,0,N,0,5.0,0.0,0.0,0.0,70.0
1469,2008,1,3,4,1444.0,1430,1536.0,1520,WN,736,N342SW,112.0,110.0,87.0,16.0,14.0,PHX,RNO,601,4.0,21.0,0,N,0,14.0,0.0,2.0,0.0,0.0
1470,2008,1,3,4,1031.0,1020,1117.0,1115,WN,1144,N684WN,106.0,115.0,87.0,2.0,11.0,PHX,RNO,601,4.0,15.0,0,N,0,,,,,
1471,2008,1,3,4,1418.0,1405,1427.0,1410,WN,123,N287WN,69.0,65.0,51.0,17.0,13.0,PHX,SAN,304,9.0,9.0,0,N,0,4.0,0.0,4.0,0.0,9.0
1472,2008,1,3,4,2301.0,2120,2314.0,2125,WN,242,N797MX,73.0,65.0,58.0,109.0,101.0,PHX,SAN,304,3.0,12.0,0,N,0,3.0,0.0,8.0,0.0,98.0
1473,2008,1,3,4,2143.0,2045,2143.0,2050,WN,381,N398SW,60.0,65.0,51.0,53.0,58.0,PHX,SAN,304,4.0,5.0,0,N,0,8.0,0.0,0.0,0.0,45.0
1474,2008,1,3,4,1706.0,1645,1710.0,1650,WN,458,N203WN,64.0,65.0,52.0,20.0,21.0,PHX,SAN,304,3.0,9.0,0,N,0,11.0,0.0,0.0,0.0,9.0
1476,2008,1,3,4,1055.0,1030,1103.0,1045,WN,1010,N744SW,68.0,75.0,54.0,18.0,25.0,PHX,SAN,304,3.0,11.0,0,N,0,18.0,0.0,0.0,0.0,0.0
1477,2008,1,3,4,856.0,845,901.0,855,WN,1069,N630WN,65.0,70.0,53.0,6.0,11.0,PHX,SAN,304,2.0,10.0,0,N,0,,,,,
1479,2008,1,3,4,1809.0,1730,1834.0,1735,WN,1511,N263WN,85.0,65.0,66.0,59.0,39.0,PHX,SAN,304,3.0,16.0,0,N,0,37.0,0.0,20.0,0.0,2.0
1481,2008,1,3,4,1800.0,1610,1814.0,1615,WN,1600,N769SW,74.0,65.0,61.0,119.0,110.0,PHX,SAN,304,3.0,10.0,0,N,0,0.0,0.0,9.0,0.0,110.0
1482,2008,1,3,4,809.0,800,811.0,810,WN,1855,N797MX,62.0,70.0,51.0,1.0,9.0,PHX,SAN,304,2.0,9.0,0,N,0,,,,,
1483,2008,1,3,4,1502.0,1455,1514.0,1500,WN,2442,N453WN,72.0,65.0,56.0,14.0,7.0,PHX,SAN,304,3.0,13.0,0,N,0,,,,,
1484,2008,1,3,4,1942.0,1840,1949.0,1845,WN,3839,N421LV,67.0,65.0,57.0,64.0,62.0,PHX,SAN,304,2.0,8.0,0,N,0,0.0,0.0,2.0,0.0,62.0
1485,2008,1,3,4,923.0,910,1222.0,1210,WN,327,N665WN,119.0,120.0,102.0,12.0,13.0,PHX,SAT,843,3.0,14.0,0,N,0,,,,,
1486,2008,1,3,4,2157.0,2025,42.0,2325,WN,796,N428WN,105.0,120.0,97.0,77.0,92.0,PHX,SAT,843,2.0,6.0,0,N,0,33.0,0.0,0.0,0.0,44.0
1487,2008,1,3,4,1701.0,1615,1948.0,1915,WN,2015,N792SW,107.0,120.0,97.0,33.0,46.0,PHX,SAT,843,3.0,7.0,0,N,0,8.0,0.0,0.0,0.0,25.0
1488,2008,1,3,4,1231.0,1200,1527.0,1505,WN,3168,N513SW,116.0,125.0,103.0,22.0,31.0,PHX,SAT,843,2.0,11.0,0,N,0,9.0,0.0,0.0,0.0,13.0
1490,2008,1,3,4,906.0,850,1058.0,1105,WN,754,N250WN,172.0,195.0,156.0,-7.0,16.0,PHX,SEA,1107,5.0,11.0,0,N,0,,,,,
1491,2008,1,3,4,1153.0,1145,1351.0,1400,WN,1481,N227WN,178.0,195.0,150.0,-9.0,8.0,PHX,SEA,1107,5.0,23.0,0,N,0,,,,,
1492,2008,1,3,4,2000.0,1935,2203.0,2145,WN,2361,N348SW,183.0,190.0,159.0,18.0,25.0,PHX,SEA,1107,4.0,20.0,0,N,0,2.0,0.0,0.0,0.0,16.0
1493,2008,1,3,4,2138.0,2115,2233.0,2210,WN,160,N783SW,115.0,115.0,96.0,23.0,23.0,PHX,SJC,621,13.0,6.0,0,N,0,0.0,0.0,2.0,0.0,21.0
1495,2008,1,3,4,1004.0,955,1113.0,1100,WN,502,N359SW,129.0,125.0,109.0,13.0,9.0,PHX,SJC,621,4.0,16.0,0,N,0,,,,,
1496,2008,1,3,4,1544.0,1415,1639.0,1510,WN,2094,N395SW,115.0,115.0,102.0,89.0,89.0,PHX,SJC,621,4.0,9.0,0,N,0,13.0,0.0,0.0,0.0,76.0
1499,2008,1,3,4,1343.0,1315,1506.0,1450,WN,320,N345SA,83.0,95.0,70.0,16.0,28.0,PHX,SLC,507,4.0,9.0,0,N,0,1.0,0.0,0.0,0.0,15.0
1500,2008,1,3,4,1915.0,1845,2042.0,2020,WN,410,N327SW,87.0,95.0,73.0,22.0,30.0,PHX,SLC,507,3.0,11.0,0,N,0,7.0,0.0,0.0,0.0,15.0
1502,2008,1,3,4,2218.0,2120,2342.0,2250,WN,980,N711HK,84.0,90.0,71.0,52.0,58.0,PHX,SLC,507,4.0,9.0,0,N,0,4.0,0.0,0.0,0.0,48.0
1503,2008,1,3,4,1454.0,1425,1622.0,1600,WN,1022,N655WN,88.0,95.0,72.0,22.0,29.0,PHX,SLC,507,3.0,13.0,0,N,0,8.0,0.0,0.0,0.0,14.0
1504,2008,1,3,4,902.0,825,1032.0,1005,WN,1041,N474WN,90.0,100.0,73.0,27.0,37.0,PHX,SLC,507,6.0,11.0,0,N,0,27.0,0.0,0.0,0.0,0.0
1505,2008,1,3,4,1733.0,1655,1904.0,1830,WN,1684,N429WN,91.0,95.0,74.0,34.0,38.0,PHX,SLC,507,9.0,8.0,0,N,0,0.0,0.0,0.0,0.0,34.0
1508,2008,1,3,4,1036.0,1025,1147.0,1135,WN,207,N398SW,131.0,130.0,108.0,12.0,11.0,PHX,SMF,647,6.0,17.0,0,N,0,,,,,
1510,2008,1,3,4,1555.0,1500,1648.0,1600,WN,877,N362SW,113.0,120.0,103.0,48.0,55.0,PHX,SMF,647,3.0,7.0,0,N,0,0.0,0.0,0.0,0.0,48.0
1511,2008,1,3,4,2315.0,2135,9.0,2235,WN,1309,N304SW,114.0,120.0,101.0,94.0,100.0,PHX,SMF,647,5.0,8.0,0,N,0,0.0,0.0,0.0,0.0,94.0
1512,2008,1,3,4,1825.0,1810,1924.0,1910,WN,2453,N662SW,119.0,120.0,96.0,14.0,15.0,PHX,SMF,647,4.0,19.0,0,N,0,,,,,
1513,2008,1,3,4,1648.0,1635,1740.0,1735,WN,3941,N480WN,112.0,120.0,98.0,5.0,13.0,PHX,SMF,647,4.0,10.0,0,N,0,,,,,
1514,2008,1,3,4,1148.0,1135,1222.0,1155,WN,259,N270WN,94.0,80.0,58.0,27.0,13.0,PHX,SNA,338,10.0,26.0,0,N,0,4.0,0.0,14.0,0.0,9.0
1518,2008,1,3,4,1546.0,1515,1600.0,1530,WN,1413,N706SW,74.0,75.0,59.0,30.0,31.0,PHX,SNA,338,4.0,11.0,0,N,0,9.0,0.0,0.0,0.0,21.0
1520,2008,1,3,4,1729.0,1720,1740.0,1730,WN,2707,N468WN,71.0,70.0,57.0,10.0,9.0,PHX,SNA,338,4.0,10.0,0,N,0,,,,,
1521,2008,1,3,4,1357.0,1330,1408.0,1345,WN,3501,N732SW,71.0,75.0,57.0,23.0,27.0,PHX,SNA,338,4.0,10.0,0,N,0,4.0,0.0,0.0,0.0,19.0
1523,2008,1,3,4,1711.0,1705,2052.0,2055,WN,868,N389SW,161.0,170.0,147.0,-3.0,6.0,PHX,STL,1262,4.0,10.0,0,N,0,,,,,
1524,2008,1,3,4,1923.0,1905,2258.0,2300,WN,958,N728SW,155.0,175.0,140.0,-2.0,18.0,PHX,STL,1262,6.0,9.0,0,N,0,,,,,
1527,2008,1,3,4,1003.0,945,1551.0,1540,WN,243,N228WN,228.0,235.0,203.0,11.0,18.0,PHX,TPA,1788,13.0,12.0,0,N,0,,,,,
1528,2008,1,3,4,2207.0,2040,59.0,2355,WN,504,N704SW,112.0,135.0,104.0,64.0,87.0,PHX,TUL,935,2.0,6.0,0,N,0,63.0,0.0,0.0,0.0,1.0
1529,2008,1,3,4,1409.0,1355,1711.0,1710,WN,627,N320SW,122.0,135.0,110.0,1.0,14.0,PHX,TUL,935,3.0,9.0,0,N,0,,,,,
1532,2008,1,3,4,1023.0,1005,1117.0,1100,WN,1414,N402WN,54.0,55.0,45.0,17.0,18.0,PIT,BWI,210,3.0,6.0,0,N,0,6.0,0.0,0.0,0.0,11.0
1533,2008,1,3,4,1936.0,1925,2028.0,2020,WN,3657,N260WN,52.0,55.0,40.0,8.0,11.0,PIT,BWI,210,4.0,8.0,0,N,0,,,,,
1534,2008,1,3,4,1710.0,1645,1851.0,1840,WN,94,N715SW,281.0,295.0,268.0,11.0,25.0,PIT,LAS,1910,4.0,9.0,0,N,0,,,,,
1538,2008,1,3,4,2047.0,2010,2259.0,2225,WN,3592,N406WN,132.0,135.0,115.0,34.0,37.0,PIT,MCO,834,3.0,14.0,0,N,0,0.0,0.0,0.0,0.0,34.0
1540,2008,1,3,4,1833.0,1755,1853.0,1830,WN,490,N651SW,80.0,95.0,65.0,23.0,38.0,PIT,MDW,402,6.0,9.0,0,N,0,2.0,0.0,0.0,0.0,21.0
1541,2008,1,3,4,1429.0,1410,1449.0,1435,WN,921,N430WN,80.0,85.0,64.0,14.0,19.0,PIT,MDW,402,5.0,11.0,0,N,0,,,,,
1542,2008,1,3,4,1221.0,1205,1237.0,1235,WN,2361,N348SW,76.0,90.0,63.0,2.0,16.0,PIT,MDW,402,6.0,7.0,0,N,0,,,,,
1543,2008,1,3,4,2117.0,2035,2136.0,2105,WN,3336,N208WN,79.0,90.0,61.0,31.0,42.0,PIT,MDW,402,10.0,8.0,0,N,0,0.0,0.0,0.0,0.0,31.0
1544,2008,1,3,4,909.0,900,930.0,935,WN,3501,N732SW,81.0,95.0,66.0,-5.0,9.0,PIT,MDW,402,5.0,10.0,0,N,0,,,,,
1545,2008,1,3,4,1549.0,1455,1715.0,1610,WN,374,N791SW,86.0,75.0,62.0,65.0,54.0,PIT,PHL,267,7.0,17.0,0,N,0,0.0,0.0,11.0,0.0,54.0
1546,2008,1,3,4,1850.0,1815,1957.0,1950,WN,548,N791SW,67.0,95.0,55.0,7.0,35.0,PIT,PHL,267,5.0,7.0,0,N,0,,,,,
1548,2008,1,3,4,1304.0,1245,1422.0,1355,WN,1236,N614SW,78.0,70.0,53.0,27.0,19.0,PIT,PHL,267,7.0,18.0,0,N,0,0.0,0.0,8.0,0.0,19.0
1552,2008,1,3,4,1358.0,1325,1624.0,1615,WN,458,N203WN,266.0,290.0,251.0,9.0,33.0,PIT,PHX,1813,8.0,7.0,0,N,0,,,,,
1553,2008,1,3,4,1532.0,1500,1739.0,1735,WN,107,N672SW,127.0,155.0,116.0,4.0,32.0,PIT,TPA,873,5.0,6.0,0,N,0,,,,,
1554,2008,1,3,4,1040.0,1015,1157.0,1200,WN,1151,N386SW,137.0,165.0,124.0,-3.0,25.0,PVD,BNA,907,5.0,8.0,0,N,0,,,,,
1556,2008,1,3,4,1646.0,1630,1750.0,1750,WN,421,N746SW,64.0,80.0,52.0,0.0,16.0,PVD,BWI,328,3.0,9.0,0,N,0,,,,,
1557,2008,1,3,4,1118.0,1105,1220.0,1220,WN,983,N223WN,62.0,75.0,50.0,0.0,13.0,PVD,BWI,328,4.0,8.0,0,N,0,,,,,
1558,2008,1,3,4,1747.0,1730,1857.0,1850,WN,1062,N380SW,70.0,80.0,53.0,7.0,17.0,PVD,BWI,328,4.0,13.0,0,N,0,,,,,
1559,2008,1,3,4,1957.0,1925,2102.0,2045,WN,1154,N371SW,65.0,80.0,55.0,17.0,32.0,PVD,BWI,328,3.0,7.0,0,N,0,0.0,0.0,0.0,0.0,17.0
1560,2008,1,3,4,1308.0,1300,1414.0,1415,WN,1161,N705SW,66.0,75.0,56.0,-1.0,8.0,PVD,BWI,328,3.0,7.0,0,N,0,,,,,
1561,2008,1,3,4,648.0,635,805.0,755,WN,2031,N699SW,77.0,80.0,60.0,10.0,13.0,PVD,BWI,328,5.0,12.0,0,N,0,,,,,
1562,2008,1,3,4,1824.0,1815,1938.0,1935,WN,2034,N701GS,74.0,80.0,57.0,3.0,9.0,PVD,BWI,328,4.0,13.0,0,N,0,,,,,
1565,2008,1,3,4,1519.0,1455,1627.0,1610,WN,2795,N266WN,68.0,75.0,56.0,17.0,24.0,PVD,BWI,328,3.0,9.0,0,N,0,6.0,0.0,0.0,0.0,11.0
1567,2008,1,3,4,801.0,740,1048.0,1110,WN,2988,N208WN,167.0,210.0,151.0,-22.0,21.0,PVD,FLL,1188,6.0,10.0,0,N,0,,,,,
1568,2008,1,3,4,747.0,730,1019.0,1040,WN,3423,N298WN,332.0,370.0,318.0,-21.0,17.0,PVD,LAS,2363,5.0,9.0,0,N,0,,,,,
1569,2008,1,3,4,1255.0,1230,1534.0,1540,WN,186,N438WN,159.0,190.0,145.0,-6.0,25.0,PVD,MCO,1073,6.0,8.0,0,N,0,,,,,
1570,2008,1,3,4,801.0,720,1039.0,1030,WN,499,N621SW,158.0,190.0,143.0,9.0,41.0,PVD,MCO,1073,7.0,8.0,0,N,0,,,,,
1571,2008,1,3,4,1711.0,1705,1954.0,2010,WN,1030,N439WN,163.0,185.0,145.0,-16.0,6.0,PVD,MCO,1073,8.0,10.0,0,N,0,,,,,
1572,2008,1,3,4,956.0,945,1231.0,1250,WN,2368,N786SW,155.0,185.0,142.0,-19.0,11.0,PVD,MCO,1073,5.0,8.0,0,N,0,,,,,
1573,2008,1,3,4,2042.0,2030,2325.0,2330,WN,2451,N228WN,163.0,180.0,147.0,-5.0,12.0,PVD,MCO,1073,8.0,8.0,0,N,0,,,,,
1574,2008,1,3,4,1613.0,1545,1857.0,1850,WN,3134,N355SW,164.0,185.0,142.0,7.0,28.0,PVD,MCO,1073,8.0,14.0,0,N,0,,,,,
1575,2008,1,3,4,644.0,630,805.0,810,WN,118,N299WN,141.0,160.0,122.0,-5.0,14.0,PVD,MDW,842,5.0,14.0,0,N,0,,,,,
1576,2008,1,3,4,1054.0,1030,1209.0,1210,WN,299,N718SW,135.0,160.0,123.0,-1.0,24.0,PVD,MDW,842,5.0,7.0,0,N,0,,,,,
1577,2008,1,3,4,1933.0,1925,2103.0,2105,WN,393,N417WN,150.0,160.0,125.0,-2.0,8.0,PVD,MDW,842,18.0,7.0,0,N,0,,,,,
1578,2008,1,3,4,1503.0,1455,1626.0,1635,WN,3841,N280WN,143.0,160.0,124.0,-9.0,8.0,PVD,MDW,842,10.0,9.0,0,N,0,,,,,
1579,2008,1,3,4,833.0,825,932.0,940,WN,723,N648SW,59.0,75.0,49.0,-8.0,8.0,PVD,PHL,238,3.0,7.0,0,N,0,,,,,
1581,2008,1,3,4,1435.0,1340,1537.0,1500,WN,1338,N237WN,62.0,80.0,49.0,37.0,55.0,PVD,PHL,238,5.0,8.0,0,N,0,0.0,0.0,16.0,0.0,21.0
1582,2008,1,3,4,1617.0,1540,1725.0,1710,WN,1410,N614SW,68.0,90.0,55.0,15.0,37.0,PVD,PHL,238,7.0,6.0,0,N,0,5.0,0.0,0.0,0.0,10.0
1583,2008,1,3,4,2021.0,2005,2120.0,2125,WN,2731,N339SW,59.0,80.0,48.0,-5.0,16.0,PVD,PHL,238,4.0,7.0,0,N,0,,,,,
1584,2008,1,3,4,1636.0,1610,2013.0,2005,WN,3061,N447WN,337.0,355.0,324.0,8.0,26.0,PVD,PHX,2277,5.0,8.0,0,N,0,,,,,
1585,2008,1,3,4,705.0,655,950.0,1010,WN,77,N330SW,165.0,195.0,151.0,-20.0,10.0,PVD,TPA,1137,4.0,10.0,0,N,0,,,,,
1586,2008,1,3,4,1358.0,1335,1649.0,1650,WN,3405,N772SW,171.0,195.0,157.0,-1.0,23.0,PVD,TPA,1137,5.0,9.0,0,N,0,,,,,
1587,2008,1,3,4,1901.0,1855,2155.0,2210,WN,3580,N206WN,174.0,195.0,157.0,-15.0,6.0,PVD,TPA,1137,5.0,12.0,0,N,0,,,,,
1588,2008,1,3,4,2056.0,2020,2118.0,2055,WN,312,N604SW,82.0,95.0,69.0,23.0,36.0,RDU,BNA,443,6.0,7.0,0,N,0,0.0,0.0,0.0,0.0,23.0
1591,2008,1,3,4,1324.0,1315,1345.0,1350,WN,2463,N771SA,81.0,95.0,68.0,-5.0,9.0,RDU,BNA,443,6.0,7.0,0,N,0,,,,,
1592,2008,1,3,4,1805.0,1745,1839.0,1820,WN,2821,N218WN,94.0,95.0,70.0,19.0,20.0,RDU,BNA,443,13.0,11.0,0,N,0,8.0,0.0,0.0,0.0,11.0
1594,2008,1,3,4,1739.0,1645,1840.0,1745,WN,269,N325SW,61.0,60.0,45.0,55.0,54.0,RDU,BWI,255,3.0,13.0,0,N,0,0.0,0.0,1.0,0.0,54.0
1596,2008,1,3,4,1536.0,1520,1630.0,1620,WN,1516,N657SW,54.0,60.0,43.0,10.0,16.0,RDU,BWI,255,3.0,8.0,0,N,0,,,,,
1597,2008,1,3,4,1208.0,1200,1306.0,1255,WN,2621,N266WN,58.0,55.0,48.0,11.0,8.0,RDU,BWI,255,4.0,6.0,0,N,0,,,,,
1602,2008,1,3,4,1313.0,1255,1446.0,1440,WN,1414,N402WN,93.0,105.0,80.0,6.0,18.0,RDU,MCO,534,6.0,7.0,0,N,0,,,,,
1603,2008,1,3,4,1858.0,1835,2033.0,2020,WN,3046,N638SW,95.0,105.0,79.0,13.0,23.0,RDU,MCO,534,5.0,11.0,0,N,0,,,,,
1604,2008,1,3,4,1115.0,1050,1249.0,1230,WN,3499,N204WN,94.0,100.0,78.0,19.0,25.0,RDU,MCO,534,7.0,9.0,0,N,0,0.0,0.0,0.0,0.0,19.0
1607,2008,1,3,4,1907.0,1835,2006.0,1940,WN,1076,N411WN,119.0,125.0,103.0,26.0,32.0,RDU,MDW,632,7.0,9.0,0,N,0,2.0,0.0,0.0,0.0,24.0
1608,2008,1,3,4,955.0,940,1100.0,1045,WN,1402,N675AA,125.0,125.0,108.0,15.0,15.0,RDU,MDW,632,8.0,9.0,0,N,0,6.0,0.0,0.0,0.0,9.0
1609,2008,1,3,4,1136.0,1130,1249.0,1245,WN,144,N421LV,73.0,75.0,58.0,4.0,6.0,RDU,PHL,336,6.0,9.0,0,N,0,,,,,
1610,2008,1,3,4,1343.0,1325,1456.0,1440,WN,201,N251WN,73.0,75.0,57.0,16.0,18.0,RDU,PHL,336,9.0,7.0,0,N,0,0.0,0.0,0.0,0.0,16.0
1612,2008,1,3,4,2111.0,2040,2216.0,2155,WN,882,N774SW,65.0,75.0,54.0,21.0,31.0,RDU,PHL,336,4.0,7.0,0,N,0,1.0,0.0,0.0,0.0,20.0
1613,2008,1,3,4,1727.0,1700,1843.0,1825,WN,1502,N656SW,76.0,85.0,60.0,18.0,27.0,RDU,PHL,336,6.0,10.0,0,N,0,3.0,0.0,0.0,0.0,15.0
1615,2008,1,3,4,1024.0,1015,1302.0,1320,WN,221,N269WN,278.0,305.0,265.0,-18.0,9.0,RDU,PHX,1891,6.0,7.0,0,N,0,,,,,
1617,2008,1,3,4,1929.0,1910,2111.0,2100,WN,2634,N448WN,102.0,110.0,86.0,11.0,19.0,RDU,TPA,587,5.0,11.0,0,N,0,,,,,
1618,2008,1,3,4,728.0,625,910.0,820,WN,3266,N698SW,102.0,115.0,87.0,50.0,63.0,RDU,TPA,587,4.0,11.0,0,N,0,50.0,0.0,0.0,0.0,0.0
1619,2008,1,3,4,1856.0,1815,2056.0,2020,WN,239,N267WN,60.0,65.0,48.0,36.0,41.0,RNO,BOI,335,2.0,10.0,0,N,0,5.0,0.0,0.0,0.0,31.0
1621,2008,1,3,4,1501.0,1410,1657.0,1615,WN,3589,N601WN,56.0,65.0,47.0,42.0,51.0,RNO,BOI,335,2.0,7.0,0,N,0,1.0,0.0,0.0,0.0,41.0
1622,2008,1,3,4,1302.0,1255,1407.0,1410,WN,120,N277WN,65.0,75.0,54.0,-3.0,7.0,RNO,LAS,345,5.0,6.0,0,N,0,,,,,
1623,2008,1,3,4,1130.0,1115,1237.0,1225,WN,380,N444WN,67.0,70.0,57.0,12.0,15.0,RNO,LAS,345,3.0,7.0,0,N,0,,,,,
1624,2008,1,3,4,1615.0,1545,1725.0,1655,WN,637,N342SW,70.0,70.0,54.0,30.0,30.0,RNO,LAS,345,6.0,10.0,0,N,0,14.0,0.0,0.0,0.0,16.0
1625,2008,1,3,4,1938.0,1910,2049.0,2020,WN,708,N286WN,71.0,70.0,53.0,29.0,28.0,RNO,LAS,345,7.0,11.0,0,N,0,13.0,0.0,1.0,0.0,15.0
1626,2008,1,3,4,2230.0,2150,2335.0,2300,WN,1017,N337SW,65.0,70.0,54.0,35.0,40.0,RNO,LAS,345,4.0,7.0,0,N,0,1.0,0.0,0.0,0.0,34.0
1627,2008,1,3,4,1348.0,1340,1517.0,1455,WN,1027,N230WN,89.0,75.0,53.0,22.0,8.0,RNO,LAS,345,23.0,13.0,0,N,0,6.0,0.0,14.0,0.0,2.0
1628,2008,1,3,4,1859.0,1725,2011.0,1835,WN,1072,N752SW,72.0,70.0,57.0,96.0,94.0,RNO,LAS,345,4.0,11.0,0,N,0,5.0,0.0,2.0,0.0,89.0
1629,2008,1,3,4,2029.0,1940,2134.0,2050,WN,1403,N258WN,65.0,70.0,54.0,44.0,49.0,RNO,LAS,345,4.0,7.0,0,N,0,0.0,0.0,0.0,0.0,44.0
1630,2008,1,3,4,1045.0,1030,1158.0,1140,WN,2018,N313SW,73.0,70.0,54.0,18.0,15.0,RNO,LAS,345,7.0,12.0,0,N,0,15.0,0.0,3.0,0.0,0.0
1631,2008,1,3,4,904.0,855,1016.0,1005,WN,2113,N350SW,72.0,70.0,58.0,11.0,9.0,RNO,LAS,345,8.0,6.0,0,N,0,,,,,
1633,2008,1,3,4,1509.0,1445,1619.0,1555,WN,3517,N487WN,70.0,70.0,57.0,24.0,24.0,RNO,LAS,345,4.0,9.0,0,N,0,2.0,0.0,0.0,0.0,22.0
1635,2008,1,3,4,1140.0,1120,1255.0,1240,WN,397,N424WN,75.0,80.0,62.0,15.0,20.0,RNO,LAX,390,7.0,6.0,0,N,0,8.0,0.0,0.0,0.0,7.0
1636,2008,1,3,4,1927.0,1855,2049.0,2020,WN,520,N283WN,82.0,85.0,64.0,29.0,32.0,RNO,LAX,390,9.0,9.0,0,N,0,17.0,0.0,0.0,0.0,12.0
1638,2008,1,3,4,1056.0,1050,1632.0,1640,WN,324,N253WN,216.0,230.0,200.0,-8.0,6.0,RNO,MDW,1680,6.0,10.0,0,N,0,,,,,
1639,2008,1,3,4,1106.0,1015,1203.0,1110,WN,891,N400WN,57.0,55.0,44.0,53.0,51.0,RNO,OAK,180,5.0,8.0,0,N,0,17.0,0.0,2.0,0.0,34.0
1640,2008,1,3,4,1235.0,1210,1335.0,1305,WN,2719,N466WN,60.0,55.0,41.0,30.0,25.0,RNO,OAK,180,5.0,14.0,0,N,0,0.0,0.0,5.0,0.0,25.0
1641,2008,1,3,4,1910.0,1805,2014.0,1900,WN,2732,N788SA,64.0,55.0,46.0,74.0,65.0,RNO,OAK,180,4.0,14.0,0,N,0,0.0,0.0,36.0,0.0,38.0
1644,2008,1,3,4,2037.0,1955,2158.0,2125,WN,1511,N263WN,81.0,90.0,64.0,33.0,42.0,RNO,PDX,444,11.0,6.0,0,N,0,0.0,0.0,0.0,0.0,33.0
1645,2008,1,3,4,1611.0,1545,1734.0,1715,WN,2360,N618WN,83.0,90.0,70.0,19.0,26.0,RNO,PDX,444,4.0,9.0,0,N,0,10.0,0.0,0.0,0.0,9.0
1647,2008,1,3,4,1813.0,1720,2053.0,2000,WN,796,N428WN,100.0,100.0,83.0,53.0,53.0,RNO,PHX,601,5.0,12.0,0,N,0,21.0,0.0,0.0,0.0,32.0
1648,2008,1,3,4,945.0,930,1222.0,1210,WN,1006,N628SW,97.0,100.0,86.0,12.0,15.0,RNO,PHX,601,4.0,7.0,0,N,0,,,,,
1649,2008,1,3,4,1149.0,1135,1422.0,1415,WN,1231,N684WN,93.0,100.0,83.0,7.0,14.0,RNO,PHX,601,4.0,6.0,0,N,0,,,,,
1651,2008,1,3,4,1646.0,1600,1815.0,1750,WN,3513,N686SW,89.0,110.0,77.0,25.0,46.0,RNO,SAN,488,2.0,10.0,0,N,0,13.0,0.0,0.0,0.0,12.0
1653,2008,1,3,4,1603.0,1530,1739.0,1720,WN,3835,N610WN,96.0,110.0,85.0,19.0,33.0,RNO,SEA,564,4.0,7.0,0,N,0,9.0,0.0,0.0,0.0,10.0
1654,2008,1,3,4,2101.0,2035,2213.0,2135,WN,298,N450WN,72.0,60.0,55.0,38.0,26.0,RNO,SJC,188,6.0,11.0,0,N,0,7.0,0.0,12.0,0.0,19.0
1656,2008,1,3,4,1221.0,1215,1330.0,1315,WN,1002,N745SW,69.0,60.0,57.0,15.0,6.0,RNO,SJC,188,3.0,9.0,0,N,0,4.0,0.0,9.0,0.0,2.0
1657,2008,1,3,4,1801.0,1710,1900.0,1810,WN,1276,N265WN,59.0,60.0,46.0,50.0,51.0,RNO,SJC,188,5.0,8.0,0,N,0,7.0,0.0,0.0,0.0,43.0
1658,2008,1,3,4,1311.0,1240,1523.0,1500,WN,2969,N642WN,72.0,80.0,61.0,23.0,31.0,RNO,SLC,422,3.0,8.0,0,N,0,10.0,0.0,0.0,0.0,13.0
1659,2008,1,3,4,1855.0,1825,2121.0,2045,WN,1830,N390SW,146.0,140.0,128.0,36.0,30.0,RSW,BWI,919,6.0,12.0,0,N,0,11.0,0.0,6.0,0.0,19.0
1660,2008,1,3,4,1134.0,1110,1355.0,1330,WN,3047,N355SW,141.0,140.0,131.0,25.0,24.0,RSW,BWI,919,3.0,7.0,0,N,0,9.0,0.0,1.0,0.0,15.0
1661,2008,1,3,4,1925.0,1910,2159.0,2150,WN,3485,N707SA,154.0,160.0,144.0,9.0,15.0,RSW,ISP,1101,4.0,6.0,0,N,0,,,,,
1663,2008,1,3,4,1445.0,1430,1525.0,1520,WN,630,N786SW,40.0,50.0,28.0,5.0,15.0,RSW,MCO,133,7.0,5.0,0,N,0,,,,,
1668,2008,1,3,4,1554.0,1340,1814.0,1535,WN,3587,N374SW,200.0,175.0,161.0,159.0,134.0,RSW,MDW,1105,33.0,6.0,0,N,0,2.0,0.0,25.0,0.0,132.0
1670,2008,1,3,4,1424.0,1345,1654.0,1625,WN,294,N398SW,90.0,100.0,76.0,29.0,39.0,SAN,ABQ,628,6.0,8.0,0,N,0,11.0,0.0,0.0,0.0,18.0
1671,2008,1,3,4,2009.0,1930,2232.0,2210,WN,1255,N361SW,83.0,100.0,72.0,22.0,39.0,SAN,ABQ,628,4.0,7.0,0,N,0,2.0,0.0,0.0,0.0,20.0
1674,2008,1,3,4,1557.0,1525,2022.0,2005,WN,2529,N453WN,145.0,160.0,133.0,17.0,32.0,SAN,AUS,1164,5.0,7.0,0,N,0,9.0,0.0,0.0,0.0,8.0
1675,2008,1,3,4,1502.0,1435,2031.0,2015,WN,179,N226WN,209.0,220.0,197.0,16.0,27.0,SAN,BNA,1751,4.0,8.0,0,N,0,8.0,0.0,0.0,0.0,8.0
1678,2008,1,3,4,1232.0,1225,2014.0,2010,WN,505,N762SW,282.0,285.0,265.0,4.0,7.0,SAN,BWI,2295,4.0,13.0,0,N,0,,,,,
1679,2008,1,3,4,1425.0,1305,1658.0,1545,WN,1156,N630WN,93.0,100.0,79.0,73.0,80.0,SAN,ELP,636,4.0,10.0,0,N,0,1.0,0.0,0.0,0.0,72.0
1680,2008,1,3,4,812.0,805,1300.0,1300,WN,588,N240WN,168.0,175.0,150.0,0.0,7.0,SAN,HOU,1312,6.0,12.0,0,N,0,,,,,
1682,2008,1,3,4,1609.0,1520,1713.0,1630,WN,156,N466WN,64.0,70.0,49.0,43.0,49.0,SAN,LAS,258,6.0,9.0,0,N,0,4.0,0.0,0.0,0.0,39.0
1684,2008,1,3,4,1036.0,1025,1150.0,1135,WN,213,N302SW,74.0,70.0,53.0,15.0,11.0,SAN,LAS,258,11.0,10.0,0,N,0,1.0,0.0,4.0,0.0,10.0
1686,2008,1,3,4,1904.0,1725,2008.0,1835,WN,415,N395SW,64.0,70.0,52.0,93.0,99.0,SAN,LAS,258,5.0,7.0,0,N,0,90.0,0.0,0.0,0.0,3.0
1688,2008,1,3,4,1630.0,1555,1736.0,1705,WN,719,N414WN,66.0,70.0,48.0,31.0,35.0,SAN,LAS,258,6.0,12.0,0,N,0,1.0,0.0,0.0,0.0,30.0
1689,2008,1,3,4,1818.0,1800,1922.0,1910,WN,802,N902WN,64.0,70.0,51.0,12.0,18.0,SAN,LAS,258,4.0,9.0,0,N,0,,,,,
1691,2008,1,3,4,2008.0,1900,2109.0,2010,WN,2273,N692SW,61.0,70.0,48.0,59.0,68.0,SAN,LAS,258,3.0,10.0,0,N,0,3.0,0.0,0.0,0.0,56.0
1692,2008,1,3,4,1803.0,1640,1905.0,1750,WN,2450,N405WN,62.0,70.0,49.0,75.0,83.0,SAN,LAS,258,4.0,9.0,0,N,0,0.0,0.0,10.0,0.0,65.0
1693,2008,1,3,4,2220.0,2120,2320.0,2230,WN,2816,N754SW,60.0,70.0,48.0,50.0,60.0,SAN,LAS,258,5.0,7.0,0,N,0,0.0,0.0,0.0,0.0,50.0
1694,2008,1,3,4,1211.0,1200,1327.0,1315,WN,3835,N610WN,76.0,75.0,53.0,12.0,11.0,SAN,LAS,258,3.0,20.0,0,N,0,,,,,
1695,2008,1,3,4,1008.0,915,1509.0,1420,WN,283,N213WN,181.0,185.0,157.0,49.0,53.0,SAN,MCI,1333,4.0,20.0,0,N,0,0.0,0.0,13.0,0.0,36.0
1696,2008,1,3,4,1917.0,1835,4.0,2335,WN,318,N474WN,167.0,180.0,150.0,29.0,42.0,SAN,MCI,1333,3.0,14.0,0,N,0,0.0,0.0,0.0,0.0,29.0
1697,2008,1,3,4,1037.0,1030,1617.0,1620,WN,378,N726SW,220.0,230.0,202.0,-3.0,7.0,SAN,MDW,1728,8.0,10.0,0,N,0,,,,,
1699,2008,1,3,4,2004.0,1855,131.0,40,WN,3065,N750SA,207.0,225.0,191.0,51.0,69.0,SAN,MDW,1728,9.0,7.0,0,N,0,5.0,0.0,0.0,0.0,46.0
1700,2008,1,3,4,1256.0,1250,1839.0,1845,WN,3510,N298WN,223.0,235.0,199.0,-6.0,6.0,SAN,MDW,1728,16.0,8.0,0,N,0,,,,,
1701,2008,1,3,4,1900.0,1610,26.0,2200,WN,3662,N492WN,206.0,230.0,189.0,146.0,170.0,SAN,MDW,1728,6.0,11.0,0,N,0,3.0,0.0,0.0,0.0,143.0
1702,2008,1,3,4,1406.0,1330,1536.0,1455,WN,78,N473WN,90.0,85.0,76.0,41.0,36.0,SAN,OAK,446,4.0,10.0,0,N,0,9.0,0.0,5.0,0.0,27.0
1704,2008,1,3,4,2015.0,1925,2209.0,2055,WN,644,N423WN,114.0,90.0,80.0,74.0,50.0,SAN,OAK,446,5.0,29.0,0,N,0,0.0,0.0,27.0,0.0,47.0
1705,2008,1,3,4,1719.0,1705,1846.0,1835,WN,687,N663SW,87.0,90.0,73.0,11.0,14.0,SAN,OAK,446,4.0,10.0,0,N,0,,,,,
1706,2008,1,3,4,836.0,815,1012.0,945,WN,783,N306SW,96.0,90.0,77.0,27.0,21.0,SAN,OAK,446,3.0,16.0,0,N,0,12.0,0.0,6.0,0.0,9.0
1708,2008,1,3,4,1528.0,1505,1700.0,1630,WN,1071,N315SW,92.0,85.0,78.0,30.0,23.0,SAN,OAK,446,10.0,4.0,0,N,0,3.0,0.0,7.0,0.0,20.0
1709,2008,1,3,4,1446.0,1430,1615.0,1555,WN,1112,N795SW,89.0,85.0,78.0,20.0,16.0,SAN,OAK,446,3.0,8.0,0,N,0,16.0,0.0,4.0,0.0,0.0
1711,2008,1,3,4,2043.0,2030,2219.0,2200,WN,1172,N221WN,96.0,90.0,80.0,19.0,13.0,SAN,OAK,446,4.0,12.0,0,N,0,3.0,0.0,6.0,0.0,10.0
1712,2008,1,3,4,1546.0,1540,1748.0,1705,WN,1179,N384SW,122.0,85.0,78.0,43.0,6.0,SAN,OAK,446,34.0,10.0,0,N,0,0.0,0.0,37.0,0.0,6.0
1714,2008,1,3,4,953.0,925,1130.0,1055,WN,1599,N207WN,97.0,90.0,74.0,35.0,28.0,SAN,OAK,446,4.0,19.0,0,N,0,24.0,0.0,7.0,0.0,4.0
1716,2008,1,3,4,1846.0,1810,2031.0,1940,WN,2971,N795SW,105.0,90.0,78.0,51.0,36.0,SAN,OAK,446,14.0,13.0,0,N,0,0.0,0.0,18.0,0.0,33.0
1718,2008,1,3,4,851.0,845,1019.0,1015,WN,3503,N633SW,88.0,90.0,74.0,4.0,6.0,SAN,OAK,446,4.0,10.0,0,N,0,,,,,
1719,2008,1,3,4,1223.0,1200,1352.0,1330,WN,3679,N434WN,89.0,90.0,74.0,22.0,23.0,SAN,OAK,446,3.0,12.0,0,N,0,8.0,0.0,0.0,0.0,14.0
1720,2008,1,3,4,1956.0,1945,2159.0,2155,WN,114,N343SW,63.0,70.0,51.0,4.0,11.0,SAN,PHX,304,5.0,7.0,0,N,0,,,,,
1721,2008,1,3,4,1417.0,1235,1617.0,1445,WN,316,N797MX,60.0,70.0,46.0,92.0,102.0,SAN,PHX,304,4.0,10.0,0,N,0,0.0,0.0,0.0,0.0,92.0
1724,2008,1,3,4,1633.0,1610,1841.0,1820,WN,410,N327SW,68.0,70.0,48.0,21.0,23.0,SAN,PHX,304,5.0,15.0,0,N,0,0.0,0.0,0.0,0.0,21.0
1727,2008,1,3,4,2151.0,2140,2352.0,2345,WN,943,N609SW,61.0,65.0,45.0,7.0,11.0,SAN,PHX,304,5.0,11.0,0,N,0,,,,,
1728,2008,1,3,4,1208.0,1145,1414.0,1355,WN,1022,N655WN,66.0,70.0,44.0,19.0,23.0,SAN,PHX,304,3.0,19.0,0,N,0,9.0,0.0,0.0,0.0,10.0
1729,2008,1,3,4,1509.0,1415,1704.0,1625,WN,1684,N429WN,55.0,70.0,43.0,39.0,54.0,SAN,PHX,304,5.0,7.0,0,N,0,0.0,0.0,0.0,0.0,39.0
1731,2008,1,3,4,1917.0,1720,2135.0,1935,WN,2268,N607SW,78.0,75.0,52.0,120.0,117.0,SAN,PHX,304,9.0,17.0,0,N,0,11.0,0.0,3.0,0.0,106.0
1732,2008,1,3,4,1124.0,1105,1323.0,1315,WN,2703,N734SA,59.0,70.0,44.0,8.0,19.0,SAN,PHX,304,6.0,9.0,0,N,0,,,,,
1733,2008,1,3,4,1827.0,1800,2028.0,2010,WN,3669,N615SW,61.0,70.0,46.0,18.0,27.0,SAN,PHX,304,6.0,9.0,0,N,0,0.0,0.0,0.0,0.0,18.0
1734,2008,1,3,4,933.0,925,1048.0,1105,WN,530,N229WN,75.0,100.0,65.0,-17.0,8.0,SAN,RNO,488,4.0,6.0,0,N,0,,,,,
1735,2008,1,3,4,1901.0,1755,2020.0,1935,WN,1511,N263WN,79.0,100.0,66.0,45.0,66.0,SAN,RNO,488,4.0,9.0,0,N,0,5.0,0.0,0.0,0.0,40.0
1737,2008,1,3,4,1716.0,1440,1854.0,1620,WN,123,N287WN,98.0,100.0,85.0,154.0,156.0,SAN,SFO,447,3.0,10.0,0,N,0,0.0,0.0,137.0,0.0,17.0
1738,2008,1,3,4,2202.0,2110,2344.0,2250,WN,381,N398SW,102.0,100.0,85.0,54.0,52.0,SAN,SFO,447,5.0,12.0,0,N,0,0.0,0.0,2.0,0.0,52.0
1739,2008,1,3,4,1839.0,1720,2008.0,1900,WN,458,N203WN,89.0,100.0,75.0,68.0,79.0,SAN,SFO,447,3.0,11.0,0,N,0,0.0,0.0,51.0,0.0,17.0
1740,2008,1,3,4,1319.0,1230,1445.0,1410,WN,585,N245WN,86.0,100.0,71.0,35.0,49.0,SAN,SFO,447,4.0,11.0,0,N,0,0.0,0.0,23.0,0.0,12.0
1741,2008,1,3,4,1043.0,1015,1230.0,1155,WN,1597,N429WN,107.0,100.0,78.0,35.0,28.0,SAN,SFO,447,21.0,8.0,0,N,0,0.0,0.0,12.0,0.0,23.0
1742,2008,1,3,4,1029.0,835,1152.0,1015,WN,1855,N797MX,83.0,100.0,74.0,97.0,114.0,SAN,SFO,447,3.0,6.0,0,N,0,0.0,0.0,96.0,0.0,1.0
1744,2008,1,3,4,2106.0,1910,2241.0,2050,WN,3839,N421LV,95.0,100.0,81.0,111.0,116.0,SAN,SFO,447,5.0,9.0,0,N,0,0.0,0.0,50.0,0.0,61.0
1747,2008,1,3,4,1438.0,1430,1550.0,1550,WN,392,N773SA,72.0,80.0,60.0,0.0,8.0,SAN,SJC,417,4.0,8.0,0,N,0,,,,,
1748,2008,1,3,4,1201.0,1110,1337.0,1235,WN,635,N729SW,96.0,85.0,65.0,62.0,51.0,SAN,SJC,417,11.0,20.0,0,N,0,7.0,0.0,11.0,0.0,44.0
1749,2008,1,3,4,1757.0,1730,1918.0,1850,WN,1188,N254WN,81.0,80.0,62.0,28.0,27.0,SAN,SJC,417,9.0,10.0,0,N,0,0.0,0.0,1.0,0.0,27.0
1750,2008,1,3,4,1912.0,1855,2029.0,2015,WN,1209,N653SW,77.0,80.0,63.0,14.0,17.0,SAN,SJC,417,3.0,11.0,0,N,0,,,,,
1751,2008,1,3,4,2212.0,2105,2330.0,2225,WN,1482,N391SW,78.0,80.0,66.0,65.0,67.0,SAN,SJC,417,6.0,6.0,0,N,0,6.0,0.0,0.0,0.0,59.0
1752,2008,1,3,4,1848.0,1650,2003.0,1810,WN,1600,N769SW,75.0,80.0,64.0,113.0,118.0,SAN,SJC,417,4.0,7.0,0,N,0,0.0,0.0,0.0,0.0,113.0
1753,2008,1,3,4,1321.0,1305,1441.0,1425,WN,2965,N359SW,80.0,80.0,63.0,16.0,16.0,SAN,SJC,417,4.0,13.0,0,N,0,0.0,0.0,0.0,0.0,16.0
1755,2008,1,3,4,807.0,800,930.0,935,WN,66,N606SW,83.0,95.0,68.0,-5.0,7.0,SAN,SMF,480,4.0,11.0,0,N,0,,,,,
1756,2008,1,3,4,1244.0,1230,1412.0,1405,WN,72,N633SW,88.0,95.0,72.0,7.0,14.0,SAN,SMF,480,6.0,10.0,0,N,0,,,,,
1759,2008,1,3,4,1624.0,1530,1812.0,1700,WN,299,N718SW,108.0,90.0,75.0,72.0,54.0,SAN,SMF,480,6.0,27.0,0,N,0,0.0,0.0,18.0,0.0,54.0
1760,2008,1,3,4,1636.0,1620,1804.0,1750,WN,372,N270WN,88.0,90.0,71.0,14.0,16.0,SAN,SMF,480,4.0,13.0,0,N,0,,,,,
1761,2008,1,3,4,2059.0,1930,2223.0,2105,WN,574,N314SW,84.0,95.0,70.0,78.0,89.0,SAN,SMF,480,3.0,11.0,0,N,0,0.0,0.0,0.0,0.0,78.0
1762,2008,1,3,4,1136.0,1115,1306.0,1250,WN,1010,N744SW,90.0,95.0,71.0,16.0,21.0,SAN,SMF,480,5.0,14.0,0,N,0,2.0,0.0,0.0,0.0,14.0
1763,2008,1,3,4,922.0,915,,1050,WN,1069,N630WN,,95.0,,,7.0,SAN,SMF,480,,12.0,0,N,1,,,,,
1764,2008,1,3,4,2238.0,2150,2400.0,2320,WN,1320,N456WN,82.0,90.0,70.0,40.0,48.0,SAN,SMF,480,4.0,8.0,0,N,0,1.0,0.0,0.0,0.0,39.0
1766,2008,1,3,4,1010.0,1000,1137.0,1135,WN,2298,N338SW,87.0,95.0,68.0,2.0,10.0,SAN,SMF,480,3.0,16.0,0,N,0,,,,,
1767,2008,1,3,4,1844.0,1815,2008.0,1950,WN,3600,N686SW,84.0,95.0,71.0,18.0,29.0,SAN,SMF,480,5.0,8.0,0,N,0,2.0,0.0,0.0,0.0,16.0
1768,2008,1,3,4,2135.0,2045,2306.0,2220,WN,3673,N729SW,91.0,95.0,71.0,46.0,50.0,SAN,SMF,480,5.0,15.0,0,N,0,46.0,0.0,0.0,0.0,0.0
1769,2008,1,3,4,1240.0,1210,1443.0,1420,WN,98,N384SW,63.0,70.0,52.0,23.0,30.0,SAN,TUS,367,3.0,8.0,0,N,0,0.0,0.0,0.0,0.0,23.0
1771,2008,1,3,4,1537.0,1505,1738.0,1715,WN,580,N301SW,61.0,70.0,51.0,23.0,32.0,SAN,TUS,367,3.0,7.0,0,N,0,2.0,0.0,0.0,0.0,21.0
1773,2008,1,3,4,1547.0,1540,1753.0,1745,WN,2113,N350SW,126.0,125.0,107.0,8.0,7.0,SAT,BNA,822,6.0,13.0,0,N,0,,,,,
1776,2008,1,3,4,1446.0,1435,1855.0,1840,WN,3419,N796SW,189.0,185.0,174.0,15.0,11.0,SAT,BWI,1407,5.0,10.0,0,N,0,4.0,0.0,4.0,0.0,7.0
1777,2008,1,3,4,2006.0,1945,2059.0,2040,WN,120,N277WN,53.0,55.0,42.0,19.0,21.0,SAT,DAL,248,3.0,8.0,0,N,0,19.0,0.0,0.0,0.0,0.0
1780,2008,1,3,4,1913.0,1855,2008.0,1950,WN,572,N289CT,55.0,55.0,42.0,18.0,18.0,SAT,DAL,248,4.0,9.0,0,N,0,1.0,0.0,0.0,0.0,17.0
1783,2008,1,3,4,2128.0,2045,2227.0,2140,WN,2023,N295WN,59.0,55.0,43.0,47.0,43.0,SAT,DAL,248,4.0,12.0,0,N,0,0.0,0.0,4.0,0.0,43.0
1785,2008,1,3,4,1450.0,1425,1549.0,1520,WN,2353,N687SW,59.0,55.0,43.0,29.0,25.0,SAT,DAL,248,3.0,13.0,0,N,0,25.0,0.0,4.0,0.0,0.0
1786,2008,1,3,4,1716.0,1710,1828.0,1805,WN,2624,N693SW,72.0,55.0,44.0,23.0,6.0,SAT,DAL,248,16.0,12.0,0,N,0,6.0,0.0,17.0,0.0,0.0
1787,2008,1,3,4,1258.0,1245,1351.0,1340,WN,2906,N794SW,53.0,55.0,41.0,11.0,13.0,SAT,DAL,248,4.0,8.0,0,N,0,,,,,
1788,2008,1,3,4,1550.0,1535,1651.0,1630,WN,3168,N513SW,61.0,55.0,44.0,21.0,15.0,SAT,DAL,248,4.0,13.0,0,N,0,0.0,0.0,6.0,0.0,15.0
1789,2008,1,3,4,1448.0,1355,1546.0,1450,WN,3508,N527SW,58.0,55.0,45.0,56.0,53.0,SAT,DAL,248,3.0,10.0,0,N,0,0.0,0.0,3.0,0.0,53.0
1792,2008,1,3,4,2220.0,2025,2248.0,2055,WN,186,N799SW,88.0,90.0,75.0,113.0,115.0,SAT,ELP,496,3.0,10.0,0,N,0,0.0,0.0,0.0,0.0,113.0
1793,2008,1,3,4,1136.0,1110,1203.0,1140,WN,511,N272WN,87.0,90.0,76.0,23.0,26.0,SAT,ELP,496,2.0,9.0,0,N,0,20.0,0.0,0.0,0.0,3.0
1794,2008,1,3,4,1741.0,1735,1806.0,1805,WN,1414,N402WN,85.0,90.0,73.0,1.0,6.0,SAT,ELP,496,4.0,8.0,0,N,0,,,,,
1799,2008,1,3,4,1500.0,1400,1544.0,1450,WN,714,N305SW,44.0,50.0,29.0,54.0,60.0,SAT,HOU,192,3.0,12.0,0,N,0,4.0,0.0,0.0,0.0,50.0
1800,2008,1,3,4,2005.0,1935,2045.0,2020,WN,2015,N792SW,40.0,45.0,30.0,25.0,30.0,SAT,HOU,192,3.0,7.0,0,N,0,0.0,0.0,0.0,0.0,25.0
1801,2008,1,3,4,1634.0,1620,1719.0,1710,WN,2174,N623SW,45.0,50.0,33.0,9.0,14.0,SAT,HOU,192,2.0,10.0,0,N,0,,,,,
1802,2008,1,3,4,1157.0,1145,1246.0,1235,WN,2176,N504SW,49.0,50.0,33.0,11.0,12.0,SAT,HOU,192,3.0,13.0,0,N,0,,,,,
1805,2008,1,3,4,1931.0,1830,2017.0,1920,WN,1936,N295WN,46.0,50.0,34.0,57.0,61.0,SAT,HRL,233,2.0,10.0,0,N,0,0.0,0.0,0.0,0.0,57.0
1807,2008,1,3,4,1946.0,1925,2039.0,2020,WN,1166,N351SW,173.0,175.0,158.0,19.0,21.0,SAT,LAS,1069,7.0,8.0,0,N,0,0.0,0.0,0.0,0.0,19.0
1810,2008,1,3,4,1254.0,1245,1409.0,1405,WN,1609,N676SW,195.0,200.0,180.0,4.0,9.0,SAT,LAX,1210,6.0,9.0,0,N,0,,,,,
1811,2008,1,3,4,1022.0,1015,1342.0,1345,WN,348,N276WN,140.0,150.0,123.0,-3.0,7.0,SAT,MCO,1040,7.0,10.0,0,N,0,,,,,
1813,2008,1,3,4,1742.0,1720,2017.0,1950,WN,116,N310SW,155.0,150.0,140.0,27.0,22.0,SAT,MDW,1036,5.0,10.0,0,N,0,3.0,0.0,5.0,0.0,19.0
1816,2008,1,3,4,2001.0,1935,2127.0,2100,WN,998,N369SW,146.0,145.0,127.0,27.0,26.0,SAT,PHX,843,11.0,8.0,0,N,0,11.0,0.0,1.0,0.0,15.0
1817,2008,1,3,4,1658.0,1650,1824.0,1820,WN,1679,N645SW,146.0,150.0,130.0,4.0,8.0,SAT,PHX,843,5.0,11.0,0,N,0,,,,,
1820,2008,1,3,4,1250.0,1235,1605.0,1555,WN,327,N665WN,135.0,140.0,121.0,10.0,15.0,SAT,TPA,972,5.0,9.0,0,N,0,,,,,
1822,2008,1,3,4,1649.0,1620,1645.0,1630,WN,823,N725SW,56.0,70.0,48.0,15.0,29.0,SDF,BHM,323,2.0,6.0,0,N,0,5.0,0.0,0.0,0.0,10.0
1823,2008,1,3,4,2049.0,2020,2213.0,2145,WN,693,N232WN,84.0,85.0,73.0,28.0,29.0,SDF,BWI,495,4.0,7.0,0,N,0,0.0,0.0,0.0,0.0,28.0
1824,2008,1,3,4,1931.0,1825,2052.0,1950,WN,794,N781WN,81.0,85.0,70.0,62.0,66.0,SDF,BWI,495,5.0,6.0,0,N,0,0.0,0.0,0.0,0.0,62.0
1826,2008,1,3,4,1332.0,1325,1501.0,1450,WN,2019,N392SW,89.0,85.0,74.0,11.0,7.0,SDF,BWI,495,3.0,12.0,0,N,0,,,,,
1828,2008,1,3,4,1700.0,1605,1805.0,1725,WN,2730,N273WN,245.0,260.0,236.0,40.0,55.0,SDF,LAS,1624,4.0,5.0,0,N,0,1.0,0.0,0.0,0.0,39.0
1829,2008,1,3,4,912.0,850,1106.0,1055,WN,247,N369SW,114.0,125.0,97.0,11.0,22.0,SDF,MCO,718,7.0,10.0,0,N,0,,,,,
1830,2008,1,3,4,1756.0,1730,1942.0,1935,WN,2808,N694SW,106.0,125.0,95.0,7.0,26.0,SDF,MCO,718,5.0,6.0,0,N,0,,,,,
1832,2008,1,3,4,1719.0,1700,1725.0,1705,WN,718,N457WN,66.0,65.0,52.0,20.0,19.0,SDF,MDW,271,7.0,7.0,0,N,0,0.0,0.0,1.0,0.0,19.0
1833,2008,1,3,4,1159.0,1145,1203.0,1150,WN,806,N711HK,64.0,65.0,51.0,13.0,14.0,SDF,MDW,271,5.0,8.0,0,N,0,,,,,
1836,2008,1,3,4,855.0,840,1047.0,1045,WN,876,N212WN,232.0,245.0,218.0,2.0,15.0,SDF,PHX,1506,6.0,8.0,0,N,0,,,,,
1838,2008,1,3,4,1729.0,1655,1727.0,1700,WN,977,N376SW,58.0,65.0,50.0,27.0,34.0,SDF,STL,254,3.0,5.0,0,N,0,0.0,0.0,0.0,0.0,27.0
1840,2008,1,3,4,1419.0,1410,1606.0,1615,WN,87,N340LV,107.0,125.0,95.0,-9.0,9.0,SDF,TPA,727,3.0,9.0,0,N,0,,,,,
1843,2008,1,3,4,1457.0,1405,1849.0,1750,WN,972,N336SW,172.0,165.0,151.0,59.0,52.0,SEA,ABQ,1180,6.0,15.0,0,N,0,24.0,0.0,7.0,0.0,28.0
1844,2008,1,3,4,1150.0,1135,1751.0,1745,WN,959,N250WN,241.0,250.0,227.0,6.0,15.0,SEA,BNA,1977,5.0,9.0,0,N,0,,,,,
1845,2008,1,3,4,1325.0,1255,1553.0,1510,WN,318,N474WN,88.0,75.0,61.0,43.0,30.0,SEA,BOI,399,2.0,25.0,0,N,0,11.0,0.0,13.0,0.0,19.0
1846,2008,1,3,4,1956.0,1950,2207.0,2205,WN,336,N634SW,71.0,75.0,55.0,2.0,6.0,SEA,BOI,399,3.0,13.0,0,N,0,,,,,
1848,2008,1,3,4,716.0,710,1044.0,1045,WN,515,N442WN,148.0,155.0,131.0,-1.0,6.0,SEA,DEN,1024,5.0,12.0,0,N,0,,,,,
1849,2008,1,3,4,2022.0,1925,2355.0,2300,WN,1158,N315SW,153.0,155.0,128.0,55.0,57.0,SEA,DEN,1024,7.0,18.0,0,N,0,0.0,0.0,0.0,0.0,55.0
1850,2008,1,3,4,1440.0,1425,1808.0,1800,WN,1568,N227WN,148.0,155.0,129.0,8.0,15.0,SEA,DEN,1024,7.0,12.0,0,N,0,,,,,
1851,2008,1,3,4,1007.0,945,1330.0,1320,WN,1856,N731SA,143.0,155.0,127.0,10.0,22.0,SEA,DEN,1024,7.0,9.0,0,N,0,,,,,
1853,2008,1,3,4,2045.0,2010,2140.0,2105,WN,775,N633SW,55.0,55.0,35.0,35.0,35.0,SEA,GEG,224,5.0,15.0,0,N,0,0.0,0.0,4.0,0.0,31.0
1854,2008,1,3,4,1753.0,1640,1844.0,1735,WN,1682,N281WN,51.0,55.0,36.0,69.0,73.0,SEA,GEG,224,3.0,12.0,0,N,0,0.0,0.0,0.0,0.0,69.0
1856,2008,1,3,4,1456.0,1445,1734.0,1710,WN,559,N603SW,158.0,145.0,133.0,24.0,11.0,SEA,LAS,866,5.0,20.0,0,N,0,11.0,0.0,13.0,0.0,0.0
1857,2008,1,3,4,1906.0,1840,2130.0,2105,WN,2211,N646SW,144.0,145.0,125.0,25.0,26.0,SEA,LAS,866,7.0,12.0,0,N,0,10.0,0.0,0.0,0.0,15.0
1858,2008,1,3,4,1151.0,1125,1418.0,1350,WN,2357,N414WN,147.0,145.0,126.0,28.0,26.0,SEA,LAS,866,5.0,16.0,0,N,0,11.0,0.0,2.0,0.0,15.0
1860,2008,1,3,4,1334.0,1300,1857.0,1825,WN,730,N756SA,203.0,205.0,177.0,32.0,34.0,SEA,MCI,1489,4.0,22.0,0,N,0,3.0,0.0,0.0,0.0,29.0
1862,2008,1,3,4,1412.0,1345,1959.0,1935,WN,1189,N231WN,227.0,230.0,210.0,24.0,27.0,SEA,MDW,1733,7.0,10.0,0,N,0,12.0,0.0,0.0,0.0,12.0
1863,2008,1,3,4,1132.0,1055,1719.0,1645,WN,2789,N209WN,227.0,230.0,208.0,34.0,37.0,SEA,MDW,1733,5.0,14.0,0,N,0,12.0,0.0,0.0,0.0,22.0
1865,2008,1,3,4,1739.0,1730,1947.0,1935,WN,252,N359SW,128.0,125.0,107.0,12.0,9.0,SEA,OAK,671,10.0,11.0,0,N,0,,,,,
1866,2008,1,3,4,1218.0,1210,1418.0,1415,WN,481,N413WN,120.0,125.0,101.0,3.0,8.0,SEA,OAK,671,4.0,15.0,0,N,0,,,,,
1867,2008,1,3,4,1034.0,1020,1246.0,1225,WN,898,N328SW,132.0,125.0,114.0,21.0,14.0,SEA,OAK,671,4.0,14.0,0,N,0,14.0,0.0,7.0,0.0,0.0
1869,2008,1,3,4,2241.0,2100,32.0,2305,WN,1687,N769SW,111.0,125.0,98.0,87.0,101.0,SEA,OAK,671,5.0,8.0,0,N,0,6.0,0.0,0.0,0.0,81.0
1870,2008,1,3,4,1556.0,1540,1758.0,1745,WN,3402,N744SW,122.0,125.0,101.0,13.0,16.0,SEA,OAK,671,7.0,14.0,0,N,0,,,,,
1871,2008,1,3,4,1912.0,1825,2113.0,2030,WN,3589,N601WN,121.0,125.0,107.0,43.0,47.0,SEA,OAK,671,3.0,11.0,0,N,0,11.0,0.0,0.0,0.0,32.0
1872,2008,1,3,4,651.0,645,1040.0,1035,WN,154,N353SW,169.0,170.0,156.0,5.0,6.0,SEA,PHX,1107,5.0,8.0,0,N,0,,,,,
1873,2008,1,3,4,1821.0,1745,2208.0,2130,WN,408,N610WN,167.0,165.0,153.0,38.0,36.0,SEA,PHX,1107,5.0,9.0,0,N,0,17.0,0.0,2.0,0.0,19.0
1874,2008,1,3,4,1037.0,1030,1428.0,1420,WN,2374,N379SW,171.0,170.0,152.0,8.0,7.0,SEA,PHX,1107,3.0,16.0,0,N,0,,,,,
1876,2008,1,3,4,2039.0,1955,2214.0,2135,WN,1017,N337SW,95.0,100.0,78.0,39.0,44.0,SEA,RNO,564,4.0,13.0,0,N,0,4.0,0.0,0.0,0.0,35.0
1877,2008,1,3,4,804.0,750,1022.0,1000,WN,98,N384SW,138.0,130.0,117.0,22.0,14.0,SEA,SJC,697,5.0,16.0,0,N,0,9.0,0.0,8.0,0.0,5.0
1878,2008,1,3,4,1912.0,1850,2119.0,2055,WN,390,N655WN,127.0,125.0,111.0,24.0,22.0,SEA,SJC,697,3.0,13.0,0,N,0,8.0,0.0,2.0,0.0,14.0
1879,2008,1,3,4,1641.0,1530,1836.0,1740,WN,722,N729SW,115.0,130.0,101.0,56.0,71.0,SEA,SJC,697,4.0,10.0,0,N,0,11.0,0.0,0.0,0.0,45.0
1882,2008,1,3,4,1424.0,1400,1709.0,1655,WN,1214,N431WN,105.0,115.0,92.0,14.0,24.0,SEA,SLC,689,3.0,10.0,0,N,0,,,,,
1883,2008,1,3,4,1840.0,1820,2127.0,2110,WN,1747,N613SW,107.0,110.0,94.0,17.0,20.0,SEA,SLC,689,1.0,12.0,0,N,0,2.0,0.0,0.0,0.0,15.0
1884,2008,1,3,4,1139.0,1100,1334.0,1245,WN,73,N331SW,115.0,105.0,100.0,49.0,39.0,SEA,SMF,605,5.0,10.0,0,N,0,37.0,0.0,10.0,0.0,2.0
1885,2008,1,3,4,1605.0,1500,1754.0,1645,WN,151,N750SA,109.0,105.0,86.0,69.0,65.0,SEA,SMF,605,5.0,18.0,0,N,0,16.0,0.0,4.0,0.0,49.0
1887,2008,1,3,4,1757.0,1710,1951.0,1855,WN,1395,N391SW,114.0,105.0,86.0,56.0,47.0,SEA,SMF,605,5.0,23.0,0,N,0,23.0,0.0,9.0,0.0,24.0
1888,2008,1,3,4,1955.0,1925,2137.0,2110,WN,2467,N770SA,102.0,105.0,84.0,27.0,30.0,SEA,SMF,605,6.0,12.0,0,N,0,17.0,0.0,0.0,0.0,10.0
1889,2008,1,3,4,2036.0,1925,2204.0,2055,WN,632,N203WN,88.0,90.0,63.0,69.0,71.0,SFO,LAS,414,8.0,17.0,0,N,0,0.0,3.0,0.0,0.0,66.0
1890,2008,1,3,4,708.0,630,846.0,800,WN,643,N756SA,98.0,90.0,67.0,46.0,38.0,SFO,LAS,414,8.0,23.0,0,N,0,38.0,0.0,8.0,0.0,0.0
1891,2008,1,3,4,1254.0,1110,1440.0,1240,WN,706,N491WN,106.0,90.0,67.0,120.0,104.0,SFO,LAS,414,6.0,33.0,0,N,0,41.0,0.0,16.0,0.0,63.0
1892,2008,1,3,4,1516.0,1440,1646.0,1610,WN,1018,N245WN,90.0,90.0,69.0,36.0,36.0,SFO,LAS,414,8.0,13.0,0,N,0,0.0,1.0,0.0,0.0,35.0
1894,2008,1,3,4,2059.0,1620,2216.0,1750,WN,1924,N761RR,77.0,90.0,60.0,266.0,279.0,SFO,LAS,414,6.0,11.0,0,N,0,3.0,0.0,0.0,0.0,263.0
1895,2008,1,3,4,2225.0,2105,2350.0,2235,WN,2875,N602SW,85.0,90.0,59.0,75.0,80.0,SFO,LAS,414,4.0,22.0,0,N,0,0.0,0.0,0.0,0.0,75.0
1899,2008,1,3,4,1801.0,1615,1919.0,1740,WN,578,N738CB,78.0,85.0,54.0,99.0,106.0,SFO,LAX,337,5.0,19.0,0,N,0,0.0,0.0,0.0,0.0,99.0
1900,2008,1,3,4,1447.0,1235,1558.0,1405,WN,750,N738CB,71.0,90.0,52.0,113.0,132.0,SFO,LAX,337,7.0,12.0,0,N,0,0.0,0.0,1.0,0.0,112.0
1901,2008,1,3,4,2155.0,1955,2308.0,2120,WN,777,N738CB,73.0,85.0,53.0,108.0,120.0,SFO,LAX,337,5.0,15.0,0,N,0,0.0,0.0,0.0,0.0,108.0
1904,2008,1,3,4,1657.0,1310,2247.0,1920,WN,106,N751SW,230.0,250.0,206.0,207.0,227.0,SFO,MDW,1855,15.0,9.0,0,N,0,0.0,11.0,0.0,0.0,196.0
1905,2008,1,3,4,1911.0,1650,103.0,2300,WN,210,N287WN,232.0,250.0,207.0,123.0,141.0,SFO,MDW,1855,8.0,17.0,0,N,0,0.0,0.0,0.0,0.0,123.0
1907,2008,1,3,4,1221.0,1040,1353.0,1210,WN,316,N797MX,92.0,90.0,67.0,103.0,101.0,SFO,SAN,447,5.0,20.0,0,N,0,0.0,4.0,2.0,0.0,97.0
1910,2008,1,3,4,1324.0,1220,1447.0,1350,WN,1684,N429WN,83.0,90.0,65.0,57.0,64.0,SFO,SAN,447,3.0,15.0,0,N,0,26.0,0.0,0.0,0.0,31.0
1911,2008,1,3,4,2325.0,1900,,2030,WN,2092,N302SW,,90.0,,,265.0,SFO,SAN,447,,11.0,0,N,1,,,,,
1912,2008,1,3,4,1711.0,1415,1831.0,1545,WN,3662,N492WN,80.0,90.0,66.0,166.0,176.0,SFO,SAN,447,3.0,11.0,0,N,0,0.0,0.0,0.0,0.0,166.0
1913,2008,1,3,4,1636.0,1600,1800.0,1730,WN,3669,N615SW,84.0,90.0,66.0,30.0,36.0,SFO,SAN,447,6.0,12.0,0,N,0,0.0,1.0,0.0,0.0,29.0
1914,2008,1,3,4,2303.0,2115,22.0,2245,WN,3926,N421LV,79.0,90.0,63.0,97.0,108.0,SFO,SAN,447,3.0,13.0,0,N,0,0.0,0.0,0.0,0.0,97.0
1918,2008,1,3,4,2157.0,2055,2253.0,2155,WN,579,N430WN,56.0,60.0,47.0,58.0,62.0,SJC,BUR,296,2.0,7.0,0,N,0,58.0,0.0,0.0,0.0,0.0
1920,2008,1,3,4,1757.0,1740,1855.0,1840,WN,1500,N706SW,58.0,60.0,46.0,15.0,17.0,SJC,BUR,296,2.0,10.0,0,N,0,0.0,0.0,0.0,0.0,15.0
1922,2008,1,3,4,1155.0,1145,1252.0,1245,WN,2032,N271WN,57.0,60.0,46.0,7.0,10.0,SJC,BUR,296,2.0,9.0,0,N,0,,,,,
1926,2008,1,3,4,1229.0,1220,1347.0,1340,WN,396,N407WN,78.0,80.0,63.0,7.0,9.0,SJC,LAS,386,6.0,9.0,0,N,0,,,,,
1927,2008,1,3,4,1131.0,1045,1247.0,1205,WN,419,N275WN,76.0,80.0,61.0,42.0,46.0,SJC,LAS,386,5.0,10.0,0,N,0,6.0,0.0,0.0,0.0,36.0
1929,2008,1,3,4,2208.0,2125,2317.0,2245,WN,1858,N429WN,69.0,80.0,58.0,32.0,43.0,SJC,LAS,386,5.0,6.0,0,N,0,0.0,0.0,3.0,0.0,29.0
1930,2008,1,3,4,1739.0,1700,1849.0,1820,WN,2025,N740SW,70.0,80.0,56.0,29.0,39.0,SJC,LAS,386,6.0,8.0,0,N,0,3.0,0.0,0.0,0.0,26.0
1931,2008,1,3,4,2053.0,1955,2207.0,2115,WN,2533,N385SW,74.0,80.0,61.0,52.0,58.0,SJC,LAS,386,6.0,7.0,0,N,0,4.0,0.0,0.0,0.0,48.0
1932,2008,1,3,4,1438.0,1410,1553.0,1530,WN,2907,N647SW,75.0,80.0,61.0,23.0,28.0,SJC,LAS,386,4.0,10.0,0,N,0,3.0,0.0,0.0,0.0,20.0
1933,2008,1,3,4,1918.0,1840,2029.0,2000,WN,3142,N446WN,71.0,80.0,55.0,29.0,38.0,SJC,LAS,386,5.0,11.0,0,N,0,1.0,0.0,0.0,0.0,28.0
1934,2008,1,3,4,1133.0,1125,1238.0,1240,WN,321,N742SW,65.0,75.0,53.0,-2.0,8.0,SJC,LAX,308,6.0,6.0,0,N,0,,,,,
1935,2008,1,3,4,1929.0,1855,2031.0,2005,WN,361,N690SW,62.0,70.0,50.0,26.0,34.0,SJC,LAX,308,7.0,5.0,0,N,0,11.0,0.0,0.0,0.0,15.0
1936,2008,1,3,4,1016.0,1010,1124.0,1125,WN,463,N342SW,68.0,75.0,53.0,-1.0,6.0,SJC,LAX,308,10.0,5.0,0,N,0,,,,,
1937,2008,1,3,4,2225.0,2130,2329.0,2240,WN,625,N619SW,64.0,70.0,52.0,49.0,55.0,SJC,LAX,308,5.0,7.0,0,N,0,0.0,0.0,0.0,0.0,49.0
1938,2008,1,3,4,1653.0,1605,1806.0,1715,WN,1004,N676SW,73.0,70.0,51.0,51.0,48.0,SJC,LAX,308,5.0,17.0,0,N,0,21.0,0.0,3.0,0.0,27.0
1939,2008,1,3,4,1830.0,1710,1944.0,1820,WN,1044,N306SW,74.0,70.0,53.0,84.0,80.0,SJC,LAX,308,5.0,16.0,0,N,0,26.0,0.0,4.0,0.0,54.0
1940,2008,1,3,4,1459.0,1425,1602.0,1535,WN,1081,N361SW,63.0,70.0,50.0,27.0,34.0,SJC,LAX,308,6.0,7.0,0,N,0,2.0,0.0,0.0,0.0,25.0
1942,2008,1,3,4,759.0,725,903.0,835,WN,1948,N631SW,64.0,70.0,51.0,28.0,34.0,SJC,LAX,308,6.0,7.0,0,N,0,28.0,0.0,0.0,0.0,0.0
1943,2008,1,3,4,2050.0,2040,2207.0,2150,WN,2285,N673AA,77.0,70.0,57.0,17.0,10.0,SJC,LAX,308,5.0,15.0,0,N,0,2.0,0.0,7.0,0.0,8.0
1945,2008,1,3,4,1334.0,1325,1440.0,1435,WN,2633,N629SW,66.0,70.0,52.0,5.0,9.0,SJC,LAX,308,7.0,7.0,0,N,0,,,,,
1946,2008,1,3,4,1529.0,1515,1629.0,1625,WN,3048,N695SW,60.0,70.0,48.0,4.0,14.0,SJC,LAX,308,5.0,7.0,0,N,0,,,,,
1947,2008,1,3,4,906.0,855,1019.0,1010,WN,3831,N451WN,73.0,75.0,49.0,9.0,11.0,SJC,LAX,308,9.0,15.0,0,N,0,,,,,
1949,2008,1,3,4,1409.0,1345,1955.0,1950,WN,3063,N551WN,226.0,245.0,212.0,5.0,24.0,SJC,MDW,1838,7.0,7.0,0,N,0,,,,,
1951,2008,1,3,4,2234.0,2155,2333.0,2305,WN,298,N450WN,59.0,70.0,51.0,28.0,39.0,SJC,ONT,333,3.0,5.0,0,N,0,1.0,0.0,0.0,0.0,27.0
1952,2008,1,3,4,2032.0,1955,2135.0,2105,WN,412,N292WN,63.0,70.0,49.0,30.0,37.0,SJC,ONT,333,4.0,10.0,0,N,0,30.0,0.0,0.0,0.0,0.0
1953,2008,1,3,4,808.0,740,909.0,850,WN,773,N472WN,61.0,70.0,52.0,19.0,28.0,SJC,ONT,333,3.0,6.0,0,N,0,19.0,0.0,0.0,0.0,0.0
1954,2008,1,3,4,1617.0,1610,1726.0,1720,WN,780,N773SA,69.0,70.0,53.0,6.0,7.0,SJC,ONT,333,4.0,12.0,0,N,0,,,,,
1955,2008,1,3,4,1925.0,1835,2030.0,1945,WN,1276,N265WN,65.0,70.0,51.0,45.0,50.0,SJC,ONT,333,4.0,10.0,0,N,0,0.0,0.0,0.0,0.0,45.0
1958,2008,1,3,4,1415.0,1345,1521.0,1455,WN,2558,N337SW,66.0,70.0,53.0,26.0,30.0,SJC,ONT,333,5.0,8.0,0,N,0,4.0,0.0,0.0,0.0,22.0
1959,2008,1,3,4,1852.0,1630,2032.0,1815,WN,173,N344SW,100.0,105.0,82.0,137.0,142.0,SJC,PDX,569,7.0,11.0,0,N,0,66.0,0.0,0.0,0.0,71.0
1960,2008,1,3,4,2230.0,2125,3.0,2310,WN,343,N687SW,93.0,105.0,82.0,53.0,65.0,SJC,PDX,569,4.0,7.0,0,N,0,0.0,0.0,6.0,0.0,47.0
1962,2008,1,3,4,1223.0,1210,1351.0,1355,WN,3426,N686SW,88.0,105.0,79.0,-4.0,13.0,SJC,PDX,569,4.0,5.0,0,N,0,,,,,
1963,2008,1,3,4,1710.0,1650,1945.0,1935,WN,1415,N396SW,95.0,105.0,82.0,10.0,20.0,SJC,PHX,621,5.0,8.0,0,N,0,,,,,
1965,2008,1,3,4,1321.0,1300,1557.0,1545,WN,2725,N671SW,96.0,105.0,85.0,12.0,21.0,SJC,PHX,621,4.0,7.0,0,N,0,,,,,
1967,2008,1,3,4,1837.0,1825,2119.0,2115,WN,3236,N415WN,102.0,110.0,87.0,4.0,12.0,SJC,PHX,621,8.0,7.0,0,N,0,,,,,
1968,2008,1,3,4,2200.0,2120,36.0,5,WN,3344,N653SW,96.0,105.0,85.0,31.0,40.0,SJC,PHX,621,4.0,7.0,0,N,0,0.0,0.0,0.0,0.0,31.0
1970,2008,1,3,4,2301.0,2035,2340.0,2130,WN,1209,N900WN,39.0,55.0,29.0,130.0,146.0,SJC,RNO,188,4.0,6.0,0,N,0,117.0,0.0,0.0,0.0,13.0
1971,2008,1,3,4,1732.0,1645,1818.0,1740,WN,2645,N788SA,46.0,55.0,32.0,38.0,47.0,SJC,RNO,188,6.0,8.0,0,N,0,0.0,0.0,3.0,0.0,35.0
1972,2008,1,3,4,1151.0,1125,1237.0,1220,WN,2969,N642WN,46.0,55.0,34.0,17.0,26.0,SJC,RNO,188,4.0,8.0,0,N,0,7.0,0.0,0.0,0.0,10.0
1973,2008,1,3,4,1054.0,1025,1211.0,1140,WN,98,N384SW,77.0,75.0,66.0,31.0,29.0,SJC,SAN,417,2.0,9.0,0,N,0,7.0,0.0,2.0,0.0,22.0
1974,2008,1,3,4,2139.0,2115,2247.0,2230,WN,390,N655WN,68.0,75.0,60.0,17.0,24.0,SJC,SAN,417,2.0,6.0,0,N,0,0.0,0.0,0.0,0.0,17.0
1975,2008,1,3,4,1946.0,1925,2055.0,2045,WN,532,N254WN,69.0,80.0,60.0,10.0,21.0,SJC,SAN,417,2.0,7.0,0,N,0,,,,,
1976,2008,1,3,4,1353.0,1320,1504.0,1435,WN,580,N301SW,71.0,75.0,61.0,29.0,33.0,SJC,SAN,417,3.0,7.0,0,N,0,8.0,0.0,0.0,0.0,21.0
1977,2008,1,3,4,1915.0,1805,2029.0,1925,WN,722,N729SW,74.0,80.0,61.0,64.0,70.0,SJC,SAN,417,2.0,11.0,0,N,0,13.0,0.0,0.0,0.0,51.0
1978,2008,1,3,4,2018.0,2005,2127.0,2120,WN,943,N609SW,69.0,75.0,60.0,7.0,13.0,SJC,SAN,417,1.0,8.0,0,N,0,,,,,
1980,2008,1,3,4,1718.0,1535,1836.0,1650,WN,2268,N395SW,78.0,75.0,67.0,106.0,103.0,SJC,SAN,417,3.0,8.0,0,N,0,14.0,0.0,3.0,0.0,89.0
1981,2008,1,3,4,1143.0,1125,1256.0,1240,WN,2878,N359SW,73.0,75.0,63.0,16.0,18.0,SJC,SAN,417,3.0,7.0,0,N,0,4.0,0.0,0.0,0.0,12.0
1983,2008,1,3,4,805.0,755,952.0,1005,WN,152,N379SW,107.0,130.0,95.0,-13.0,10.0,SJC,SEA,697,4.0,8.0,0,N,0,,,,,
1984,2008,1,3,4,1420.0,1300,1607.0,1510,WN,635,N729SW,107.0,130.0,93.0,57.0,80.0,SJC,SEA,697,6.0,8.0,0,N,0,13.0,0.0,0.0,0.0,44.0
1985,2008,1,3,4,2023.0,1830,2214.0,2040,WN,1600,N769SW,111.0,130.0,99.0,94.0,113.0,SJC,SEA,697,4.0,8.0,0,N,0,0.0,0.0,0.0,0.0,94.0
1986,2008,1,3,4,1515.0,1450,1658.0,1700,WN,2965,N359SW,103.0,130.0,94.0,-2.0,25.0,SJC,SEA,697,1.0,8.0,0,N,0,,,,,
1991,2008,1,3,4,1400.0,1340,1507.0,1455,WN,1002,N745SW,67.0,75.0,57.0,12.0,20.0,SJC,SNA,342,4.0,6.0,0,N,0,,,,,
1992,2008,1,3,4,1640.0,1545,1746.0,1700,WN,2028,N758SW,66.0,75.0,56.0,46.0,55.0,SJC,SNA,342,3.0,7.0,0,N,0,0.0,0.0,0.0,0.0,46.0
1994,2008,1,3,4,1753.0,1740,1901.0,1855,WN,3411,N284WN,68.0,75.0,57.0,6.0,13.0,SJC,SNA,342,4.0,7.0,0,N,0,,,,,
1995,2008,1,3,4,1557.0,1520,1715.0,1650,WN,2969,N642WN,78.0,90.0,65.0,25.0,37.0,SLC,ABQ,493,5.0,8.0,0,N,0,9.0,0.0,0.0,0.0,16.0
1997,2008,1,3,4,1652.0,1625,1750.0,1730,WN,1022,N655WN,58.0,65.0,44.0,20.0,27.0,SLC,BOI,291,4.0,10.0,0,N,0,0.0,0.0,4.0,0.0,16.0
1998,2008,1,3,4,1057.0,1030,1154.0,1140,WN,1041,N474WN,57.0,70.0,46.0,14.0,27.0,SLC,BOI,291,2.0,9.0,0,N,0,,,,,
1999,2008,1,3,4,2014.0,1935,2129.0,2045,WN,1662,N461WN,75.0,70.0,47.0,44.0,39.0,SLC,BOI,291,3.0,25.0,0,N,0,0.0,0.0,6.0,0.0,38.0
2000,2008,1,3,4,1350.0,1325,1950.0,1925,WN,1678,N219WN,240.0,240.0,215.0,25.0,25.0,SLC,BWI,1864,5.0,20.0,0,N,0,9.0,0.0,0.0,0.0,16.0
2001,2008,1,3,4,2104.0,2040,2219.0,2205,WN,410,N327SW,75.0,85.0,56.0,14.0,24.0,SLC,DEN,391,6.0,13.0,0,N,0,,,,,
2004,2008,1,3,4,1443.0,1355,1554.0,1515,WN,963,N311SW,71.0,80.0,55.0,39.0,48.0,SLC,DEN,391,9.0,7.0,0,N,0,25.0,0.0,0.0,0.0,14.0
2005,2008,1,3,4,2002.0,1845,2120.0,2010,WN,1585,N766SW,78.0,85.0,55.0,70.0,77.0,SLC,DEN,391,10.0,13.0,0,N,0,2.0,0.0,0.0,0.0,68.0
2006,2008,1,3,4,1320.0,1220,1349.0,1305,WN,151,N750SA,89.0,105.0,74.0,44.0,60.0,SLC,GEG,546,5.0,10.0,0,N,0,7.0,0.0,0.0,0.0,37.0
2008,2008,1,3,4,2112.0,2045,2129.0,2105,WN,159,N618WN,77.0,80.0,61.0,24.0,27.0,SLC,LAS,368,5.0,11.0,0,N,0,0.0,0.0,5.0,0.0,19.0
2010,2008,1,3,4,1931.0,1855,1945.0,1915,WN,400,N429WN,74.0,80.0,59.0,30.0,36.0,SLC,LAS,368,3.0,12.0,0,N,0,2.0,0.0,0.0,0.0,28.0
2012,2008,1,3,4,1723.0,1640,1742.0,1700,WN,641,N626SW,79.0,80.0,61.0,42.0,43.0,SLC,LAS,368,8.0,10.0,0,N,0,31.0,0.0,0.0,0.0,11.0
2013,2008,1,3,4,1510.0,1430,1525.0,1450,WN,783,N306SW,75.0,80.0,61.0,35.0,40.0,SLC,LAS,368,5.0,9.0,0,N,0,3.0,0.0,0.0,0.0,32.0
2016,2008,1,3,4,1403.0,1355,1457.0,1455,WN,1756,N484WN,114.0,120.0,96.0,2.0,8.0,SLC,LAX,590,9.0,9.0,0,N,0,,,,,
2017,2008,1,3,4,1731.0,1710,1822.0,1810,WN,2377,N229WN,111.0,120.0,95.0,12.0,21.0,SLC,LAX,590,7.0,9.0,0,N,0,,,,,
2018,2008,1,3,4,1026.0,1010,1124.0,1110,WN,2549,N622SW,118.0,120.0,97.0,14.0,16.0,SLC,LAX,590,6.0,15.0,0,N,0,,,,,
2019,2008,1,3,4,2051.0,1955,2140.0,2050,WN,2986,N671SW,109.0,115.0,93.0,50.0,56.0,SLC,LAX,590,7.0,9.0,0,N,0,9.0,0.0,0.0,0.0,41.0
2020,2008,1,3,4,1659.0,1625,2057.0,2025,WN,337,N488WN,178.0,180.0,154.0,32.0,34.0,SLC,MDW,1258,8.0,16.0,0,N,0,24.0,0.0,0.0,0.0,8.0
2021,2008,1,3,4,840.0,830,1236.0,1230,WN,401,N242WN,176.0,180.0,152.0,6.0,10.0,SLC,MDW,1258,7.0,17.0,0,N,0,,,,,
2022,2008,1,3,4,1425.0,1415,1518.0,1515,WN,130,N654SW,113.0,120.0,98.0,3.0,10.0,SLC,OAK,588,4.0,11.0,0,N,0,,,,,
2023,2008,1,3,4,1754.0,1725,1859.0,1825,WN,901,N636WN,125.0,120.0,113.0,34.0,29.0,SLC,OAK,588,3.0,9.0,0,N,0,1.0,0.0,5.0,0.0,28.0
2026,2008,1,3,4,2102.0,2015,2203.0,2120,WN,3743,N247WN,121.0,125.0,98.0,43.0,47.0,SLC,OAK,588,7.0,16.0,0,N,0,7.0,0.0,0.0,0.0,36.0
2028,2008,1,3,4,1938.0,1815,2026.0,1915,WN,1852,N239WN,108.0,120.0,93.0,71.0,83.0,SLC,PDX,630,3.0,12.0,0,N,0,0.0,0.0,5.0,0.0,66.0
2029,2008,1,3,4,1250.0,1205,1343.0,1310,WN,3141,N717SA,113.0,125.0,95.0,33.0,45.0,SLC,PDX,630,4.0,14.0,0,N,0,7.0,0.0,0.0,0.0,26.0
2030,2008,1,3,4,1437.0,1345,1603.0,1520,WN,508,N455WN,86.0,95.0,73.0,43.0,52.0,SLC,PHX,507,4.0,9.0,0,N,0,3.0,0.0,0.0,0.0,40.0
2031,2008,1,3,4,837.0,830,1011.0,1010,WN,769,N608SW,94.0,100.0,76.0,1.0,7.0,SLC,PHX,507,4.0,14.0,0,N,0,,,,,
2032,2008,1,3,4,1547.0,1515,1718.0,1650,WN,966,N345SA,91.0,95.0,79.0,28.0,32.0,SLC,PHX,507,5.0,7.0,0,N,0,14.0,0.0,0.0,0.0,14.0
2033,2008,1,3,4,1748.0,1725,1920.0,1905,WN,1214,N431WN,92.0,100.0,79.0,15.0,23.0,SLC,PHX,507,6.0,7.0,0,N,0,6.0,0.0,0.0,0.0,9.0
2034,2008,1,3,4,2153.0,2130,2322.0,2305,WN,1747,N613SW,89.0,95.0,77.0,17.0,23.0,SLC,PHX,507,3.0,9.0,0,N,0,4.0,0.0,0.0,0.0,13.0
2035,2008,1,3,4,1121.0,1115,1251.0,1255,WN,2360,N618WN,90.0,100.0,77.0,-4.0,6.0,SLC,PHX,507,4.0,9.0,0,N,0,,,,,
2036,2008,1,3,4,2102.0,1940,2234.0,2115,WN,2369,N739GB,92.0,95.0,76.0,79.0,82.0,SLC,PHX,507,5.0,11.0,0,N,0,14.0,0.0,0.0,0.0,65.0
2037,2008,1,3,4,646.0,635,828.0,815,WN,3949,N323SW,102.0,100.0,74.0,13.0,11.0,SLC,PHX,507,4.0,24.0,0,N,0,,,,,
2038,2008,1,3,4,1132.0,1120,1152.0,1150,WN,1002,N745SW,80.0,90.0,65.0,2.0,12.0,SLC,RNO,422,4.0,11.0,0,N,0,,,,,
2040,2008,1,3,4,1210.0,1115,1301.0,1230,WN,643,N756SA,111.0,135.0,97.0,31.0,55.0,SLC,SEA,689,5.0,9.0,0,N,0,7.0,0.0,0.0,0.0,24.0
2041,2008,1,3,4,1711.0,1645,1813.0,1755,WN,1660,N613SW,122.0,130.0,104.0,18.0,26.0,SLC,SEA,689,5.0,13.0,0,N,0,10.0,0.0,0.0,0.0,8.0
2042,2008,1,3,4,1139.0,1130,1515.0,1515,WN,70,N367SW,156.0,165.0,141.0,0.0,9.0,SLC,STL,1156,4.0,11.0,0,N,0,,,,,
2043,2008,1,3,4,1643.0,1605,2013.0,1950,WN,125,N782SA,150.0,165.0,135.0,23.0,38.0,SLC,STL,1156,4.0,11.0,0,N,0,4.0,0.0,0.0,0.0,19.0
2045,2008,1,3,4,1825.0,1810,1931.0,1920,WN,740,N270WN,66.0,70.0,57.0,11.0,15.0,SMF,BUR,358,2.0,7.0,0,N,0,,,,,
2047,2008,1,3,4,1400.0,1350,1512.0,1500,WN,1045,N293,72.0,70.0,58.0,12.0,10.0,SMF,BUR,358,2.0,12.0,0,N,0,,,,,
2049,2008,1,3,4,1611.0,1545,1727.0,1650,WN,1252,N324SW,76.0,65.0,61.0,37.0,26.0,SMF,BUR,358,2.0,13.0,0,N,0,7.0,0.0,11.0,0.0,19.0
2051,2008,1,3,4,1123.0,1045,1231.0,1155,WN,1573,N613SW,68.0,70.0,59.0,36.0,38.0,SMF,BUR,358,2.0,7.0,0,N,0,0.0,0.0,0.0,0.0,36.0
2052,2008,1,3,4,2141.0,2045,2249.0,2155,WN,1853,N384SW,68.0,70.0,57.0,54.0,56.0,SMF,BUR,358,3.0,8.0,0,N,0,0.0,0.0,0.0,0.0,54.0
2054,2008,1,3,4,1943.0,1935,2050.0,2045,WN,2540,N662SW,67.0,70.0,56.0,5.0,8.0,SMF,BUR,358,3.0,8.0,0,N,0,,,,,
2055,2008,1,3,4,850.0,840,1001.0,1000,WN,157,N481WN,71.0,80.0,61.0,1.0,10.0,SMF,LAS,397,4.0,6.0,0,N,0,,,,,
2056,2008,1,3,4,2124.0,2110,2250.0,2230,WN,446,N645SW,86.0,80.0,62.0,20.0,14.0,SMF,LAS,397,15.0,9.0,0,N,0,0.0,0.0,6.0,0.0,14.0
2057,2008,1,3,4,2006.0,1920,2122.0,2035,WN,728,N626SW,76.0,75.0,63.0,47.0,46.0,SMF,LAS,397,5.0,8.0,0,N,0,0.0,0.0,1.0,0.0,46.0
2058,2008,1,3,4,1832.0,1810,1942.0,1925,WN,908,N480WN,70.0,75.0,60.0,17.0,22.0,SMF,LAS,397,3.0,7.0,0,N,0,8.0,0.0,0.0,0.0,9.0
2059,2008,1,3,4,1403.0,1335,1521.0,1455,WN,1050,N212WN,78.0,80.0,64.0,26.0,28.0,SMF,LAS,397,4.0,10.0,0,N,0,22.0,0.0,0.0,0.0,4.0
2060,2008,1,3,4,1544.0,1520,1659.0,1635,WN,2192,N313SW,75.0,75.0,63.0,24.0,24.0,SMF,LAS,397,4.0,8.0,0,N,0,6.0,0.0,0.0,0.0,18.0
2062,2008,1,3,4,1150.0,1120,1310.0,1235,WN,3232,N201LV,80.0,75.0,66.0,35.0,30.0,SMF,LAS,397,6.0,8.0,0,N,0,9.0,0.0,5.0,0.0,21.0
2063,2008,1,3,4,1534.0,1510,1650.0,1630,WN,71,N312SW,76.0,80.0,62.0,20.0,24.0,SMF,LAX,373,6.0,8.0,0,N,0,6.0,0.0,0.0,0.0,14.0
2064,2008,1,3,4,1403.0,1310,1521.0,1430,WN,73,N331SW,78.0,80.0,63.0,51.0,53.0,SMF,LAX,373,1.0,14.0,0,N,0,0.0,0.0,4.0,0.0,47.0
2067,2008,1,3,4,1840.0,1720,1959.0,1840,WN,386,N718SW,79.0,80.0,58.0,79.0,80.0,SMF,LAX,373,10.0,11.0,0,N,0,8.0,0.0,0.0,0.0,71.0
2069,2008,1,3,4,1938.0,1915,2055.0,2035,WN,2202,N758SW,77.0,80.0,60.0,20.0,23.0,SMF,LAX,373,7.0,10.0,0,N,0,0.0,0.0,0.0,0.0,20.0
2070,2008,1,3,4,807.0,800,931.0,920,WN,2635,N335SW,84.0,80.0,66.0,11.0,7.0,SMF,LAX,373,10.0,8.0,0,N,0,,,,,
2071,2008,1,3,4,2130.0,2115,2250.0,2235,WN,2815,N284WN,80.0,80.0,59.0,15.0,15.0,SMF,LAX,373,7.0,14.0,0,N,0,14.0,0.0,0.0,0.0,1.0
2072,2008,1,3,4,1636.0,1610,1759.0,1730,WN,3588,N732SW,83.0,80.0,60.0,29.0,26.0,SMF,LAX,373,9.0,14.0,0,N,0,1.0,0.0,3.0,0.0,25.0
2073,2008,1,3,4,712.0,705,1220.0,1220,WN,1949,N650SW,188.0,195.0,174.0,0.0,7.0,SMF,MCI,1442,4.0,10.0,0,N,0,,,,,
2075,2008,1,3,4,1455.0,1330,2042.0,1925,WN,567,N765SW,227.0,235.0,207.0,77.0,85.0,SMF,MDW,1790,9.0,11.0,0,N,0,14.0,0.0,0.0,0.0,63.0
2078,2008,1,3,4,2240.0,2125,2355.0,2240,WN,633,N314SW,75.0,75.0,57.0,75.0,75.0,SMF,ONT,389,4.0,14.0,0,N,0,0.0,0.0,0.0,0.0,75.0
2079,2008,1,3,4,1353.0,1310,1506.0,1425,WN,1424,N385SW,73.0,75.0,61.0,41.0,43.0,SMF,ONT,389,3.0,9.0,0,N,0,19.0,0.0,0.0,0.0,22.0
2081,2008,1,3,4,1609.0,1550,1723.0,1705,WN,1496,N600WN,74.0,75.0,62.0,18.0,19.0,SMF,ONT,389,3.0,9.0,0,N,0,10.0,0.0,0.0,0.0,8.0
2083,2008,1,3,4,2028.0,1940,2139.0,2055,WN,2458,N409WN,71.0,75.0,58.0,44.0,48.0,SMF,ONT,389,4.0,9.0,0,N,0,0.0,0.0,0.0,0.0,44.0
2084,2008,1,3,4,2243.0,2025,2353.0,2140,WN,2807,N344SW,70.0,75.0,58.0,133.0,138.0,SMF,ONT,389,4.0,8.0,0,N,0,0.0,0.0,0.0,0.0,133.0
2086,2008,1,3,4,1732.0,1710,1848.0,1825,WN,3659,N321SW,76.0,75.0,63.0,23.0,22.0,SMF,ONT,389,5.0,8.0,0,N,0,0.0,0.0,1.0,0.0,22.0
2087,2008,1,3,4,1439.0,1430,1555.0,1545,WN,3764,N633SW,76.0,75.0,60.0,10.0,9.0,SMF,ONT,389,5.0,11.0,0,N,0,,,,,
2088,2008,1,3,4,2127.0,2105,2246.0,2230,WN,102,N639SW,79.0,85.0,68.0,16.0,22.0,SMF,PDX,479,4.0,7.0,0,N,0,9.0,0.0,0.0,0.0,7.0
2089,2008,1,3,4,910.0,900,1028.0,1030,WN,350,N660SW,78.0,90.0,67.0,-2.0,10.0,SMF,PDX,479,4.0,7.0,0,N,0,,,,,
2091,2008,1,3,4,1354.0,1330,1537.0,1500,WN,957,N344SW,103.0,90.0,66.0,37.0,24.0,SMF,PDX,479,23.0,14.0,0,N,0,0.0,0.0,13.0,0.0,24.0
2092,2008,1,3,4,1124.0,1100,1250.0,1230,WN,2121,N632SW,86.0,90.0,70.0,20.0,24.0,SMF,PDX,479,3.0,13.0,0,N,0,11.0,0.0,0.0,0.0,9.0
2093,2008,1,3,4,1705.0,1645,1826.0,1815,WN,2720,N629SW,81.0,90.0,67.0,11.0,20.0,SMF,PDX,479,5.0,9.0,0,N,0,,,,,
2094,2008,1,3,4,1921.0,1855,2037.0,2025,WN,3155,N449WN,76.0,90.0,65.0,12.0,26.0,SMF,PDX,479,5.0,6.0,0,N,0,,,,,
2095,2008,1,3,4,1956.0,1940,2236.0,2225,WN,517,N345SA,100.0,105.0,89.0,11.0,16.0,SMF,PHX,647,5.0,6.0,0,N,0,,,,,
2097,2008,1,3,4,1722.0,1625,2010.0,1915,WN,964,N362SW,108.0,110.0,96.0,55.0,57.0,SMF,PHX,647,5.0,7.0,0,N,0,9.0,0.0,0.0,0.0,46.0
2100,2008,1,3,4,1229.0,1220,1511.0,1510,WN,2786,N278WN,102.0,110.0,90.0,1.0,9.0,SMF,PHX,647,5.0,7.0,0,N,0,,,,,
2101,2008,1,3,4,2131.0,2105,11.0,2350,WN,3585,N270WN,100.0,105.0,87.0,21.0,26.0,SMF,PHX,647,5.0,8.0,0,N,0,20.0,0.0,0.0,0.0,1.0
2102,2008,1,3,4,1819.0,1800,1942.0,1925,WN,114,N343SW,83.0,85.0,70.0,17.0,19.0,SMF,SAN,480,3.0,10.0,0,N,0,13.0,0.0,0.0,0.0,4.0
2103,2008,1,3,4,1817.0,1710,1937.0,1835,WN,151,N750SA,80.0,85.0,71.0,62.0,67.0,SMF,SAN,480,2.0,7.0,0,N,0,0.0,0.0,0.0,0.0,62.0
2104,2008,1,3,4,1301.0,1245,1423.0,1410,WN,179,N226WN,82.0,85.0,71.0,13.0,16.0,SMF,SAN,480,3.0,8.0,0,N,0,,,,,
2105,2008,1,3,4,2133.0,2055,2300.0,2220,WN,181,N715SW,87.0,85.0,70.0,40.0,38.0,SMF,SAN,480,3.0,14.0,0,N,0,3.0,0.0,2.0,0.0,35.0
2106,2008,1,3,4,1219.0,1200,1349.0,1325,WN,294,N398SW,90.0,85.0,76.0,24.0,19.0,SMF,SAN,480,6.0,8.0,0,N,0,7.0,0.0,5.0,0.0,12.0
2109,2008,1,3,4,1437.0,1410,1601.0,1535,WN,410,N327SW,84.0,85.0,73.0,26.0,27.0,SMF,SAN,480,4.0,7.0,0,N,0,17.0,0.0,0.0,0.0,9.0
2110,2008,1,3,4,1036.0,1025,1156.0,1150,WN,505,N762SW,80.0,85.0,70.0,6.0,11.0,SMF,SAN,480,3.0,7.0,0,N,0,,,,,
2112,2008,1,3,4,1219.0,1110,1354.0,1235,WN,1156,N630WN,95.0,85.0,75.0,79.0,69.0,SMF,SAN,480,8.0,12.0,0,N,0,5.0,0.0,10.0,0.0,64.0
2113,2008,1,3,4,2022.0,1920,2146.0,2045,WN,1395,N391SW,84.0,85.0,73.0,61.0,62.0,SMF,SAN,480,3.0,8.0,0,N,0,6.0,0.0,0.0,0.0,55.0
2114,2008,1,3,4,1547.0,1540,1708.0,1705,WN,1775,N607SW,81.0,85.0,71.0,3.0,7.0,SMF,SAN,480,3.0,7.0,0,N,0,,,,,
2115,2008,1,3,4,2156.0,2130,2318.0,2255,WN,2467,N770SA,82.0,85.0,74.0,23.0,26.0,SMF,SAN,480,2.0,6.0,0,N,0,0.0,0.0,0.0,0.0,23.0
2117,2008,1,3,4,1820.0,1755,2016.0,1945,WN,775,N633SW,116.0,110.0,98.0,31.0,25.0,SMF,SEA,605,4.0,14.0,0,N,0,12.0,0.0,6.0,0.0,13.0
2118,2008,1,3,4,1342.0,1315,1523.0,1510,WN,1010,N744SW,101.0,115.0,88.0,13.0,27.0,SMF,SEA,605,6.0,7.0,0,N,0,,,,,
2120,2008,1,3,4,2033.0,2010,2215.0,2200,WN,3600,N686SW,102.0,110.0,89.0,15.0,23.0,SMF,SEA,605,4.0,9.0,0,N,0,0.0,0.0,3.0,0.0,12.0
2124,2008,1,3,4,1352.0,1315,1519.0,1435,WN,2709,N445WN,87.0,80.0,68.0,44.0,37.0,SMF,SNA,404,8.0,11.0,0,N,0,25.0,0.0,7.0,0.0,12.0
2125,2008,1,3,4,1613.0,1535,1735.0,1655,WN,3072,N727SW,82.0,80.0,68.0,40.0,38.0,SMF,SNA,404,4.0,10.0,0,N,0,0.0,0.0,2.0,0.0,38.0
2129,2008,1,3,4,2037.0,1950,2145.0,2055,WN,486,N264LV,68.0,65.0,48.0,50.0,47.0,SNA,LAS,226,6.0,14.0,0,N,0,0.0,0.0,3.0,0.0,47.0
2130,2008,1,3,4,1030.0,1005,1139.0,1110,WN,693,N232WN,69.0,65.0,48.0,29.0,25.0,SNA,LAS,226,7.0,14.0,0,N,0,0.0,0.0,29.0,0.0,0.0
2132,2008,1,3,4,1531.0,1525,1632.0,1630,WN,1865,N745SW,61.0,65.0,47.0,2.0,6.0,SNA,LAS,226,6.0,8.0,0,N,0,,,,,
2136,2008,1,3,4,2016.0,2000,2143.0,2120,WN,2093,N241WN,87.0,80.0,74.0,23.0,16.0,SNA,OAK,371,5.0,8.0,0,N,0,9.0,0.0,7.0,0.0,7.0
2138,2008,1,3,4,1539.0,1505,1706.0,1625,WN,2796,N445WN,87.0,80.0,76.0,41.0,34.0,SNA,OAK,371,3.0,8.0,0,N,0,0.0,0.0,7.0,0.0,34.0
2139,2008,1,3,4,1752.0,1730,1920.0,1855,WN,3159,N727SW,88.0,85.0,71.0,25.0,22.0,SNA,OAK,371,4.0,13.0,0,N,0,0.0,0.0,3.0,0.0,22.0
2141,2008,1,3,4,1253.0,1230,1421.0,1355,WN,3776,N270WN,88.0,85.0,73.0,26.0,23.0,SNA,OAK,371,5.0,10.0,0,N,0,23.0,0.0,3.0,0.0,0.0
2142,2008,1,3,4,1627.0,1555,1752.0,1720,WN,3853,N434WN,85.0,85.0,77.0,32.0,32.0,SNA,OAK,371,5.0,3.0,0,N,0,0.0,0.0,0.0,0.0,32.0
2145,2008,1,3,4,655.0,645,924.0,920,WN,1428,N412WN,89.0,95.0,54.0,4.0,10.0,SNA,PHX,338,5.0,30.0,0,N,0,,,,,
2146,2008,1,3,4,1231.0,1225,1433.0,1435,WN,1506,N737JW,62.0,70.0,48.0,-2.0,6.0,SNA,PHX,338,3.0,11.0,0,N,0,,,,,
2151,2008,1,3,4,1850.0,1815,2004.0,1930,WN,192,N292WN,74.0,75.0,61.0,34.0,35.0,SNA,SJC,342,3.0,10.0,0,N,0,0.0,0.0,0.0,0.0,34.0
2154,2008,1,3,4,1626.0,1555,1736.0,1710,WN,1413,N706SW,70.0,75.0,60.0,26.0,31.0,SNA,SJC,342,4.0,6.0,0,N,0,0.0,0.0,1.0,0.0,25.0
2155,2008,1,3,4,730.0,715,844.0,830,WN,1689,N451WN,74.0,75.0,58.0,14.0,15.0,SNA,SJC,342,5.0,11.0,0,N,0,,,,,
2156,2008,1,3,4,2044.0,2030,2213.0,2145,WN,1935,N422WN,89.0,75.0,72.0,28.0,14.0,SNA,SJC,342,4.0,13.0,0,N,0,0.0,0.0,14.0,0.0,14.0
2157,2008,1,3,4,1511.0,1405,1623.0,1520,WN,1941,N758SW,72.0,75.0,58.0,63.0,66.0,SNA,SJC,342,3.0,11.0,0,N,0,0.0,0.0,0.0,0.0,63.0
2161,2008,1,3,4,1249.0,1140,1415.0,1305,WN,970,N765SW,86.0,85.0,71.0,70.0,69.0,SNA,SMF,404,5.0,10.0,0,N,0,0.0,0.0,1.0,0.0,69.0
2162,2008,1,3,4,1804.0,1730,1921.0,1855,WN,2115,N758SW,77.0,85.0,66.0,26.0,34.0,SNA,SMF,404,3.0,8.0,0,N,0,0.0,0.0,0.0,0.0,26.0
2163,2008,1,3,4,2108.0,2100,2231.0,2225,WN,3401,N251WN,83.0,85.0,72.0,6.0,8.0,SNA,SMF,404,5.0,6.0,0,N,0,,,,,
2165,2008,1,3,4,1442.0,1420,1610.0,1545,WN,3501,N732SW,88.0,85.0,69.0,25.0,22.0,SNA,SMF,404,5.0,14.0,0,N,0,0.0,0.0,3.0,0.0,22.0
2166,2008,1,3,4,810.0,745,936.0,930,WN,1586,N293,146.0,165.0,132.0,6.0,25.0,STL,ABQ,934,4.0,10.0,0,N,0,,,,,
2167,2008,1,3,4,1730.0,1615,1848.0,1730,WN,2205,N675AA,78.0,75.0,62.0,78.0,75.0,STL,BHM,410,3.0,13.0,0,N,0,75.0,0.0,3.0,0.0,0.0
2168,2008,1,3,4,1915.0,1810,2219.0,2105,WN,86,N680AA,124.0,115.0,108.0,74.0,65.0,STL,BWI,737,5.0,11.0,0,N,0,38.0,0.0,9.0,0.0,27.0
2169,2008,1,3,4,1445.0,1420,1744.0,1715,WN,406,N371SW,119.0,115.0,103.0,29.0,25.0,STL,BWI,737,5.0,11.0,0,N,0,7.0,0.0,4.0,0.0,18.0
2170,2008,1,3,4,1004.0,950,1256.0,1245,WN,974,N410WN,112.0,115.0,101.0,11.0,14.0,STL,BWI,737,3.0,8.0,0,N,0,,,,,
2171,2008,1,3,4,2202.0,2100,45.0,2350,WN,1156,N630WN,103.0,110.0,91.0,55.0,62.0,STL,BWI,737,4.0,8.0,0,N,0,0.0,0.0,0.0,0.0,55.0
2173,2008,1,3,4,1911.0,1905,2143.0,2130,WN,752,N627SW,92.0,85.0,75.0,13.0,6.0,STL,CLE,487,7.0,10.0,0,N,0,,,,,
2175,2008,1,3,4,1656.0,1610,1908.0,1825,WN,283,N213WN,72.0,75.0,57.0,43.0,46.0,STL,CMH,410,5.0,10.0,0,N,0,3.0,0.0,0.0,0.0,40.0
2177,2008,1,3,4,1258.0,1125,1429.0,1310,WN,29,N652SW,91.0,105.0,79.0,79.0,93.0,STL,DAL,546,3.0,9.0,0,N,0,2.0,0.0,0.0,0.0,77.0
2178,2008,1,3,4,2040.0,1945,2214.0,2130,WN,479,N622SW,94.0,105.0,81.0,44.0,55.0,STL,DAL,546,2.0,11.0,0,N,0,0.0,0.0,0.0,0.0,44.0
2180,2008,1,3,4,638.0,630,817.0,815,WN,513,N501SW,99.0,105.0,82.0,2.0,8.0,STL,DAL,546,3.0,14.0,0,N,0,,,,,
2182,2008,1,3,4,1324.0,1310,1457.0,1455,WN,1679,N645SW,93.0,105.0,80.0,2.0,14.0,STL,DAL,546,4.0,9.0,0,N,0,,,,,
2183,2008,1,3,4,1749.0,1740,1927.0,1925,WN,2007,N612SW,98.0,105.0,82.0,2.0,9.0,STL,DAL,546,3.0,13.0,0,N,0,,,,,
2184,2008,1,3,4,1513.0,1435,1645.0,1620,WN,2361,N348SW,92.0,105.0,80.0,25.0,38.0,STL,DAL,546,3.0,9.0,0,N,0,0.0,0.0,0.0,0.0,25.0
2186,2008,1,3,4,2116.0,2030,2337.0,2250,WN,2889,N204WN,81.0,80.0,64.0,47.0,46.0,STL,DTW,440,3.0,14.0,0,N,0,10.0,0.0,1.0,0.0,36.0
2187,2008,1,3,4,1547.0,1525,1816.0,1755,WN,3949,N323SW,89.0,90.0,72.0,21.0,22.0,STL,DTW,440,6.0,11.0,0,N,0,3.0,0.0,0.0,0.0,18.0
2188,2008,1,3,4,909.0,855,1240.0,1230,WN,631,N457WN,151.0,155.0,137.0,10.0,14.0,STL,FLL,1056,7.0,7.0,0,N,0,,,,,
2189,2008,1,3,4,2018.0,1945,2212.0,2150,WN,982,N494WN,114.0,125.0,98.0,22.0,33.0,STL,HOU,687,3.0,13.0,0,N,0,1.0,0.0,0.0,0.0,21.0
2190,2008,1,3,4,1506.0,1440,1700.0,1650,WN,983,N223WN,114.0,130.0,102.0,10.0,26.0,STL,HOU,687,4.0,8.0,0,N,0,,,,,
2193,2008,1,3,4,1805.0,1735,1940.0,1915,WN,725,N259WN,215.0,220.0,201.0,25.0,30.0,STL,LAS,1372,3.0,11.0,0,N,0,25.0,0.0,0.0,0.0,0.0
2195,2008,1,3,4,658.0,650,830.0,835,WN,2121,N632SW,212.0,225.0,197.0,-5.0,8.0,STL,LAS,1372,6.0,9.0,0,N,0,,,,,
2196,2008,1,3,4,1512.0,1450,1727.0,1700,WN,440,N720WN,255.0,250.0,234.0,27.0,22.0,STL,LAX,1593,12.0,9.0,0,N,0,9.0,0.0,5.0,0.0,13.0
2197,2008,1,3,4,947.0,935,1048.0,1040,WN,2177,N522SW,61.0,65.0,43.0,8.0,12.0,STL,LIT,296,5.0,13.0,0,N,0,,,,,
2198,2008,1,3,4,1916.0,1825,2016.0,1930,WN,2263,N514SW,60.0,65.0,46.0,46.0,51.0,STL,LIT,296,4.0,10.0,0,N,0,0.0,0.0,0.0,0.0,46.0
2202,2008,1,3,4,1748.0,1730,1849.0,1830,WN,977,N376SW,61.0,60.0,46.0,19.0,18.0,STL,MCI,237,4.0,11.0,0,N,0,0.0,0.0,1.0,0.0,18.0
2205,2008,1,3,4,1541.0,1535,1852.0,1850,WN,70,N367SW,131.0,135.0,115.0,2.0,6.0,STL,MCO,880,7.0,9.0,0,N,0,,,,,
2206,2008,1,3,4,2037.0,2010,2347.0,2325,WN,125,N782SA,130.0,135.0,114.0,22.0,27.0,STL,MCO,880,6.0,10.0,0,N,0,3.0,0.0,0.0,0.0,19.0
2210,2008,1,3,4,1432.0,1330,1531.0,1430,WN,146,N507SW,59.0,60.0,44.0,61.0,62.0,STL,MDW,251,5.0,10.0,0,N,0,9.0,0.0,0.0,0.0,52.0
2212,2008,1,3,4,927.0,915,1026.0,1015,WN,547,N525SW,59.0,60.0,42.0,11.0,12.0,STL,MDW,251,7.0,10.0,0,N,0,,,,,
2214,2008,1,3,4,2107.0,2100,2229.0,2200,WN,1050,N212WN,82.0,60.0,42.0,29.0,7.0,STL,MDW,251,31.0,9.0,0,N,0,0.0,0.0,22.0,0.0,7.0
2218,2008,1,3,4,1536.0,1525,1632.0,1625,WN,2176,N504SW,56.0,60.0,44.0,7.0,11.0,STL,MDW,251,4.0,8.0,0,N,0,,,,,
2219,2008,1,3,4,2012.0,1940,2130.0,2040,WN,3168,N513SW,78.0,60.0,50.0,50.0,32.0,STL,MDW,251,19.0,9.0,0,N,0,1.0,0.0,18.0,0.0,31.0
2223,2008,1,3,4,2011.0,1955,2127.0,2105,WN,141,N370SW,76.0,70.0,64.0,22.0,16.0,STL,OMA,342,3.0,9.0,0,N,0,1.0,0.0,6.0,0.0,15.0
2224,2008,1,3,4,1554.0,1540,1701.0,1650,WN,484,N673AA,67.0,70.0,57.0,11.0,14.0,STL,OMA,342,2.0,8.0,0,N,0,,,,,
2227,2008,1,3,4,2008.0,1950,2245.0,2215,WN,194,N672SW,217.0,205.0,194.0,30.0,18.0,STL,PHX,1262,7.0,16.0,0,N,0,18.0,0.0,12.0,0.0,0.0
2228,2008,1,3,4,1329.0,1320,1544.0,1545,WN,340,N634SW,195.0,205.0,182.0,-1.0,9.0,STL,PHX,1262,4.0,9.0,0,N,0,,,,,
2230,2008,1,3,4,1516.0,1510,1732.0,1740,WN,2453,N662SW,196.0,210.0,185.0,-8.0,6.0,STL,PHX,1262,2.0,9.0,0,N,0,,,,,
2233,2008,1,3,4,1158.0,1150,1346.0,1345,WN,87,N340LV,48.0,55.0,38.0,1.0,8.0,STL,SDF,254,2.0,8.0,0,N,0,,,,,
2234,2008,1,3,4,2038.0,1950,2230.0,2145,WN,2039,N386SW,52.0,55.0,39.0,45.0,48.0,STL,SDF,254,4.0,9.0,0,N,0,0.0,0.0,0.0,0.0,45.0
2236,2008,1,3,4,1820.0,1735,2034.0,1955,WN,3743,N247WN,194.0,200.0,183.0,39.0,45.0,STL,SLC,1156,3.0,8.0,0,N,0,2.0,0.0,0.0,0.0,37.0
2238,2008,1,3,4,1707.0,1630,2014.0,1945,WN,773,N472WN,127.0,135.0,112.0,29.0,37.0,STL,TPA,869,5.0,10.0,0,N,0,0.0,0.0,0.0,0.0,29.0
2239,2008,1,3,4,2050.0,2020,2200.0,2135,WN,490,N651SW,70.0,75.0,57.0,25.0,30.0,STL,TUL,351,4.0,9.0,0,N,0,0.0,0.0,0.0,0.0,25.0
2241,2008,1,3,4,1701.0,1535,1852.0,1735,WN,360,N427WN,231.0,240.0,218.0,77.0,86.0,TPA,ABQ,1497,5.0,8.0,0,N,0,8.0,0.0,0.0,0.0,69.0
2242,2008,1,3,4,1826.0,1755,2116.0,2035,WN,3603,N368SW,170.0,160.0,160.0,41.0,31.0,TPA,ALB,1130,3.0,7.0,0,N,0,31.0,0.0,10.0,0.0,0.0
2244,2008,1,3,4,1113.0,1045,1357.0,1325,WN,241,N450WN,164.0,160.0,153.0,32.0,28.0,TPA,BDL,1111,3.0,8.0,0,N,0,28.0,0.0,4.0,0.0,0.0
2245,2008,1,3,4,1548.0,1525,1835.0,1810,WN,3399,N685SW,167.0,165.0,151.0,25.0,23.0,TPA,BDL,1111,5.0,11.0,0,N,0,20.0,0.0,2.0,0.0,3.0
2246,2008,1,3,4,656.0,650,720.0,715,WN,472,N310SW,84.0,85.0,73.0,5.0,6.0,TPA,BHM,460,3.0,8.0,0,N,0,,,,,
2248,2008,1,3,4,2038.0,2015,2056.0,2040,WN,3512,N755SA,78.0,85.0,68.0,16.0,23.0,TPA,BHM,460,3.0,7.0,0,N,0,3.0,0.0,0.0,0.0,13.0
2249,2008,1,3,4,1305.0,1250,1348.0,1340,WN,176,N710SW,103.0,110.0,89.0,8.0,15.0,TPA,BNA,612,5.0,9.0,0,N,0,,,,,
2251,2008,1,3,4,931.0,925,1017.0,1015,WN,2556,N274WN,106.0,110.0,89.0,2.0,6.0,TPA,BNA,612,5.0,12.0,0,N,0,,,,,
2252,2008,1,3,4,1735.0,1720,1815.0,1815,WN,3492,N772SW,100.0,115.0,88.0,0.0,15.0,TPA,BNA,612,6.0,6.0,0,N,0,,,,,
2254,2008,1,3,4,1138.0,1055,1415.0,1330,WN,2265,N289CT,157.0,155.0,145.0,45.0,43.0,TPA,BUF,1054,4.0,8.0,0,N,0,10.0,0.0,2.0,0.0,33.0
2255,2008,1,3,4,1601.0,1515,1841.0,1750,WN,3686,N649SW,160.0,155.0,148.0,51.0,46.0,TPA,BUF,1054,3.0,9.0,0,N,0,7.0,0.0,5.0,0.0,39.0
2256,2008,1,3,4,1115.0,1100,1330.0,1310,WN,323,N638SW,135.0,130.0,123.0,20.0,15.0,TPA,BWI,842,2.0,10.0,0,N,0,15.0,0.0,5.0,0.0,0.0
2257,2008,1,3,4,1626.0,1610,1829.0,1820,WN,394,N228WN,123.0,130.0,113.0,9.0,16.0,TPA,BWI,842,3.0,7.0,0,N,0,,,,,
2258,2008,1,3,4,607.0,600,831.0,810,WN,922,N388SW,144.0,130.0,131.0,21.0,7.0,TPA,BWI,842,3.0,10.0,0,N,0,7.0,0.0,14.0,0.0,0.0
2260,2008,1,3,4,2149.0,2035,2357.0,2245,WN,2292,N675AA,128.0,130.0,116.0,72.0,74.0,TPA,BWI,842,5.0,7.0,0,N,0,0.0,0.0,0.0,0.0,72.0
2261,2008,1,3,4,942.0,845,1154.0,1055,WN,3049,N698SW,132.0,130.0,123.0,59.0,57.0,TPA,BWI,842,3.0,6.0,0,N,0,7.0,0.0,2.0,0.0,50.0
2262,2008,1,3,4,2006.0,1955,2218.0,2210,WN,3596,N778SW,132.0,135.0,116.0,8.0,11.0,TPA,BWI,842,7.0,9.0,0,N,0,,,,,
2264,2008,1,3,4,2230.0,2025,27.0,2240,WN,1240,N440LV,117.0,135.0,108.0,107.0,125.0,TPA,CMH,829,3.0,6.0,0,N,0,4.0,0.0,0.0,0.0,103.0
2266,2008,1,3,4,1337.0,1155,1518.0,1400,WN,3328,N221WN,221.0,245.0,208.0,78.0,102.0,TPA,DEN,1506,6.0,7.0,0,N,0,6.0,0.0,0.0,0.0,72.0
2267,2008,1,3,4,2049.0,2015,2141.0,2110,WN,773,N472WN,52.0,55.0,39.0,31.0,34.0,TPA,FLL,197,6.0,7.0,0,N,0,5.0,0.0,0.0,0.0,26.0
2268,2008,1,3,4,1448.0,1435,1543.0,1530,WN,968,N417WN,55.0,55.0,43.0,13.0,13.0,TPA,FLL,197,5.0,7.0,0,N,0,,,,,
2269,2008,1,3,4,2141.0,2125,2238.0,2220,WN,1685,N341SW,57.0,55.0,43.0,18.0,16.0,TPA,FLL,197,4.0,10.0,0,N,0,16.0,0.0,2.0,0.0,0.0
2271,2008,1,3,4,1717.0,1645,1816.0,1745,WN,2802,N204WN,59.0,60.0,43.0,31.0,32.0,TPA,FLL,197,9.0,7.0,0,N,0,4.0,0.0,0.0,0.0,27.0
2272,2008,1,3,4,2002.0,1740,2059.0,1840,WN,3136,N698SW,57.0,60.0,37.0,139.0,142.0,TPA,FLL,197,3.0,17.0,0,N,0,17.0,0.0,0.0,0.0,122.0
2273,2008,1,3,4,929.0,920,1029.0,1020,WN,3138,N685SW,60.0,60.0,44.0,9.0,9.0,TPA,FLL,197,5.0,11.0,0,N,0,,,,,
2276,2008,1,3,4,647.0,640,803.0,810,WN,12,N361SW,136.0,150.0,123.0,-7.0,7.0,TPA,HOU,781,4.0,9.0,0,N,0,,,,,
2277,2008,1,3,4,1725.0,1600,1839.0,1730,WN,48,N661SW,134.0,150.0,124.0,69.0,85.0,TPA,HOU,781,3.0,7.0,0,N,0,22.0,0.0,0.0,0.0,47.0
2278,2008,1,3,4,1854.0,1840,2003.0,2010,WN,58,N719SW,129.0,150.0,118.0,-7.0,14.0,TPA,HOU,781,2.0,9.0,0,N,0,,,,,
2280,2008,1,3,4,2021.0,1825,2234.0,2035,WN,29,N652SW,133.0,130.0,121.0,119.0,116.0,TPA,IAD,810,4.0,8.0,0,N,0,13.0,0.0,3.0,0.0,103.0
2284,2008,1,3,4,1809.0,1750,2039.0,2020,WN,904,N433LV,150.0,150.0,138.0,19.0,19.0,TPA,ISP,1034,5.0,7.0,0,N,0,9.0,0.0,0.0,0.0,10.0
2285,2008,1,3,4,1140.0,1130,1414.0,1400,WN,3311,N707SA,154.0,150.0,143.0,14.0,10.0,TPA,ISP,1034,4.0,7.0,0,N,0,,,,,
2287,2008,1,3,4,1215.0,1155,1300.0,1245,WN,629,N376SW,45.0,50.0,31.0,15.0,20.0,TPA,JAX,180,5.0,9.0,0,N,0,7.0,0.0,0.0,0.0,8.0
2289,2008,1,3,4,1459.0,1440,1658.0,1650,WN,82,N499WN,299.0,310.0,286.0,8.0,19.0,TPA,LAS,1984,5.0,8.0,0,N,0,,,,,
2291,2008,1,3,4,801.0,755,947.0,955,WN,3778,N730SW,166.0,180.0,151.0,-8.0,6.0,TPA,MCI,1048,5.0,10.0,0,N,0,,,,,
2292,2008,1,3,4,1933.0,1925,2143.0,2110,WN,174,N340LV,190.0,165.0,143.0,33.0,8.0,TPA,MDW,997,35.0,12.0,0,N,0,3.0,0.0,25.0,0.0,5.0
2294,2008,1,3,4,1032.0,1020,1212.0,1205,WN,1066,N751SW,160.0,165.0,148.0,7.0,12.0,TPA,MDW,997,5.0,7.0,0,N,0,,,,,
2295,2008,1,3,4,617.0,610,757.0,750,WN,1690,N217JC,160.0,160.0,146.0,7.0,7.0,TPA,MDW,997,7.0,7.0,0,N,0,,,,,
2297,2008,1,3,4,1251.0,1240,1427.0,1420,WN,2118,N699SW,156.0,160.0,143.0,7.0,11.0,TPA,MDW,997,5.0,8.0,0,N,0,,,,,
2298,2008,1,3,4,2141.0,2120,2312.0,2300,WN,2721,N448WN,151.0,160.0,135.0,12.0,21.0,TPA,MDW,997,8.0,8.0,0,N,0,,,,,
2299,2008,1,3,4,928.0,850,1230.0,1145,WN,3229,N290WN,182.0,175.0,167.0,45.0,38.0,TPA,MHT,1204,4.0,11.0,0,N,0,7.0,0.0,7.0,0.0,31.0
2301,2008,1,3,4,739.0,730,811.0,815,WN,125,N782SA,92.0,105.0,78.0,-4.0,9.0,TPA,MSY,487,4.0,10.0,0,N,0,,,,,
2302,2008,1,3,4,1418.0,1355,1453.0,1440,WN,1936,N677AA,95.0,105.0,79.0,13.0,23.0,TPA,MSY,487,4.0,12.0,0,N,0,,,,,
2305,2008,1,3,4,2225.0,2145,2311.0,2230,WN,26,N330SW,46.0,45.0,32.0,41.0,40.0,TPA,PBI,174,6.0,8.0,0,N,0,29.0,0.0,1.0,0.0,11.0
2306,2008,1,3,4,1654.0,1645,1744.0,1735,WN,87,N340LV,50.0,50.0,32.0,9.0,9.0,TPA,PBI,174,5.0,13.0,0,N,0,,,,,
2308,2008,1,3,4,1320.0,1245,1408.0,1335,WN,3599,N649SW,48.0,50.0,34.0,33.0,35.0,TPA,PBI,174,7.0,7.0,0,N,0,24.0,0.0,0.0,0.0,9.0
2309,2008,1,3,4,1639.0,1620,1902.0,1850,WN,327,N665WN,143.0,150.0,132.0,12.0,19.0,TPA,PHL,920,4.0,7.0,0,N,0,,,,,
2310,2008,1,3,4,1136.0,1015,1404.0,1245,WN,1574,N791SW,148.0,150.0,134.0,79.0,81.0,TPA,PHL,920,6.0,8.0,0,N,0,19.0,0.0,0.0,0.0,60.0
2311,2008,1,3,4,2241.0,2105,58.0,2335,WN,1663,N699SW,137.0,150.0,126.0,83.0,96.0,TPA,PHL,920,4.0,7.0,0,N,0,9.0,0.0,0.0,0.0,74.0
2313,2008,1,3,4,1557.0,1540,1831.0,1830,WN,875,N217JC,274.0,290.0,258.0,1.0,17.0,TPA,PHX,1788,8.0,8.0,0,N,0,,,,,
2314,2008,1,3,4,1020.0,1005,1244.0,1225,WN,1236,N614SW,144.0,140.0,130.0,19.0,15.0,TPA,PIT,873,6.0,8.0,0,N,0,12.0,0.0,4.0,0.0,3.0
2315,2008,1,3,4,730.0,720,1012.0,1005,WN,212,N718SW,162.0,165.0,150.0,7.0,10.0,TPA,PVD,1137,5.0,7.0,0,N,0,,,,,
2317,2008,1,3,4,1033.0,1025,1322.0,1305,WN,3318,N772SW,169.0,160.0,155.0,17.0,8.0,TPA,PVD,1137,6.0,8.0,0,N,0,6.0,0.0,9.0,0.0,2.0
2318,2008,1,3,4,1906.0,1900,2043.0,2045,WN,85,N688SW,97.0,105.0,85.0,-2.0,6.0,TPA,RDU,587,3.0,9.0,0,N,0,,,,,
2319,2008,1,3,4,1145.0,1120,1319.0,1300,WN,201,N251WN,94.0,100.0,83.0,19.0,25.0,TPA,RDU,587,3.0,8.0,0,N,0,4.0,0.0,0.0,0.0,15.0
2320,2008,1,3,4,744.0,735,924.0,915,WN,1402,N675AA,100.0,100.0,88.0,9.0,9.0,TPA,RDU,587,2.0,10.0,0,N,0,,,,,
2321,2008,1,3,4,1751.0,1720,1930.0,1915,WN,998,N369SW,159.0,175.0,149.0,15.0,31.0,TPA,SAT,972,3.0,7.0,0,N,0,6.0,0.0,0.0,0.0,9.0
2322,2008,1,3,4,932.0,915,1135.0,1120,WN,806,N711HK,123.0,125.0,105.0,15.0,17.0,TPA,SDF,727,4.0,14.0,0,N,0,11.0,0.0,0.0,0.0,4.0
2323,2008,1,3,4,1449.0,1425,1705.0,1630,WN,977,N376SW,136.0,125.0,108.0,35.0,24.0,TPA,SDF,727,20.0,8.0,0,N,0,14.0,0.0,11.0,0.0,10.0
2324,2008,1,3,4,1811.0,1800,1930.0,1930,WN,194,N672SW,139.0,150.0,124.0,0.0,11.0,TPA,STL,869,5.0,10.0,0,N,0,,,,,
2325,2008,1,3,4,918.0,910,1040.0,1040,WN,3917,N609SW,142.0,150.0,132.0,0.0,8.0,TPA,STL,869,4.0,6.0,0,N,0,,,,,
2327,2008,1,3,4,1647.0,1535,1742.0,1635,WN,574,N314SW,55.0,60.0,43.0,67.0,72.0,TUL,DAL,237,3.0,9.0,0,N,0,0.0,0.0,0.0,0.0,67.0
2329,2008,1,3,4,1351.0,1230,1450.0,1325,WN,1135,N304SW,59.0,55.0,41.0,85.0,81.0,TUL,DAL,237,3.0,15.0,0,N,0,2.0,0.0,4.0,0.0,79.0
2333,2008,1,3,4,1724.0,1600,1843.0,1740,WN,132,N704SW,79.0,100.0,70.0,63.0,84.0,TUL,HOU,453,2.0,7.0,0,N,0,0.0,0.0,0.0,0.0,63.0
2334,2008,1,3,4,1213.0,1145,1347.0,1320,WN,407,N636WN,94.0,95.0,72.0,27.0,28.0,TUL,HOU,453,15.0,7.0,0,N,0,1.0,0.0,0.0,0.0,26.0
2336,2008,1,3,4,2012.0,1925,2128.0,2055,WN,2900,N504SW,76.0,90.0,66.0,33.0,47.0,TUL,HOU,453,2.0,8.0,0,N,0,2.0,0.0,0.0,0.0,31.0
2340,2008,1,3,4,1901.0,1815,1952.0,1910,WN,3915,N528SW,51.0,55.0,41.0,42.0,46.0,TUL,MCI,223,4.0,6.0,0,N,0,0.0,0.0,0.0,0.0,42.0
2341,2008,1,3,4,1728.0,1705,1905.0,1850,WN,343,N687SW,157.0,165.0,148.0,15.0,23.0,TUL,PHX,935,3.0,6.0,0,N,0,0.0,0.0,0.0,0.0,15.0
2343,2008,1,3,4,1357.0,1350,1538.0,1530,WN,3322,N519SW,161.0,160.0,146.0,8.0,7.0,TUL,PHX,935,6.0,9.0,0,N,0,,,,,
2346,2008,1,3,4,1804.0,1735,1858.0,1835,WN,580,N301SW,54.0,60.0,44.0,23.0,29.0,TUS,ABQ,321,4.0,6.0,0,N,0,5.0,0.0,0.0,0.0,18.0
2348,2008,1,3,4,1456.0,1420,1504.0,1435,WN,280,N460WN,68.0,75.0,57.0,29.0,36.0,TUS,LAS,365,3.0,8.0,0,N,0,2.0,0.0,0.0,0.0,27.0
2349,2008,1,3,4,2231.0,2125,2246.0,2140,WN,1131,N306SW,75.0,75.0,62.0,66.0,66.0,TUS,LAS,365,6.0,7.0,0,N,0,0.0,0.0,0.0,0.0,66.0
2350,2008,1,3,4,1626.0,1610,1634.0,1625,WN,2005,N267WN,68.0,75.0,57.0,9.0,16.0,TUS,LAS,365,5.0,6.0,0,N,0,,,,,
2354,2008,1,3,4,1638.0,1625,1707.0,1655,WN,225,N283WN,89.0,90.0,73.0,12.0,13.0,TUS,LAX,451,7.0,9.0,0,N,0,,,,,
2355,2008,1,3,4,2054.0,2005,2128.0,2040,WN,724,N342SW,94.0,95.0,74.0,48.0,49.0,TUS,LAX,451,13.0,7.0,0,N,0,0.0,0.0,0.0,0.0,48.0
2356,2008,1,3,4,1403.0,1335,1431.0,1405,WN,1032,N489WN,88.0,90.0,75.0,26.0,28.0,TUS,LAX,451,7.0,6.0,0,N,0,0.0,0.0,0.0,0.0,26.0
2361,2008,1,3,4,1334.0,1325,1802.0,1740,WN,3831,N451WN,208.0,195.0,174.0,22.0,9.0,TUS,MDW,1440,28.0,6.0,0,N,0,8.0,0.0,13.0,0.0,1.0
2365,2008,1,3,4,1935.0,1850,1947.0,1900,WN,644,N423WN,72.0,70.0,63.0,47.0,45.0,TUS,SAN,367,3.0,6.0,0,N,0,5.0,0.0,2.0,0.0,40.0
2366,2008,1,3,4,1511.0,1455,1521.0,1510,WN,1179,N384SW,70.0,75.0,59.0,11.0,16.0,TUS,SAN,367,2.0,9.0,0,N,0,,,,,
2367,2008,1,4,5,2003.0,1845,2207.0,2040,WN,746,N667SW,64.0,55.0,44.0,87.0,78.0,ABQ,AMA,277,5.0,15.0,0,N,0,0.0,0.0,9.0,0.0,78.0
2369,2008,1,4,5,1444.0,1435,1712.0,1710,WN,45,N306SW,88.0,95.0,79.0,2.0,9.0,ABQ,DAL,580,3.0,6.0,0,N,0,,,,,
2371,2008,1,4,5,2203.0,2015,30.0,2240,WN,230,N639SW,87.0,85.0,75.0,110.0,108.0,ABQ,DAL,580,6.0,6.0,0,N,0,1.0,0.0,2.0,0.0,107.0
2373,2008,1,4,5,1137.0,1130,1409.0,1405,WN,438,N634SW,92.0,95.0,81.0,4.0,7.0,ABQ,DAL,580,2.0,9.0,0,N,0,,,,,
2374,2008,1,4,5,1840.0,1810,2115.0,2045,WN,972,N352SW,95.0,95.0,80.0,30.0,30.0,ABQ,DAL,580,4.0,11.0,0,N,0,12.0,0.0,0.0,0.0,18.0
2376,2008,1,4,5,1737.0,1710,2008.0,1945,WN,2969,N360SW,91.0,95.0,81.0,23.0,27.0,ABQ,DAL,580,3.0,7.0,0,N,0,3.0,0.0,0.0,0.0,20.0
2378,2008,1,4,5,1757.0,1645,1910.0,1800,WN,294,N251WN,73.0,75.0,57.0,70.0,72.0,ABQ,DEN,349,8.0,8.0,0,N,0,2.0,0.0,0.0,0.0,68.0
2380,2008,1,4,5,1155.0,1140,1306.0,1255,WN,3050,N417WN,71.0,75.0,57.0,11.0,15.0,ABQ,DEN,349,8.0,6.0,0,N,0,,,,,
2385,2008,1,4,5,1931.0,1845,2225.0,2140,WN,1925,N522SW,114.0,115.0,100.0,45.0,46.0,ABQ,HOU,759,2.0,12.0,0,N,0,2.0,0.0,0.0,0.0,43.0
2388,2008,1,4,5,2047.0,2020,2117.0,2055,WN,1493,N623SW,90.0,95.0,80.0,22.0,27.0,ABQ,LAS,487,4.0,6.0,0,N,0,20.0,0.0,0.0,0.0,2.0
2391,2008,1,4,5,1540.0,1520,1610.0,1555,WN,2284,N222WN,90.0,95.0,77.0,15.0,20.0,ABQ,LAS,487,7.0,6.0,0,N,0,9.0,0.0,0.0,0.0,6.0
2392,2008,1,4,5,1850.0,1755,1920.0,1830,WN,2788,N368SW,90.0,95.0,80.0,50.0,55.0,ABQ,LAS,487,3.0,7.0,0,N,0,0.0,0.0,0.0,0.0,50.0
2393,2008,1,4,5,1202.0,1115,1228.0,1150,WN,2874,N601WN,86.0,95.0,77.0,38.0,47.0,ABQ,LAS,487,4.0,5.0,0,N,0,0.0,0.0,0.0,0.0,38.0
2394,2008,1,4,5,1208.0,1200,1315.0,1305,WN,467,N310SW,127.0,125.0,113.0,10.0,8.0,ABQ,LAX,677,7.0,7.0,0,N,0,,,,,
2395,2008,1,4,5,1545.0,1500,1652.0,1605,WN,1135,N675AA,127.0,125.0,115.0,47.0,45.0,ABQ,LAX,677,4.0,8.0,0,N,0,34.0,0.0,2.0,0.0,11.0
2397,2008,1,4,5,2101.0,2005,2231.0,2105,WN,2027,N382SW,150.0,120.0,120.0,86.0,56.0,ABQ,LAX,677,21.0,9.0,0,N,0,0.0,0.0,43.0,0.0,43.0
2398,2008,1,4,5,1607.0,1530,1805.0,1725,WN,555,N333SW,58.0,55.0,47.0,40.0,37.0,ABQ,LBB,289,2.0,9.0,0,N,0,8.0,0.0,3.0,0.0,29.0
2399,2008,1,4,5,1617.0,1610,1813.0,1810,WN,2374,N344SW,56.0,60.0,46.0,3.0,7.0,ABQ,MAF,332,3.0,7.0,0,N,0,,,,,
2401,2008,1,4,5,2011.0,1855,2257.0,2145,WN,580,N643SW,106.0,110.0,92.0,72.0,76.0,ABQ,MCI,718,4.0,10.0,0,N,0,0.0,0.0,0.0,0.0,72.0
2403,2008,1,4,5,1305.0,1250,1829.0,1810,WN,3245,N385SW,204.0,200.0,183.0,19.0,15.0,ABQ,MCO,1552,7.0,14.0,0,N,0,12.0,0.0,4.0,0.0,3.0
2404,2008,1,4,5,950.0,935,1311.0,1315,WN,2524,N773SA,141.0,160.0,128.0,-4.0,15.0,ABQ,MDW,1121,5.0,8.0,0,N,0,,,,,
2407,2008,1,4,5,1931.0,1925,2122.0,2100,WN,231,N402WN,171.0,155.0,144.0,22.0,6.0,ABQ,OAK,889,14.0,13.0,0,N,0,0.0,0.0,16.0,0.0,6.0
2410,2008,1,4,5,1203.0,1155,1314.0,1310,WN,10,N693SW,71.0,75.0,60.0,4.0,8.0,ABQ,PHX,328,2.0,9.0,0,N,0,,,,,
2412,2008,1,4,5,1946.0,1935,2053.0,2050,WN,160,N248WN,67.0,75.0,53.0,3.0,11.0,ABQ,PHX,328,5.0,9.0,0,N,0,,,,,
2413,2008,1,4,5,1619.0,1525,1726.0,1640,WN,357,N690SW,67.0,75.0,56.0,46.0,54.0,ABQ,PHX,328,4.0,7.0,0,N,0,5.0,0.0,0.0,0.0,41.0
2415,2008,1,4,5,1624.0,1600,1729.0,1715,WN,806,N282WN,65.0,75.0,56.0,14.0,24.0,ABQ,PHX,328,3.0,6.0,0,N,0,,,,,
2419,2008,1,4,5,1903.0,1825,2021.0,1945,WN,2871,N249WN,78.0,80.0,55.0,36.0,38.0,ABQ,PHX,328,7.0,16.0,0,N,0,0.0,0.0,19.0,0.0,17.0
2421,2008,1,4,5,1228.0,1220,1313.0,1315,WN,137,N304SW,105.0,115.0,96.0,-2.0,8.0,ABQ,SAN,628,2.0,7.0,0,N,0,,,,,
2422,2008,1,4,5,2000.0,1815,2048.0,1905,WN,574,N286WN,108.0,110.0,98.0,103.0,105.0,ABQ,SAN,628,4.0,6.0,0,N,0,0.0,0.0,0.0,0.0,103.0
2424,2008,1,4,5,1923.0,1910,2126.0,2125,WN,2010,N720WN,183.0,195.0,168.0,1.0,13.0,ABQ,SEA,1180,4.0,11.0,0,N,0,,,,,
2425,2008,1,4,5,848.0,840,1048.0,1055,WN,2270,N234WN,180.0,195.0,166.0,-7.0,8.0,ABQ,SEA,1180,6.0,8.0,0,N,0,,,,,
2428,2008,1,4,5,1048.0,1040,1349.0,1355,WN,406,N648SW,121.0,135.0,108.0,-6.0,8.0,ABQ,STL,934,4.0,9.0,0,N,0,,,,,
2431,2008,1,4,5,1031.0,1020,1134.0,1130,WN,1655,N347SW,63.0,70.0,54.0,4.0,11.0,ABQ,TUS,321,3.0,6.0,0,N,0,,,,,
2432,2008,1,4,5,1332.0,1325,1437.0,1440,WN,182,N313SW,65.0,75.0,54.0,-3.0,7.0,ALB,BWI,288,3.0,8.0,0,N,0,,,,,
2433,2008,1,4,5,1020.0,1005,1128.0,1120,WN,733,N650SW,68.0,75.0,58.0,8.0,15.0,ALB,BWI,288,3.0,7.0,0,N,0,,,,,
2434,2008,1,4,5,1831.0,1820,1941.0,1935,WN,1861,N783SW,70.0,75.0,57.0,6.0,11.0,ALB,BWI,288,3.0,10.0,0,N,0,,,,,
2441,2008,1,4,5,816.0,810,1058.0,1115,WN,2958,N473WN,162.0,185.0,148.0,-17.0,6.0,ALB,MCO,1073,5.0,9.0,0,N,0,,,,,
2442,2008,1,4,5,1225.0,1205,1515.0,1510,WN,3656,N276WN,170.0,185.0,150.0,5.0,20.0,ALB,MCO,1073,14.0,6.0,0,N,0,,,,,
2444,2008,1,4,5,1621.0,1605,1723.0,1725,WN,3162,N220WN,122.0,140.0,111.0,-2.0,16.0,ALB,MDW,717,4.0,7.0,0,N,0,,,,,
2452,2008,1,4,5,1638.0,1615,1737.0,1720,WN,1079,N395SW,59.0,65.0,50.0,17.0,23.0,AMA,DAL,324,2.0,7.0,0,N,0,13.0,0.0,0.0,0.0,4.0
2455,2008,1,4,5,1721.0,1540,1735.0,1555,WN,510,N795SW,74.0,75.0,61.0,100.0,101.0,AMA,DEN,358,6.0,7.0,0,N,0,0.0,0.0,0.0,0.0,100.0
2458,2008,1,4,5,713.0,700,913.0,855,WN,222,N635SW,120.0,115.0,103.0,18.0,13.0,AUS,BNA,756,3.0,14.0,0,N,0,0.0,13.0,5.0,0.0,0.0
2459,2008,1,4,5,2118.0,1920,2304.0,2115,WN,330,N738CB,106.0,115.0,92.0,109.0,118.0,AUS,BNA,756,7.0,7.0,0,N,0,0.0,0.0,0.0,0.0,109.0
2465,2008,1,4,5,1513.0,1450,1605.0,1545,WN,154,N376SW,52.0,55.0,39.0,20.0,23.0,AUS,DAL,189,2.0,11.0,0,N,0,0.0,0.0,0.0,0.0,20.0
2470,2008,1,4,5,2110.0,2045,2157.0,2135,WN,1399,N527SW,47.0,50.0,38.0,22.0,25.0,AUS,DAL,189,3.0,6.0,0,N,0,8.0,0.0,0.0,0.0,14.0
2474,2008,1,4,5,1943.0,1935,2032.0,2030,WN,3409,N514SW,49.0,55.0,40.0,2.0,8.0,AUS,DAL,189,4.0,5.0,0,N,0,,,,,
2476,2008,1,4,5,1450.0,1435,1600.0,1550,WN,2124,N312SW,130.0,135.0,115.0,10.0,15.0,AUS,DEN,775,5.0,10.0,0,N,0,,,,,
2477,2008,1,4,5,1712.0,1705,1747.0,1745,WN,231,N402WN,95.0,100.0,82.0,2.0,7.0,AUS,ELP,528,4.0,9.0,0,N,0,,,,,
2483,2008,1,4,5,1948.0,1910,2030.0,1955,WN,555,N333SW,42.0,45.0,32.0,35.0,38.0,AUS,HOU,148,3.0,7.0,0,N,0,0.0,0.0,0.0,0.0,35.0
2484,2008,1,4,5,1714.0,1705,1752.0,1755,WN,1856,N758SW,38.0,50.0,29.0,-3.0,9.0,AUS,HOU,148,3.0,6.0,0,N,0,,,,,
2486,2008,1,4,5,2108.0,2025,2146.0,2110,WN,2529,N256WN,38.0,45.0,28.0,36.0,43.0,AUS,HOU,148,4.0,6.0,0,N,0,3.0,0.0,0.0,0.0,33.0
2491,2008,1,4,5,1957.0,1925,2049.0,2030,WN,3862,N370SW,172.0,185.0,160.0,19.0,32.0,AUS,LAS,1090,4.0,8.0,0,N,0,2.0,0.0,0.0,0.0,17.0
2493,2008,1,4,5,1758.0,1740,1902.0,1850,WN,160,N248WN,64.0,70.0,53.0,12.0,18.0,AUS,LBB,341,2.0,9.0,0,N,0,,,,,
2498,2008,1,4,5,1818.0,1740,2038.0,2010,WN,870,N397SW,140.0,150.0,126.0,28.0,38.0,AUS,MDW,972,7.0,7.0,0,N,0,3.0,0.0,0.0,0.0,25.0
2505,2008,1,4,5,929.0,915,1029.0,1025,WN,3502,N392SW,180.0,190.0,170.0,4.0,14.0,AUS,SAN,1164,3.0,7.0,0,N,0,,,,,
2506,2008,1,4,5,1621.0,1535,1932.0,1850,WN,304,N646SW,131.0,135.0,116.0,42.0,46.0,AUS,TPA,928,6.0,9.0,0,N,0,9.0,0.0,0.0,0.0,33.0
2507,2008,1,4,5,1402.0,1355,1514.0,1535,WN,298,N728SW,132.0,160.0,121.0,-21.0,7.0,BDL,BNA,852,4.0,7.0,0,N,0,,,,,
2510,2008,1,4,5,1339.0,1330,1451.0,1440,WN,1743,N390SW,72.0,70.0,61.0,11.0,9.0,BDL,BWI,283,3.0,8.0,0,N,0,,,,,
2514,2008,1,4,5,1849.0,1835,1956.0,1945,WN,3486,N340LV,67.0,70.0,58.0,11.0,14.0,BDL,BWI,283,2.0,7.0,0,N,0,,,,,
2517,2008,1,4,5,706.0,700,947.0,1000,WN,3655,N730SW,341.0,360.0,325.0,-13.0,6.0,BDL,LAS,2298,5.0,11.0,0,N,0,,,,,
2518,2008,1,4,5,2016.0,1945,2251.0,2245,WN,452,N642WN,155.0,180.0,142.0,6.0,31.0,BDL,MCO,1050,4.0,9.0,0,N,0,,,,,
2519,2008,1,4,5,1211.0,1205,1451.0,1510,WN,524,N790SW,160.0,185.0,149.0,-19.0,6.0,BDL,MCO,1050,3.0,8.0,0,N,0,,,,,
2520,2008,1,4,5,701.0,655,946.0,1000,WN,3133,N245WN,165.0,185.0,148.0,-14.0,6.0,BDL,MCO,1050,9.0,8.0,0,N,0,,,,,
2524,2008,1,4,5,1013.0,1005,1257.0,1320,WN,1860,N764SW,164.0,195.0,153.0,-23.0,8.0,BDL,TPA,1111,4.0,7.0,0,N,0,,,,,
2525,2008,1,4,5,1929.0,1910,2212.0,2225,WN,3407,N678AA,163.0,195.0,151.0,-13.0,19.0,BDL,TPA,1111,3.0,9.0,0,N,0,,,,,
2530,2008,1,4,5,1758.0,1750,2051.0,2040,WN,2036,N660SW,113.0,110.0,100.0,11.0,8.0,BHM,BWI,682,3.0,10.0,0,N,0,,,,,
2531,2008,1,4,5,1118.0,1110,1300.0,1305,WN,112,N338SW,102.0,115.0,92.0,-5.0,8.0,BHM,DAL,587,2.0,8.0,0,N,0,,,,,
2533,2008,1,4,5,1731.0,1645,1922.0,1825,WN,764,N603SW,111.0,100.0,95.0,57.0,46.0,BHM,DAL,587,2.0,14.0,0,N,0,3.0,0.0,11.0,0.0,43.0
2537,2008,1,4,5,1016.0,1005,1227.0,1220,WN,3430,N737JW,251.0,255.0,235.0,7.0,11.0,BHM,LAS,1618,5.0,11.0,0,N,0,,,,,
2540,2008,1,4,5,1926.0,1850,2145.0,2120,WN,2382,N485WN,79.0,90.0,66.0,25.0,36.0,BHM,MCO,478,6.0,7.0,0,N,0,0.0,0.0,0.0,0.0,25.0
2551,2008,1,4,5,1758.0,1750,2011.0,2010,WN,2205,N334SW,73.0,80.0,64.0,1.0,8.0,BHM,TPA,460,3.0,6.0,0,N,0,,,,,
2553,2008,1,4,5,1412.0,1350,1618.0,1615,WN,813,N350SW,126.0,145.0,113.0,3.0,22.0,BNA,AUS,756,3.0,10.0,0,N,0,,,,,
2556,2008,1,4,5,1856.0,1835,2205.0,2145,WN,419,N732SW,129.0,130.0,117.0,20.0,21.0,BNA,BDL,852,4.0,8.0,0,N,0,2.0,0.0,0.0,0.0,18.0
2557,2008,1,4,5,1009.0,1000,1051.0,1050,WN,112,N338SW,42.0,50.0,32.0,1.0,9.0,BNA,BHM,177,2.0,8.0,0,N,0,,,,,
2558,2008,1,4,5,1625.0,1535,1708.0,1625,WN,764,N603SW,43.0,50.0,31.0,43.0,50.0,BNA,BHM,177,2.0,10.0,0,N,0,0.0,0.0,0.0,0.0,43.0
2559,2008,1,4,5,911.0,900,1143.0,1140,WN,48,N656SW,92.0,100.0,81.0,3.0,11.0,BNA,BWI,588,2.0,9.0,0,N,0,,,,,
2562,2008,1,4,5,1720.0,1705,2001.0,1945,WN,879,N468WN,101.0,100.0,80.0,16.0,15.0,BNA,BWI,588,11.0,10.0,0,N,0,0.0,0.0,1.0,0.0,15.0
2563,2008,1,4,5,2157.0,2145,23.0,15,WN,1107,N279WN,86.0,90.0,74.0,8.0,12.0,BNA,BWI,588,4.0,8.0,0,N,0,,,,,
2564,2008,1,4,5,1957.0,1905,2224.0,2140,WN,1324,N746SW,87.0,95.0,76.0,44.0,52.0,BNA,BWI,588,3.0,8.0,0,N,0,3.0,0.0,0.0,0.0,41.0
2569,2008,1,4,5,934.0,920,1140.0,1130,WN,222,N635SW,66.0,70.0,52.0,10.0,14.0,BNA,CMH,338,3.0,11.0,0,N,0,,,,,
2570,2008,1,4,5,1955.0,1905,2202.0,2115,WN,1668,N258WN,67.0,70.0,53.0,47.0,50.0,BNA,CMH,338,3.0,11.0,0,N,0,47.0,0.0,0.0,0.0,0.0
2571,2008,1,4,5,936.0,925,1131.0,1125,WN,341,N699SW,175.0,180.0,158.0,6.0,11.0,BNA,DEN,1013,6.0,11.0,0,N,0,,,,,
2572,2008,1,4,5,1902.0,1850,2043.0,2050,WN,2821,N790SW,161.0,180.0,146.0,-7.0,12.0,BNA,DEN,1013,6.0,9.0,0,N,0,,,,,
2575,2008,1,4,5,1854.0,1840,2122.0,2110,WN,3238,N781WN,88.0,90.0,69.0,12.0,14.0,BNA,DTW,457,9.0,10.0,0,N,0,,,,,
2577,2008,1,4,5,1828.0,1820,2119.0,2125,WN,959,N767SW,111.0,125.0,100.0,-6.0,8.0,BNA,FLL,793,3.0,8.0,0,N,0,,,,,
2580,2008,1,4,5,1342.0,1335,1530.0,1545,WN,1026,N420WN,108.0,130.0,100.0,-15.0,7.0,BNA,HOU,670,2.0,6.0,0,N,0,,,,,
2582,2008,1,4,5,1612.0,1605,1801.0,1820,WN,2183,N501SW,109.0,135.0,99.0,-19.0,7.0,BNA,HOU,670,3.0,7.0,0,N,0,,,,,
2585,2008,1,4,5,2056.0,2030,2312.0,2250,WN,891,N213WN,76.0,80.0,61.0,22.0,26.0,BNA,JAX,484,4.0,11.0,0,N,0,0.0,0.0,0.0,0.0,22.0
2586,2008,1,4,5,804.0,755,1019.0,1015,WN,2108,N405WN,75.0,80.0,64.0,4.0,9.0,BNA,JAX,484,4.0,7.0,0,N,0,,,,,
2589,2008,1,4,5,2031.0,2005,2233.0,2215,WN,2194,N228WN,242.0,250.0,231.0,18.0,26.0,BNA,LAS,1588,4.0,7.0,0,N,0,18.0,0.0,0.0,0.0,0.0
2591,2008,1,4,5,821.0,755,1110.0,1035,WN,92,N796SW,289.0,280.0,274.0,35.0,26.0,BNA,LAX,1797,7.0,8.0,0,N,0,0.0,0.0,9.0,0.0,26.0
2593,2008,1,4,5,1821.0,1815,2129.0,2100,WN,2437,N499WN,308.0,285.0,271.0,29.0,6.0,BNA,LAX,1797,25.0,12.0,0,N,0,6.0,0.0,23.0,0.0,0.0
2599,2008,1,4,5,1745.0,1735,2022.0,2020,WN,1058,N438WN,97.0,105.0,80.0,2.0,10.0,BNA,MCO,616,7.0,10.0,0,N,0,,,,,
2600,2008,1,4,5,2233.0,2030,103.0,2310,WN,2032,N551WN,90.0,100.0,76.0,113.0,123.0,BNA,MCO,616,3.0,11.0,0,N,0,0.0,0.0,0.0,0.0,113.0
2602,2008,1,4,5,1542.0,1530,1822.0,1815,WN,3169,N657SW,100.0,105.0,88.0,7.0,12.0,BNA,MCO,616,4.0,8.0,0,N,0,,,,,
2607,2008,1,4,5,1146.0,1135,1303.0,1255,WN,2195,N405WN,77.0,80.0,66.0,8.0,11.0,BNA,MDW,395,4.0,7.0,0,N,0,,,,,
2608,2008,1,4,5,1811.0,1640,1940.0,1805,WN,2804,N765SW,89.0,85.0,74.0,95.0,91.0,BNA,MDW,395,7.0,8.0,0,N,0,0.0,0.0,4.0,0.0,91.0
2610,2008,1,4,5,954.0,920,1113.0,1045,WN,3676,N520SW,79.0,85.0,68.0,28.0,34.0,BNA,MDW,395,4.0,7.0,0,N,0,19.0,0.0,0.0,0.0,9.0
2612,2008,1,4,5,1744.0,1735,1852.0,1905,WN,570,N510SW,68.0,90.0,63.0,-13.0,9.0,BNA,MSY,471,4.0,1.0,0,N,0,,,,,
2613,2008,1,4,5,1002.0,945,1116.0,1115,WN,689,N443WN,74.0,90.0,64.0,1.0,17.0,BNA,MSY,471,2.0,8.0,0,N,0,,,,,
2615,2008,1,4,5,1545.0,1525,1812.0,1755,WN,145,N236WN,267.0,270.0,253.0,17.0,20.0,BNA,ONT,1751,6.0,8.0,0,N,0,17.0,0.0,0.0,0.0,0.0
2620,2008,1,4,5,723.0,715,1034.0,1015,WN,1580,N400WN,251.0,240.0,237.0,19.0,8.0,BNA,PHX,1448,6.0,8.0,0,N,0,8.0,0.0,11.0,0.0,0.0
2621,2008,1,4,5,1851.0,1840,2136.0,2130,WN,3492,N299WN,225.0,230.0,211.0,6.0,11.0,BNA,PHX,1448,7.0,7.0,0,N,0,,,,,
2625,2008,1,4,5,1825.0,1800,2041.0,2020,WN,882,N214WN,76.0,80.0,64.0,21.0,25.0,BNA,RDU,443,4.0,8.0,0,N,0,0.0,0.0,0.0,0.0,21.0
2626,2008,1,4,5,1958.0,1940,2216.0,2200,WN,1262,N448WN,78.0,80.0,66.0,16.0,18.0,BNA,RDU,443,3.0,9.0,0,N,0,11.0,0.0,0.0,0.0,5.0
2632,2008,1,4,5,837.0,830,1044.0,1100,WN,3767,N698SW,127.0,150.0,117.0,-16.0,7.0,BNA,SAT,822,2.0,8.0,0,N,0,,,,,
2633,2008,1,4,5,1618.0,1600,1902.0,1905,WN,2380,N441WN,284.0,305.0,269.0,-3.0,18.0,BNA,SEA,1977,8.0,7.0,0,N,0,,,,,
2634,2008,1,4,5,2129.0,2040,2.0,2320,WN,179,N796SW,93.0,100.0,78.0,42.0,49.0,BNA,TPA,612,4.0,11.0,0,N,0,0.0,0.0,0.0,0.0,42.0
2635,2008,1,4,5,1815.0,1755,2048.0,2040,WN,1576,N341SW,93.0,105.0,77.0,8.0,20.0,BNA,TPA,612,4.0,12.0,0,N,0,,,,,
2639,2008,1,4,5,2133.0,2040,2126.0,2040,WN,239,N636WN,53.0,60.0,41.0,46.0,53.0,BOI,GEG,287,4.0,8.0,0,N,0,0.0,0.0,0.0,0.0,46.0
2641,2008,1,4,5,1722.0,1640,1716.0,1640,WN,3589,N392SW,54.0,60.0,45.0,36.0,42.0,BOI,GEG,287,3.0,6.0,0,N,0,0.0,0.0,0.0,0.0,36.0
2642,2008,1,4,5,1010.0,1000,1052.0,1040,WN,781,N686SW,102.0,100.0,88.0,12.0,10.0,BOI,LAS,520,6.0,8.0,0,N,0,,,,,
2643,2008,1,4,5,1847.0,1835,1934.0,1915,WN,2991,N686SW,107.0,100.0,89.0,19.0,12.0,BOI,LAS,520,12.0,6.0,0,N,0,0.0,0.0,7.0,0.0,12.0
2644,2008,1,4,5,1550.0,1535,1646.0,1620,WN,318,N229WN,116.0,105.0,104.0,26.0,15.0,BOI,OAK,511,5.0,7.0,0,N,0,5.0,0.0,11.0,0.0,10.0
2647,2008,1,4,5,2003.0,1845,2014.0,1900,WN,538,N358SW,71.0,75.0,59.0,74.0,78.0,BOI,PDX,344,5.0,7.0,0,N,0,10.0,0.0,0.0,0.0,64.0
2651,2008,1,4,5,1949.0,1905,,1910,WN,1403,N504SW,,65.0,,,44.0,BOI,RNO,335,,11.0,0,N,1,,,,,
2656,2008,1,4,5,1321.0,1305,1419.0,1405,WN,783,N396SW,58.0,60.0,46.0,14.0,16.0,BOI,SLC,291,3.0,9.0,0,N,0,,,,,
2657,2008,1,4,5,1557.0,1550,1651.0,1650,WN,2377,N302SW,54.0,60.0,45.0,1.0,7.0,BOI,SLC,291,2.0,7.0,0,N,0,,,,,
2660,2008,1,4,5,840.0,825,940.0,930,WN,171,N751SW,60.0,65.0,49.0,10.0,15.0,BUF,BWI,281,3.0,8.0,0,N,0,,,,,
2661,2008,1,4,5,1133.0,1110,1233.0,1215,WN,503,N354SW,60.0,65.0,50.0,18.0,23.0,BUF,BWI,281,3.0,7.0,0,N,0,10.0,0.0,0.0,0.0,8.0
2664,2008,1,4,5,1617.0,1540,1717.0,1645,WN,1828,N661SW,60.0,65.0,49.0,32.0,37.0,BUF,BWI,281,3.0,8.0,0,N,0,10.0,0.0,0.0,0.0,22.0
2665,2008,1,4,5,1129.0,1100,1329.0,1310,WN,127,N434WN,300.0,310.0,287.0,19.0,29.0,BUF,LAS,1987,5.0,8.0,0,N,0,5.0,0.0,0.0,0.0,14.0
2666,2008,1,4,5,1328.0,1315,1548.0,1600,WN,990,N902WN,140.0,165.0,129.0,-12.0,13.0,BUF,MCO,1011,4.0,7.0,0,N,0,,,,,
2667,2008,1,4,5,734.0,720,1003.0,1010,WN,1569,N390SW,149.0,170.0,134.0,-7.0,14.0,BUF,MCO,1011,6.0,9.0,0,N,0,,,,,
2668,2008,1,4,5,1827.0,1820,2054.0,2100,WN,3773,N428WN,147.0,160.0,128.0,-6.0,7.0,BUF,MCO,1011,11.0,8.0,0,N,0,,,,,
2669,2008,1,4,5,956.0,950,1029.0,1035,WN,280,N231WN,93.0,105.0,79.0,-6.0,6.0,BUF,MDW,468,6.0,8.0,0,N,0,,,,,
2670,2008,1,4,5,701.0,645,733.0,730,WN,689,N443WN,92.0,105.0,80.0,3.0,16.0,BUF,MDW,468,4.0,8.0,0,N,0,,,,,
2671,2008,1,4,5,1759.0,1750,1830.0,1840,WN,1009,N710SW,91.0,110.0,79.0,-10.0,9.0,BUF,MDW,468,6.0,6.0,0,N,0,,,,,
2672,2008,1,4,5,1643.0,1630,1924.0,1930,WN,774,N797MX,281.0,300.0,266.0,-6.0,13.0,BUF,PHX,1912,7.0,8.0,0,N,0,,,,,
2673,2008,1,4,5,800.0,740,1031.0,1030,WN,2178,N713SW,151.0,170.0,140.0,1.0,20.0,BUF,TPA,1054,4.0,7.0,0,N,0,,,,,
2674,2008,1,4,5,1537.0,1525,1809.0,1815,WN,3576,N379SW,152.0,170.0,141.0,-6.0,12.0,BUF,TPA,1054,4.0,7.0,0,N,0,,,,,
2675,2008,1,4,5,1821.0,1630,1912.0,1735,WN,504,N600WN,51.0,65.0,40.0,97.0,111.0,BUR,LAS,223,2.0,9.0,0,N,0,0.0,0.0,5.0,0.0,92.0
2677,2008,1,4,5,853.0,840,948.0,940,WN,997,N618WN,55.0,60.0,41.0,8.0,13.0,BUR,LAS,223,5.0,9.0,0,N,0,,,,,
2678,2008,1,4,5,1139.0,1100,1240.0,1205,WN,1171,N690SW,61.0,65.0,43.0,35.0,39.0,BUR,LAS,223,8.0,10.0,0,N,0,4.0,0.0,0.0,0.0,31.0
2679,2008,1,4,5,1228.0,1215,1336.0,1320,WN,1660,N355SW,68.0,65.0,46.0,16.0,13.0,BUR,LAS,223,13.0,9.0,0,N,0,13.0,0.0,3.0,0.0,0.0
2680,2008,1,4,5,1010.0,1000,1112.0,1105,WN,1776,N235WN,62.0,65.0,43.0,7.0,10.0,BUR,LAS,223,6.0,13.0,0,N,0,,,,,
2681,2008,1,4,5,1505.0,1420,1615.0,1525,WN,1925,N522SW,70.0,65.0,41.0,50.0,45.0,BUR,LAS,223,5.0,24.0,0,N,0,44.0,0.0,5.0,0.0,1.0
2682,2008,1,4,5,1502.0,1305,1611.0,1410,WN,2032,N551WN,69.0,65.0,44.0,121.0,117.0,BUR,LAS,223,5.0,20.0,0,N,0,0.0,5.0,4.0,0.0,112.0
2683,2008,1,4,5,1553.0,1535,1652.0,1640,WN,2383,N461WN,59.0,65.0,43.0,12.0,18.0,BUR,LAS,223,7.0,9.0,0,N,0,,,,,
2684,2008,1,4,5,1840.0,1745,1941.0,1845,WN,2457,N427WN,61.0,60.0,37.0,56.0,55.0,BUR,LAS,223,15.0,9.0,0,N,0,0.0,0.0,1.0,0.0,55.0
2685,2008,1,4,5,2148.0,2105,2302.0,2210,WN,2540,N310SW,74.0,65.0,44.0,52.0,43.0,BUR,LAS,223,4.0,26.0,0,N,0,0.0,4.0,9.0,0.0,39.0
2686,2008,1,4,5,1942.0,1915,2039.0,2015,WN,2550,N774SW,57.0,60.0,43.0,24.0,27.0,BUR,LAS,223,4.0,10.0,0,N,0,3.0,0.0,0.0,0.0,21.0
2688,2008,1,4,5,1443.0,1425,1602.0,1535,WN,10,N693SW,79.0,70.0,59.0,27.0,18.0,BUR,OAK,325,5.0,15.0,0,N,0,11.0,0.0,9.0,0.0,7.0
2689,2008,1,4,5,2200.0,2140,2318.0,2250,WN,219,N238WN,78.0,70.0,55.0,28.0,20.0,BUR,OAK,325,5.0,18.0,0,N,0,0.0,0.0,8.0,0.0,20.0
2690,2008,1,4,5,1956.0,1930,2108.0,2045,WN,391,N484WN,72.0,75.0,56.0,23.0,26.0,BUR,OAK,325,6.0,10.0,0,N,0,0.0,0.0,0.0,0.0,23.0
2692,2008,1,4,5,816.0,810,946.0,925,WN,670,N683SW,90.0,75.0,77.0,21.0,6.0,BUR,OAK,325,5.0,8.0,0,N,0,6.0,0.0,15.0,0.0,0.0
2693,2008,1,4,5,1354.0,1125,1519.0,1235,WN,682,N729SW,85.0,70.0,59.0,164.0,149.0,BUR,OAK,325,13.0,13.0,0,N,0,0.0,81.0,15.0,0.0,68.0
2694,2008,1,4,5,1501.0,1355,1637.0,1505,WN,850,N639SW,96.0,70.0,57.0,92.0,66.0,BUR,OAK,325,22.0,17.0,0,N,0,0.0,0.0,36.0,0.0,56.0
2696,2008,1,4,5,1714.0,1520,1827.0,1635,WN,1132,N346SW,73.0,75.0,55.0,112.0,114.0,BUR,OAK,325,6.0,12.0,0,N,0,0.0,0.0,0.0,0.0,112.0
2697,2008,1,4,5,2106.0,2030,2214.0,2140,WN,1246,N613SW,68.0,70.0,55.0,34.0,36.0,BUR,OAK,325,4.0,9.0,0,N,0,0.0,0.0,0.0,0.0,34.0
2698,2008,1,4,5,1751.0,1720,1907.0,1835,WN,1339,N447WN,76.0,75.0,60.0,32.0,31.0,BUR,OAK,325,7.0,9.0,0,N,0,0.0,0.0,1.0,0.0,31.0
2699,2008,1,4,5,1710.0,1650,1830.0,1805,WN,1398,N658SW,80.0,75.0,54.0,25.0,20.0,BUR,OAK,325,5.0,21.0,0,N,0,0.0,0.0,5.0,0.0,20.0
2700,2008,1,4,5,1910.0,1900,2036.0,2015,WN,1587,N740SW,86.0,75.0,55.0,21.0,10.0,BUR,OAK,325,21.0,10.0,0,N,0,1.0,0.0,11.0,0.0,9.0
2701,2008,1,4,5,1817.0,1750,1938.0,1905,WN,2182,N477WN,81.0,75.0,57.0,33.0,27.0,BUR,OAK,325,12.0,12.0,0,N,0,0.0,0.0,6.0,0.0,27.0
2706,2008,1,4,5,2126.0,2115,2350.0,2330,WN,325,N236WN,84.0,75.0,52.0,20.0,11.0,BUR,PHX,369,19.0,13.0,0,N,0,0.0,0.0,9.0,0.0,11.0
2707,2008,1,4,5,2108.0,2020,2326.0,2240,WN,444,N690SW,78.0,80.0,64.0,46.0,48.0,BUR,PHX,369,5.0,9.0,0,N,0,0.0,0.0,0.0,0.0,46.0
2708,2008,1,4,5,1650.0,1610,1906.0,1835,WN,481,N779SW,76.0,85.0,61.0,31.0,40.0,BUR,PHX,369,6.0,9.0,0,N,0,0.0,4.0,0.0,0.0,27.0
2709,2008,1,4,5,1343.0,1300,1600.0,1525,WN,891,N213WN,77.0,85.0,62.0,35.0,43.0,BUR,PHX,369,3.0,12.0,0,N,0,10.0,0.0,0.0,0.0,25.0
2710,2008,1,4,5,954.0,945,1219.0,1210,WN,940,N362SW,85.0,85.0,67.0,9.0,9.0,BUR,PHX,369,5.0,13.0,0,N,0,,,,,
2711,2008,1,4,5,1851.0,1830,2110.0,2055,WN,980,N282WN,79.0,85.0,63.0,15.0,21.0,BUR,PHX,369,6.0,10.0,0,N,0,0.0,4.0,0.0,0.0,11.0
2713,2008,1,4,5,1450.0,1345,1701.0,1605,WN,2614,N368SW,71.0,80.0,55.0,56.0,65.0,BUR,PHX,369,6.0,10.0,0,N,0,40.0,0.0,0.0,0.0,16.0
2714,2008,1,4,5,800.0,700,1014.0,925,WN,2787,N601WN,74.0,85.0,63.0,49.0,60.0,BUR,PHX,369,6.0,5.0,0,N,0,49.0,0.0,0.0,0.0,0.0
2715,2008,1,4,5,1939.0,1915,2042.0,2020,WN,921,N254WN,63.0,65.0,51.0,22.0,24.0,BUR,SJC,296,4.0,8.0,0,N,0,7.0,0.0,0.0,0.0,15.0
2716,2008,1,4,5,2013.0,1830,2125.0,1935,WN,1306,N346SW,72.0,65.0,57.0,110.0,103.0,BUR,SJC,296,9.0,6.0,0,N,0,0.0,0.0,7.0,0.0,103.0
2717,2008,1,4,5,1540.0,1520,1639.0,1625,WN,1328,N695SW,59.0,65.0,49.0,14.0,20.0,BUR,SJC,296,3.0,7.0,0,N,0,,,,,
2719,2008,1,4,5,2133.0,2055,2237.0,2200,WN,2871,N249WN,64.0,65.0,49.0,37.0,38.0,BUR,SJC,296,5.0,10.0,0,N,0,0.0,0.0,0.0,0.0,37.0
2720,2008,1,4,5,1428.0,1345,1531.0,1450,WN,2874,N601WN,63.0,65.0,51.0,41.0,43.0,BUR,SJC,296,3.0,9.0,0,N,0,1.0,0.0,0.0,0.0,40.0
2721,2008,1,4,5,1630.0,1615,1743.0,1720,WN,3237,N756SA,73.0,65.0,54.0,23.0,15.0,BUR,SJC,296,8.0,11.0,0,N,0,0.0,0.0,8.0,0.0,15.0
2722,2008,1,4,5,1254.0,1040,1417.0,1145,WN,3426,N348SW,83.0,65.0,70.0,152.0,134.0,BUR,SJC,296,4.0,9.0,0,N,0,0.0,0.0,18.0,0.0,134.0
2725,2008,1,4,5,2025.0,1940,2135.0,2055,WN,148,N411WN,70.0,75.0,59.0,40.0,45.0,BUR,SMF,358,4.0,7.0,0,N,0,0.0,4.0,0.0,0.0,36.0
2726,2008,1,4,5,737.0,705,,825,WN,178,N718SW,,80.0,,,32.0,BUR,SMF,358,,13.0,0,N,1,,,,,
2727,2008,1,4,5,2116.0,2055,2241.0,2210,WN,333,N705SW,85.0,75.0,63.0,31.0,21.0,BUR,SMF,358,5.0,17.0,0,N,0,0.0,0.0,10.0,0.0,21.0
2728,2008,1,4,5,1651.0,1630,1809.0,1745,WN,734,N366SW,78.0,75.0,58.0,24.0,21.0,BUR,SMF,358,3.0,17.0,0,N,0,0.0,0.0,3.0,0.0,21.0
2729,2008,1,4,5,1214.0,1145,1359.0,1300,WN,957,N504SW,105.0,75.0,63.0,59.0,29.0,BUR,SMF,358,27.0,15.0,0,N,0,0.0,5.0,30.0,0.0,24.0
2731,2008,1,4,5,1353.0,1215,1510.0,1330,WN,1586,N346SW,77.0,75.0,60.0,100.0,98.0,BUR,SMF,358,4.0,13.0,0,N,0,0.0,78.0,2.0,0.0,20.0
2732,2008,1,4,5,1841.0,1800,1954.0,1915,WN,2284,N222WN,73.0,75.0,58.0,39.0,41.0,BUR,SMF,358,5.0,10.0,0,N,0,3.0,0.0,0.0,0.0,36.0
2733,2008,1,4,5,1533.0,1435,1645.0,1550,WN,2370,N427WN,72.0,75.0,57.0,55.0,58.0,BUR,SMF,358,5.0,10.0,0,N,0,4.0,0.0,0.0,0.0,51.0
2734,2008,1,4,5,1202.0,1040,1351.0,1155,WN,2699,N227WN,109.0,75.0,75.0,116.0,82.0,BUR,SMF,358,21.0,13.0,0,N,0,0.0,72.0,34.0,0.0,10.0
2739,2008,1,4,5,836.0,830,943.0,940,WN,922,N650SW,67.0,70.0,55.0,3.0,6.0,BWI,ALB,288,2.0,10.0,0,N,0,,,,,
2740,2008,1,4,5,1652.0,1645,1755.0,1755,WN,1774,N783SW,63.0,70.0,51.0,0.0,7.0,BWI,ALB,288,5.0,7.0,0,N,0,,,,,
2742,2008,1,4,5,1035.0,1025,1143.0,1135,WN,3569,N276WN,68.0,70.0,53.0,8.0,10.0,BWI,ALB,288,5.0,10.0,0,N,0,,,,,
2749,2008,1,4,5,2136.0,2125,2236.0,2230,WN,1686,N792SW,60.0,65.0,48.0,6.0,11.0,BWI,BDL,283,4.0,8.0,0,N,0,,,,,
2753,2008,1,4,5,1751.0,1740,1856.0,1845,WN,3320,N678AA,65.0,65.0,49.0,11.0,11.0,BWI,BDL,283,4.0,12.0,0,N,0,,,,,
2755,2008,1,4,5,1828.0,1805,1917.0,1915,WN,623,N757LV,109.0,130.0,97.0,2.0,23.0,BWI,BHM,682,3.0,9.0,0,N,0,,,,,
2756,2008,1,4,5,1317.0,1310,1401.0,1420,WN,1857,N280WN,104.0,130.0,95.0,-19.0,7.0,BWI,BHM,682,2.0,7.0,0,N,0,,,,,
2758,2008,1,4,5,710.0,630,757.0,730,WN,92,N796SW,107.0,120.0,86.0,27.0,40.0,BWI,BNA,588,4.0,17.0,0,N,0,27.0,0.0,0.0,0.0,0.0
2759,2008,1,4,5,1402.0,1355,1441.0,1455,WN,145,N236WN,99.0,120.0,87.0,-14.0,7.0,BWI,BNA,588,4.0,8.0,0,N,0,,,,,
2766,2008,1,4,5,947.0,925,1051.0,1030,WN,127,N434WN,64.0,65.0,53.0,21.0,22.0,BWI,BUF,281,2.0,9.0,0,N,0,0.0,0.0,6.0,0.0,15.0
2767,2008,1,4,5,705.0,650,805.0,755,WN,134,N751SW,60.0,65.0,49.0,10.0,15.0,BWI,BUF,281,3.0,8.0,0,N,0,,,,,
2768,2008,1,4,5,1156.0,1145,1255.0,1250,WN,903,N902WN,59.0,65.0,49.0,5.0,11.0,BWI,BUF,281,3.0,7.0,0,N,0,,,,,
2770,2008,1,4,5,2129.0,2115,2230.0,2220,WN,1830,N390SW,61.0,65.0,48.0,10.0,14.0,BWI,BUF,281,5.0,8.0,0,N,0,,,,,
2772,2008,1,4,5,1403.0,1355,1503.0,1500,WN,3489,N379SW,60.0,65.0,50.0,3.0,8.0,BWI,BUF,281,2.0,8.0,0,N,0,,,,,
2782,2008,1,4,5,716.0,710,920.0,920,WN,1049,N232WN,244.0,250.0,224.0,0.0,6.0,BWI,DEN,1491,6.0,14.0,0,N,0,,,,,
2783,2008,1,4,5,1220.0,1210,1410.0,1420,WN,2707,N717SA,230.0,250.0,216.0,-10.0,10.0,BWI,DEN,1491,6.0,8.0,0,N,0,,,,,
2784,2008,1,4,5,1857.0,1815,2051.0,2025,WN,3331,N450WN,234.0,250.0,217.0,26.0,42.0,BWI,DEN,1491,8.0,9.0,0,N,0,13.0,0.0,0.0,0.0,13.0
2787,2008,1,4,5,1137.0,1120,1258.0,1300,WN,3049,N694SW,81.0,100.0,68.0,-2.0,17.0,BWI,DTW,408,5.0,8.0,0,N,0,,,,,
2788,2008,1,4,5,1524.0,1510,1643.0,1650,WN,3691,N432WN,79.0,100.0,66.0,-7.0,14.0,BWI,DTW,408,3.0,10.0,0,N,0,,,,,
2792,2008,1,4,5,2027.0,2010,2241.0,2250,WN,3486,N340LV,134.0,160.0,123.0,-9.0,17.0,BWI,FLL,925,3.0,8.0,0,N,0,,,,,
2796,2008,1,4,5,1207.0,1200,1415.0,1440,WN,2436,N387SW,188.0,220.0,174.0,-25.0,7.0,BWI,HOU,1246,3.0,11.0,0,N,0,,,,,
2797,2008,1,4,5,1701.0,1635,1919.0,1920,WN,2795,N604SW,198.0,225.0,183.0,-1.0,26.0,BWI,HOU,1246,3.0,12.0,0,N,0,,,,,
2799,2008,1,4,5,839.0,820,1019.0,1010,WN,535,N761RR,100.0,110.0,82.0,9.0,19.0,BWI,IND,515,5.0,13.0,0,N,0,,,,,
2801,2008,1,4,5,1221.0,1205,1317.0,1305,WN,432,N622SW,56.0,60.0,44.0,12.0,16.0,BWI,ISP,220,3.0,9.0,0,N,0,,,,,
2804,2008,1,4,5,706.0,700,807.0,800,WN,1571,N784SW,61.0,60.0,41.0,7.0,6.0,BWI,ISP,220,3.0,17.0,0,N,0,,,,,
2805,2008,1,4,5,2022.0,1955,2113.0,2055,WN,1678,N900WN,51.0,60.0,40.0,18.0,27.0,BWI,ISP,220,3.0,8.0,0,N,0,0.0,0.0,0.0,0.0,18.0
2808,2008,1,4,5,945.0,935,1100.0,1120,WN,2124,N312SW,135.0,165.0,124.0,-20.0,10.0,BWI,JAN,888,3.0,8.0,0,N,0,,,,,
2809,2008,1,4,5,1747.0,1740,1905.0,1925,WN,3154,N202WN,138.0,165.0,122.0,-20.0,7.0,BWI,JAN,888,3.0,13.0,0,N,0,,,,,
2810,2008,1,4,5,1512.0,1505,1705.0,1710,WN,54,N622SW,113.0,125.0,95.0,-5.0,7.0,BWI,JAX,663,7.0,11.0,0,N,0,,,,,
2815,2008,1,4,5,908.0,855,1128.0,1125,WN,1928,N401WN,320.0,330.0,298.0,3.0,13.0,BWI,LAS,2106,4.0,18.0,0,N,0,,,,,
2818,2008,1,4,5,1900.0,1845,2041.0,2040,WN,3239,N462WN,161.0,175.0,145.0,1.0,15.0,BWI,MCI,967,5.0,11.0,0,N,0,,,,,
2820,2008,1,4,5,713.0,700,925.0,925,WN,69,N748SW,132.0,145.0,111.0,0.0,13.0,BWI,MCO,787,6.0,15.0,0,N,0,,,,,
2821,2008,1,4,5,1933.0,1925,2140.0,2145,WN,168,N634SW,127.0,140.0,109.0,-5.0,8.0,BWI,MCO,787,6.0,12.0,0,N,0,,,,,
2822,2008,1,4,5,1012.0,955,1221.0,1220,WN,171,N751SW,129.0,145.0,115.0,1.0,17.0,BWI,MCO,787,6.0,8.0,0,N,0,,,,,
2836,2008,1,4,5,629.0,620,725.0,730,WN,2702,N762SW,116.0,130.0,98.0,-5.0,9.0,BWI,MDW,611,5.0,13.0,0,N,0,,,,,
2841,2008,1,4,5,836.0,825,958.0,940,WN,726,N350SW,82.0,75.0,63.0,18.0,11.0,BWI,MHT,377,5.0,14.0,0,N,0,0.0,0.0,7.0,0.0,11.0
2842,2008,1,4,5,1012.0,950,1125.0,1105,WN,889,N789SW,73.0,75.0,62.0,20.0,22.0,BWI,MHT,377,5.0,6.0,0,N,0,2.0,0.0,0.0,0.0,18.0
2845,2008,1,4,5,1622.0,1610,1733.0,1725,WN,2801,N301SW,71.0,75.0,61.0,8.0,12.0,BWI,MHT,377,2.0,8.0,0,N,0,,,,,
2846,2008,1,4,5,1136.0,1125,1246.0,1240,WN,3604,N432WN,70.0,75.0,59.0,6.0,11.0,BWI,MHT,377,3.0,8.0,0,N,0,,,,,
2848,2008,1,4,5,1001.0,940,1126.0,1135,WN,2101,N272WN,145.0,175.0,135.0,-9.0,21.0,BWI,MSY,998,2.0,8.0,0,N,0,,,,,
2849,2008,1,4,5,1655.0,1630,1900.0,1905,WN,2553,N308SA,185.0,215.0,172.0,-5.0,25.0,BWI,OKC,1180,3.0,10.0,0,N,0,,,,,
2850,2008,1,4,5,1223.0,1205,1307.0,1255,WN,48,N656SW,44.0,50.0,32.0,12.0,18.0,BWI,ORF,159,3.0,9.0,0,N,0,,,,,
2851,2008,1,4,5,2031.0,2015,2114.0,2105,WN,879,N468WN,43.0,50.0,33.0,9.0,16.0,BWI,ORF,159,3.0,7.0,0,N,0,,,,,
2852,2008,1,4,5,816.0,800,859.0,850,WN,1134,N290WN,43.0,50.0,33.0,9.0,16.0,BWI,ORF,159,3.0,7.0,0,N,0,,,,,
2853,2008,1,4,5,1747.0,1715,1832.0,1805,WN,1828,N661SW,45.0,50.0,30.0,27.0,32.0,BWI,ORF,159,4.0,11.0,0,N,0,0.0,0.0,0.0,0.0,27.0
2856,2008,1,4,5,1209.0,1150,1434.0,1425,WN,733,N650SW,145.0,155.0,126.0,9.0,19.0,BWI,PBI,883,4.0,15.0,0,N,0,,,,,
2859,2008,1,4,5,1757.0,1735,2047.0,2055,WN,489,N225WN,290.0,320.0,276.0,-8.0,22.0,BWI,PHX,1999,5.0,9.0,0,N,0,,,,,
2860,2008,1,4,5,1409.0,1355,1710.0,1710,WN,2359,N243WN,301.0,315.0,286.0,0.0,14.0,BWI,PHX,1999,6.0,9.0,0,N,0,,,,,
2861,2008,1,4,5,1124.0,1115,1427.0,1425,WN,2442,N256WN,303.0,310.0,285.0,2.0,9.0,BWI,PHX,1999,6.0,12.0,0,N,0,,,,,
2862,2008,1,4,5,633.0,625,943.0,940,WN,3572,N477WN,310.0,315.0,292.0,3.0,8.0,BWI,PHX,1999,5.0,13.0,0,N,0,,,,,
2864,2008,1,4,5,1905.0,1850,1959.0,1950,WN,3505,N739GB,54.0,60.0,38.0,9.0,15.0,BWI,PIT,210,6.0,10.0,0,N,0,,,,,
2866,2008,1,4,5,1108.0,1100,1214.0,1205,WN,99,N414WN,66.0,65.0,52.0,9.0,8.0,BWI,PVD,328,5.0,9.0,0,N,0,,,,,
2869,2008,1,4,5,1955.0,1855,2101.0,2005,WN,394,N400WN,66.0,70.0,52.0,56.0,60.0,BWI,PVD,328,5.0,9.0,0,N,0,0.0,0.0,0.0,0.0,56.0
2871,2008,1,4,5,2147.0,2040,2252.0,2145,WN,505,N223WN,65.0,65.0,53.0,67.0,67.0,BWI,PVD,328,6.0,6.0,0,N,0,4.0,0.0,0.0,0.0,63.0
2876,2008,1,4,5,1334.0,1325,1442.0,1430,WN,2621,N604SW,68.0,65.0,53.0,12.0,9.0,BWI,PVD,328,5.0,10.0,0,N,0,,,,,
2878,2008,1,4,5,1516.0,1510,1614.0,1615,WN,182,N313SW,58.0,65.0,43.0,-1.0,6.0,BWI,RDU,255,4.0,11.0,0,N,0,,,,,
2880,2008,1,4,5,2134.0,2110,2231.0,2215,WN,1154,N648SW,57.0,65.0,43.0,16.0,24.0,BWI,RDU,255,6.0,8.0,0,N,0,16.0,0.0,0.0,0.0,0.0
2881,2008,1,4,5,1203.0,1125,1301.0,1230,WN,1414,N689SW,58.0,65.0,44.0,31.0,38.0,BWI,RDU,255,3.0,11.0,0,N,0,1.0,0.0,0.0,0.0,30.0
2882,2008,1,4,5,1708.0,1700,1805.0,1805,WN,3046,N624SW,57.0,65.0,43.0,0.0,8.0,BWI,RDU,255,5.0,9.0,0,N,0,,,,,
2885,2008,1,4,5,1521.0,1510,1741.0,1800,WN,1743,N390SW,140.0,170.0,128.0,-19.0,11.0,BWI,RSW,919,3.0,9.0,0,N,0,,,,,
2886,2008,1,4,5,1847.0,1840,2118.0,2130,WN,1320,N429WN,331.0,350.0,320.0,-12.0,7.0,BWI,SAN,2295,4.0,7.0,0,N,0,,,,,
2887,2008,1,4,5,859.0,845,1149.0,1135,WN,3679,N495WN,350.0,350.0,331.0,14.0,14.0,BWI,SAN,2295,2.0,17.0,0,N,0,,,,,
2888,2008,1,4,5,1545.0,1535,1812.0,1835,WN,572,N713SW,207.0,240.0,196.0,-23.0,10.0,BWI,SAT,1407,2.0,9.0,0,N,0,,,,,
2889,2008,1,4,5,1108.0,1055,1342.0,1400,WN,2266,N674AA,214.0,245.0,202.0,-18.0,13.0,BWI,SAT,1407,2.0,10.0,0,N,0,,,,,
2895,2008,1,4,5,900.0,840,1159.0,1140,WN,3141,N204WN,299.0,300.0,288.0,19.0,20.0,BWI,SLC,1864,2.0,9.0,0,N,0,19.0,0.0,0.0,0.0,0.0
2898,2008,1,4,5,1935.0,1915,2047.0,2040,WN,1062,N606SW,132.0,145.0,117.0,7.0,20.0,BWI,STL,737,3.0,12.0,0,N,0,,,,,
2900,2008,1,4,5,636.0,630,749.0,750,WN,2527,N368SW,133.0,140.0,115.0,-1.0,6.0,BWI,STL,737,4.0,14.0,0,N,0,,,,,
2902,2008,1,4,5,1312.0,1250,1533.0,1520,WN,503,N354SW,141.0,150.0,118.0,13.0,22.0,BWI,TPA,842,5.0,18.0,0,N,0,,,,,
2904,2008,1,4,5,2122.0,2100,2328.0,2330,WN,2210,N660SW,126.0,150.0,115.0,-2.0,22.0,BWI,TPA,842,4.0,7.0,0,N,0,,,,,
2905,2008,1,4,5,811.0,800,1023.0,1030,WN,2872,N624SW,132.0,150.0,119.0,-7.0,11.0,BWI,TPA,842,3.0,10.0,0,N,0,,,,,
2909,2008,1,4,5,1657.0,1650,1722.0,1725,WN,1576,N341SW,85.0,95.0,73.0,-3.0,7.0,CLE,BNA,448,4.0,8.0,0,N,0,,,,,
2915,2008,1,4,5,1107.0,1050,1323.0,1330,WN,387,N278WN,136.0,160.0,121.0,-7.0,17.0,CLE,MCO,895,7.0,8.0,0,N,0,,,,,
2918,2008,1,4,5,1910.0,1855,1916.0,1915,WN,313,N287WN,66.0,80.0,52.0,1.0,15.0,CLE,MDW,307,4.0,10.0,0,N,0,,,,,
2922,2008,1,4,5,852.0,830,902.0,850,WN,2630,N765SW,70.0,80.0,55.0,12.0,22.0,CLE,MDW,307,8.0,7.0,0,N,0,,,,,
2925,2008,1,4,5,1407.0,1400,1437.0,1440,WN,2453,N305SW,90.0,100.0,78.0,-3.0,7.0,CLE,STL,487,3.0,9.0,0,N,0,,,,,
2928,2008,1,4,5,732.0,725,836.0,835,WN,143,N425LV,64.0,70.0,55.0,1.0,7.0,CMH,BWI,336,2.0,7.0,0,N,0,,,,,
2932,2008,1,4,5,2013.0,2000,2117.0,2110,WN,2474,N437WN,64.0,70.0,51.0,7.0,13.0,CMH,BWI,336,4.0,9.0,0,N,0,,,,,
2934,2008,1,4,5,726.0,715,856.0,850,WN,3834,N440LV,270.0,275.0,254.0,6.0,11.0,CMH,LAS,1772,4.0,12.0,0,N,0,,,,,
2937,2008,1,4,5,1611.0,1605,1803.0,1820,WN,2107,N228WN,112.0,135.0,103.0,-17.0,6.0,CMH,MCO,802,3.0,6.0,0,N,0,,,,,
2939,2008,1,4,5,848.0,840,847.0,850,WN,151,N426WN,59.0,70.0,48.0,-3.0,8.0,CMH,MDW,284,4.0,7.0,0,N,0,,,,,
2941,2008,1,4,5,753.0,745,759.0,755,WN,319,N262WN,66.0,70.0,50.0,4.0,8.0,CMH,MDW,284,6.0,10.0,0,N,0,,,,,
2942,2008,1,4,5,1939.0,1920,1947.0,1930,WN,556,N210WN,68.0,70.0,52.0,17.0,19.0,CMH,MDW,284,6.0,10.0,0,N,0,0.0,0.0,0.0,0.0,17.0
2943,2008,1,4,5,2058.0,2035,2101.0,2040,WN,1143,N724SW,63.0,65.0,51.0,21.0,23.0,CMH,MDW,284,6.0,6.0,0,N,0,21.0,0.0,0.0,0.0,0.0
2959,2008,1,4,5,1751.0,1740,1853.0,1830,WN,52,N511SW,62.0,50.0,36.0,23.0,11.0,CRP,HOU,187,2.0,24.0,0,N,0,0.0,0.0,16.0,0.0,7.0
2962,2008,1,4,5,1051.0,1045,1138.0,1135,WN,467,N310SW,107.0,110.0,94.0,3.0,6.0,DAL,ABQ,580,4.0,9.0,0,N,0,,,,,
2963,2008,1,4,5,1855.0,1700,1938.0,1750,WN,574,N286WN,103.0,110.0,90.0,108.0,115.0,DAL,ABQ,580,6.0,7.0,0,N,0,4.0,0.0,0.0,0.0,104.0
2965,2008,1,4,5,1410.0,1350,1451.0,1440,WN,1135,N675AA,101.0,110.0,92.0,11.0,20.0,DAL,ABQ,580,3.0,6.0,0,N,0,,,,,
2967,2008,1,4,5,1811.0,1800,1855.0,1850,WN,2010,N720WN,104.0,110.0,92.0,5.0,11.0,DAL,ABQ,580,5.0,7.0,0,N,0,,,,,
2968,2008,1,4,5,1941.0,1855,2028.0,1945,WN,2027,N382SW,107.0,110.0,94.0,43.0,46.0,DAL,ABQ,580,6.0,7.0,0,N,0,20.0,0.0,0.0,0.0,23.0
2971,2008,1,4,5,1552.0,1410,1702.0,1520,WN,510,N795SW,70.0,70.0,55.0,102.0,102.0,DAL,AMA,324,5.0,10.0,0,N,0,3.0,0.0,0.0,0.0,99.0
2984,2008,1,4,5,1950.0,1935,2041.0,2025,WN,1312,N527SW,51.0,50.0,37.0,16.0,15.0,DAL,AUS,189,4.0,10.0,0,N,0,15.0,0.0,1.0,0.0,0.0
2986,2008,1,4,5,1842.0,1810,1929.0,1900,WN,1760,N370SW,47.0,50.0,33.0,29.0,32.0,DAL,AUS,189,5.0,9.0,0,N,0,0.0,0.0,0.0,0.0,29.0
2989,2008,1,4,5,2032.0,2005,2118.0,2055,WN,2969,N360SW,46.0,50.0,33.0,23.0,27.0,DAL,AUS,189,4.0,9.0,0,N,0,3.0,0.0,0.0,0.0,20.0
2993,2008,1,4,5,1747.0,1650,1909.0,1830,WN,2382,N485WN,82.0,100.0,72.0,39.0,57.0,DAL,BHM,587,2.0,8.0,0,N,0,1.0,0.0,0.0,0.0,38.0
2995,2008,1,4,5,2030.0,1950,2112.0,2035,WN,50,N521SW,102.0,105.0,92.0,37.0,40.0,DAL,ELP,562,3.0,7.0,0,N,0,0.0,0.0,0.0,0.0,37.0
3001,2008,1,4,5,737.0,730,837.0,830,WN,3,N399WN,60.0,60.0,50.0,7.0,7.0,DAL,HOU,239,2.0,8.0,0,N,0,,,,,
3009,2008,1,4,5,1210.0,1200,1302.0,1300,WN,23,N653SW,52.0,60.0,43.0,2.0,10.0,DAL,HOU,239,3.0,6.0,0,N,0,,,,,
3012,2008,1,4,5,1338.0,1330,1440.0,1430,WN,29,N712SW,62.0,60.0,48.0,10.0,8.0,DAL,HOU,239,2.0,12.0,0,N,0,,,,,
3013,2008,1,4,5,1414.0,1400,1507.0,1500,WN,31,N750SA,53.0,60.0,44.0,7.0,14.0,DAL,HOU,239,3.0,6.0,0,N,0,,,,,
3014,2008,1,4,5,1506.0,1430,1607.0,1530,WN,33,N521SW,61.0,60.0,44.0,37.0,36.0,DAL,HOU,239,3.0,14.0,0,N,0,0.0,0.0,1.0,0.0,36.0
3018,2008,1,4,5,1637.0,1630,1733.0,1730,WN,41,N769SW,56.0,60.0,44.0,3.0,7.0,DAL,HOU,239,2.0,10.0,0,N,0,,,,,
3019,2008,1,4,5,1712.0,1700,1806.0,1800,WN,43,N673AA,54.0,60.0,43.0,6.0,12.0,DAL,HOU,239,3.0,8.0,0,N,0,,,,,
3020,2008,1,4,5,1741.0,1730,1838.0,1830,WN,45,N306SW,57.0,60.0,47.0,8.0,11.0,DAL,HOU,239,3.0,7.0,0,N,0,,,,,
3021,2008,1,4,5,1815.0,1800,1910.0,1900,WN,47,N457WN,55.0,60.0,43.0,10.0,15.0,DAL,HOU,239,3.0,9.0,0,N,0,,,,,
3022,2008,1,4,5,1856.0,1830,1955.0,1930,WN,49,N647SW,59.0,60.0,42.0,25.0,26.0,DAL,HOU,239,2.0,15.0,0,N,0,8.0,0.0,0.0,0.0,17.0
3023,2008,1,4,5,1942.0,1900,2039.0,2000,WN,51,N744SW,57.0,60.0,47.0,39.0,42.0,DAL,HOU,239,3.0,7.0,0,N,0,0.0,0.0,0.0,0.0,39.0
3027,2008,1,4,5,2124.0,2100,2218.0,2200,WN,59,N520SW,54.0,60.0,45.0,18.0,24.0,DAL,HOU,239,3.0,6.0,0,N,0,0.0,0.0,0.0,0.0,18.0
3034,2008,1,4,5,1852.0,1845,1952.0,1950,WN,46,N734SA,60.0,65.0,52.0,2.0,7.0,DAL,LBB,293,2.0,6.0,0,N,0,,,,,
3038,2008,1,4,5,922.0,915,1023.0,1015,WN,8,N515SW,61.0,60.0,48.0,8.0,7.0,DAL,LIT,296,5.0,8.0,0,N,0,,,,,
3040,2008,1,4,5,2135.0,2115,2228.0,2215,WN,56,N502SW,53.0,60.0,43.0,13.0,20.0,DAL,LIT,296,3.0,7.0,0,N,0,,,,,
3041,2008,1,4,5,1932.0,1925,2027.0,2025,WN,397,N476WN,55.0,60.0,41.0,2.0,7.0,DAL,LIT,296,3.0,11.0,0,N,0,,,,,
3042,2008,1,4,5,1439.0,1430,1536.0,1530,WN,438,N634SW,57.0,60.0,45.0,6.0,9.0,DAL,LIT,296,4.0,8.0,0,N,0,,,,,
3043,2008,1,4,5,1705.0,1655,1802.0,1755,WN,3168,N329SW,57.0,60.0,44.0,7.0,10.0,DAL,LIT,296,4.0,9.0,0,N,0,,,,,
3047,2008,1,4,5,1339.0,1315,1448.0,1425,WN,24,N519SW,69.0,70.0,55.0,23.0,24.0,DAL,MAF,319,2.0,12.0,0,N,0,13.0,0.0,0.0,0.0,10.0
3048,2008,1,4,5,1830.0,1820,1935.0,1930,WN,44,N525SW,65.0,70.0,54.0,5.0,10.0,DAL,MAF,319,4.0,7.0,0,N,0,,,,,
3049,2008,1,4,5,1702.0,1555,1811.0,1705,WN,317,N629SW,69.0,70.0,56.0,66.0,67.0,DAL,MAF,319,3.0,10.0,0,N,0,5.0,0.0,0.0,0.0,61.0
3052,2008,1,4,5,1404.0,1350,1522.0,1515,WN,26,N357SW,78.0,85.0,68.0,7.0,14.0,DAL,MCI,461,3.0,7.0,0,N,0,,,,,
3053,2008,1,4,5,1947.0,1915,2106.0,2040,WN,48,N656SW,79.0,85.0,68.0,26.0,32.0,DAL,MCI,461,5.0,6.0,0,N,0,8.0,0.0,0.0,0.0,18.0
3055,2008,1,4,5,1638.0,1615,1804.0,1740,WN,154,N376SW,86.0,85.0,72.0,24.0,23.0,DAL,MCI,461,4.0,10.0,0,N,0,3.0,0.0,1.0,0.0,20.0
3058,2008,1,4,5,659.0,650,808.0,805,WN,432,N622SW,69.0,75.0,59.0,3.0,9.0,DAL,MSY,437,3.0,7.0,0,N,0,,,,,
3059,2008,1,4,5,2039.0,2015,2147.0,2130,WN,688,N511SW,68.0,75.0,57.0,17.0,24.0,DAL,MSY,437,3.0,8.0,0,N,0,3.0,0.0,0.0,0.0,14.0
3060,2008,1,4,5,1225.0,1215,1333.0,1330,WN,1170,N336SW,68.0,75.0,58.0,3.0,10.0,DAL,MSY,437,3.0,7.0,0,N,0,,,,,
3062,2008,1,4,5,1859.0,1835,2017.0,1950,WN,2624,N683SW,78.0,75.0,60.0,27.0,24.0,DAL,MSY,437,3.0,15.0,0,N,0,0.0,0.0,3.0,0.0,24.0
3065,2008,1,4,5,1517.0,1510,1603.0,1600,WN,303,N626SW,46.0,50.0,36.0,3.0,7.0,DAL,OKC,181,3.0,7.0,0,N,0,,,,,
3069,2008,1,4,5,1947.0,1935,2042.0,2035,WN,426,N321SW,55.0,60.0,44.0,7.0,12.0,DAL,SAT,248,3.0,8.0,0,N,0,,,,,
3071,2008,1,4,5,1813.0,1755,1911.0,1855,WN,1166,N395SW,58.0,60.0,46.0,16.0,18.0,DAL,SAT,248,3.0,9.0,0,N,0,1.0,0.0,0.0,0.0,15.0
3074,2008,1,4,5,1532.0,1520,1627.0,1620,WN,1679,N206WN,55.0,60.0,43.0,7.0,12.0,DAL,SAT,248,2.0,10.0,0,N,0,,,,,
3075,2008,1,4,5,1733.0,1700,1825.0,1800,WN,1936,N791SW,52.0,60.0,42.0,25.0,33.0,DAL,SAT,248,3.0,7.0,0,N,0,24.0,0.0,0.0,0.0,1.0
3078,2008,1,4,5,2107.0,2040,2201.0,2140,WN,2553,N614SW,54.0,60.0,42.0,21.0,27.0,DAL,SAT,248,3.0,9.0,0,N,0,21.0,0.0,0.0,0.0,0.0
3085,2008,1,4,5,1808.0,1800,1932.0,1935,WN,141,N685SW,84.0,95.0,74.0,-3.0,8.0,DAL,STL,546,3.0,7.0,0,N,0,,,,,
3088,2008,1,4,5,2102.0,1905,2225.0,2040,WN,1156,N469WN,83.0,95.0,70.0,105.0,117.0,DAL,STL,546,2.0,11.0,0,N,0,0.0,0.0,0.0,0.0,105.0
3090,2008,1,4,5,1331.0,1325,1502.0,1500,WN,3949,N605SW,91.0,95.0,74.0,2.0,6.0,DAL,STL,546,4.0,13.0,0,N,0,,,,,
3092,2008,1,4,5,2115.0,2105,2206.0,2200,WN,271,N525SW,51.0,55.0,39.0,6.0,10.0,DAL,TUL,237,3.0,9.0,0,N,0,,,,,
3098,2008,1,4,5,1437.0,1415,1548.0,1530,WN,806,N282WN,71.0,75.0,51.0,18.0,22.0,DEN,ABQ,349,9.0,11.0,0,N,0,8.0,0.0,0.0,0.0,10.0
3103,2008,1,4,5,1358.0,1345,1652.0,1645,WN,1856,N758SW,114.0,120.0,101.0,7.0,13.0,DEN,AUS,775,5.0,8.0,0,N,0,,,,,
3104,2008,1,4,5,1614.0,1555,1926.0,1920,WN,1262,N448WN,132.0,145.0,120.0,6.0,19.0,DEN,BNA,1013,4.0,8.0,0,N,0,,,,,
3107,2008,1,4,5,1736.0,1700,2234.0,2215,WN,494,N709SW,178.0,195.0,169.0,19.0,36.0,DEN,BWI,1491,2.0,7.0,0,N,0,4.0,0.0,0.0,0.0,15.0
3111,2008,1,4,5,2041.0,1925,2343.0,2245,WN,2907,N637SW,122.0,140.0,110.0,58.0,76.0,DEN,HOU,883,2.0,10.0,0,N,0,2.0,0.0,0.0,0.0,56.0
3113,2008,1,4,5,1205.0,1155,1302.0,1255,WN,341,N699SW,117.0,120.0,94.0,7.0,10.0,DEN,LAS,629,11.0,12.0,0,N,0,,,,,
3114,2008,1,4,5,1800.0,1620,1854.0,1715,WN,510,N795SW,114.0,115.0,94.0,99.0,100.0,DEN,LAS,629,7.0,13.0,0,N,0,0.0,0.0,0.0,0.0,99.0
3117,2008,1,4,5,1901.0,1845,1954.0,1940,WN,2367,N309SW,113.0,115.0,96.0,14.0,16.0,DEN,LAS,629,4.0,13.0,0,N,0,,,,,
3118,2008,1,4,5,1443.0,1425,1534.0,1525,WN,3328,N688SW,111.0,120.0,96.0,9.0,18.0,DEN,LAS,629,5.0,10.0,0,N,0,,,,,
3121,2008,1,4,5,1904.0,1825,2136.0,2055,WN,1568,N735SA,92.0,90.0,72.0,41.0,39.0,DEN,MCI,533,5.0,15.0,0,N,0,0.0,0.0,2.0,0.0,39.0
3122,2008,1,4,5,1547.0,1535,1816.0,1805,WN,2039,N654SW,89.0,90.0,76.0,11.0,12.0,DEN,MCI,533,4.0,9.0,0,N,0,,,,,
3123,2008,1,4,5,1653.0,1635,2200.0,2200,WN,706,N799SW,187.0,205.0,173.0,0.0,18.0,DEN,MCO,1545,4.0,10.0,0,N,0,,,,,
3126,2008,1,4,5,1224.0,1130,1523.0,1445,WN,255,N388SW,119.0,135.0,110.0,38.0,54.0,DEN,MDW,895,1.0,8.0,0,N,0,8.0,0.0,0.0,0.0,30.0
3128,2008,1,4,5,2153.0,2035,57.0,2345,WN,1585,N782SA,124.0,130.0,106.0,72.0,78.0,DEN,MDW,895,6.0,12.0,0,N,0,3.0,0.0,0.0,0.0,69.0
3129,2008,1,4,5,2003.0,1745,2307.0,2100,WN,2786,N227WN,124.0,135.0,109.0,127.0,138.0,DEN,MDW,895,5.0,10.0,0,N,0,6.0,0.0,0.0,0.0,121.0
3130,2008,1,4,5,1334.0,1320,1639.0,1635,WN,3050,N417WN,125.0,135.0,112.0,4.0,14.0,DEN,MDW,895,4.0,9.0,0,N,0,,,,,
3132,2008,1,4,5,1523.0,1505,1711.0,1655,WN,689,N443WN,168.0,170.0,150.0,16.0,18.0,DEN,OAK,957,7.0,11.0,0,N,0,11.0,0.0,0.0,0.0,5.0
3133,2008,1,4,5,955.0,945,1143.0,1135,WN,1049,N232WN,168.0,170.0,153.0,8.0,10.0,DEN,OAK,957,3.0,12.0,0,N,0,,,,,
3134,2008,1,4,5,1814.0,1805,2035.0,1955,WN,1063,N789SW,201.0,170.0,154.0,40.0,9.0,DEN,OAK,957,28.0,19.0,0,N,0,3.0,0.0,31.0,0.0,6.0
3137,2008,1,4,5,1438.0,1405,1703.0,1630,WN,1760,N370SW,85.0,85.0,71.0,33.0,33.0,DEN,OKC,495,3.0,11.0,0,N,0,13.0,0.0,0.0,0.0,20.0
3138,2008,1,4,5,1200.0,1140,1348.0,1335,WN,123,N752SW,108.0,115.0,95.0,13.0,20.0,DEN,PHX,602,5.0,8.0,0,N,0,,,,,
3139,2008,1,4,5,1935.0,1825,2114.0,2020,WN,381,N251WN,99.0,115.0,84.0,54.0,70.0,DEN,PHX,602,7.0,8.0,0,N,0,0.0,0.0,0.0,0.0,54.0
3141,2008,1,4,5,952.0,940,1139.0,1140,WN,1237,N746SW,107.0,120.0,91.0,-1.0,12.0,DEN,PHX,602,6.0,10.0,0,N,0,,,,,
3145,2008,1,4,5,2038.0,2005,2226.0,2205,WN,977,N363SW,168.0,180.0,154.0,21.0,33.0,DEN,SEA,1024,3.0,11.0,0,N,0,8.0,0.0,0.0,0.0,13.0
3147,2008,1,4,5,1629.0,1615,1828.0,1815,WN,2124,N312SW,179.0,180.0,159.0,13.0,14.0,DEN,SEA,1024,7.0,13.0,0,N,0,,,,,
3148,2008,1,4,5,1254.0,1225,1432.0,1350,WN,130,N320SW,98.0,85.0,81.0,42.0,29.0,DEN,SLC,391,4.0,13.0,0,N,0,20.0,0.0,13.0,0.0,9.0
3150,2008,1,4,5,1702.0,1625,1831.0,1750,WN,1852,N217JC,89.0,85.0,77.0,41.0,37.0,DEN,SLC,391,3.0,9.0,0,N,0,10.0,0.0,4.0,0.0,27.0
3151,2008,1,4,5,916.0,910,1049.0,1055,WN,2360,N494WN,93.0,105.0,74.0,-6.0,6.0,DEN,SLC,391,7.0,12.0,0,N,0,,,,,
